EQ_TYPE,SEGMENT,SIGNAL,NEXT_CHANGE,SPEED,PEDESTRIAN,LEAD_VEHICLE,RELEV_VEHICLE,ACTIONS,ON_EQ
BR|BR|BOUNDARY,prep-left-turn,G,<10-Y/R,LOW  SPEED,PEDESTRIAN,NO  LV,  RL  >  2,acts-1,0
BR|BR|BOUNDARY,prep-left-turn,G,<10-Y/R,LOW  SPEED,PEDESTRIAN,NO  LV,  RL  >  2,acts-1,0
BR|BR|BOUNDARY,prep-left-turn,G,<10-Y/R,LOW  SPEED,PEDESTRIAN,NO  LV,  RL  >  2,acts-1,0
BR|BR|BOUNDARY,prep-left-turn,G,<10-Y/R,LOW  SPEED,PEDESTRIAN,NO  LV,  RL  >  2,acts-1,0
BR|BR|BOUNDARY,prep-left-turn,G,<10-Y/R,LOW  SPEED,NO  PEDESTRIAN,NO  LV,RL  0,acts-2,0.07086000000000003
BR|BR|BOUNDARY,prep-left-turn,G,<10-Y/R,LOW  SPEED,NO  PEDESTRIAN,NO  LV,RL  0,acts-2,0.07006400000000002
BR|BR|BOUNDARY,prep-left-turn,G,<10-Y/R,LOW  SPEED,NO  PEDESTRIAN,NO  LV,RL  0,acts-2,0.075241
BR|BR|BOUNDARY,prep-left-turn,G,<10-Y/R,LOW  SPEED,NO  PEDESTRIAN,NO  LV,RL  0,acts-2,0.0008949999999999791
BR|BR|BOUNDARY,prep-left-turn,G,<10-Y/R,LOW  SPEED,NO  PEDESTRIAN,NO  LV,RL  0,acts-2,0.005280000000000062
BR|BR|BOUNDARY,prep-left-turn,G,<10-Y/R,LOW  SPEED,NO  PEDESTRIAN,NO  LV,RL  0,acts-2,0.005734000000000017
BR|BR|BOUNDARY,prep-left-turn,G,<10-Y/R,LOW  SPEED,NO  PEDESTRIAN,NO  LV,RL  0,acts-2,0
BR|BR|BOUNDARY,prep-left-turn,G,<10-Y/R,LOW  SPEED,NO  PEDESTRIAN,NO  LV,RL  0,acts-2,0.04015800000000003
BR|BR|BOUNDARY,prep-left-turn,G,<10-Y/R,LOW  SPEED,NO  PEDESTRIAN,NO  LV,  RL  >  2,acts-2,0
BR|BR|BOUNDARY,prep-left-turn,G,<10-Y/R,LOW  SPEED,NO  PEDESTRIAN,NO  LV,  RL  >  2,acts-2,0
BR|BR|BOUNDARY,prep-left-turn,G,<10-Y/R,LOW  SPEED,NO  PEDESTRIAN,NO  LV,  RL  >  2,acts-2,0
BR|BR|BOUNDARY,prep-left-turn,G,<10-Y/R,LOW  SPEED,NO  PEDESTRIAN,NO  LV,  RL  >  2,acts-2,0
BR|BR|BOUNDARY,prep-left-turn,G,<10-Y/R,LOW  SPEED,NO  PEDESTRIAN,NO  LV,  RL  >  2,acts-2,0
BR|BR|BOUNDARY,prep-left-turn,G,<10-Y/R,LOW  SPEED,NO  PEDESTRIAN,NO  LV,  RL  >  2,acts-2,0.2867200000000001
BR|BR|BOUNDARY,prep-left-turn,G,<10-Y/R,LOW  SPEED,NO  PEDESTRIAN,LV,  RL  >  2,acts-3,0
BR|BR|BOUNDARY,prep-left-turn,G,<10-Y/R,LOW  SPEED,NO  PEDESTRIAN,LV,  RL  >  2,acts-3,0
BR|BR|BOUNDARY,prep-left-turn,G,<10-Y/R,LOW  SPEED,NO  PEDESTRIAN,LV,  RL  >  2,acts-3,0
BR|BR|BOUNDARY,prep-left-turn,G,<10-Y/R,LOW  SPEED,NO  PEDESTRIAN,LV,  RL  >  2,acts-3,0
BR|BR|BOUNDARY,prep-left-turn,G,<10-Y/R,LOW  SPEED,NO  PEDESTRIAN,LV,  RL  >  2,acts-3,0
BR|BR|BOUNDARY,prep-left-turn,G,<10-Y/R,LOW  SPEED,NO  PEDESTRIAN,LV,  RL  >  2,acts-3,0
BR|BR|BOUNDARY,prep-left-turn,G,<10-Y/R,LOW  SPEED,NO  PEDESTRIAN,LV,  RL  >  2,acts-3,0
BR|BR|BOUNDARY,prep-left-turn,G,<10-Y/R,LOW  SPEED,NO  PEDESTRIAN,LV,  RL  >  2,acts-3,0
BR|BR|BOUNDARY,prep-left-turn,G,<10-G,LOW  SPEED,PEDESTRIAN,NO  LV,  RL  >  2,acts-1,0
BR|BR|BOUNDARY,prep-left-turn,G,<10-G,LOW  SPEED,PEDESTRIAN,NO  LV,  RL  >  2,acts-1,0
BR|BR|BOUNDARY,prep-left-turn,G,<10-G,LOW  SPEED,PEDESTRIAN,NO  LV,  RL  >  2,acts-1,0
BR|BR|BOUNDARY,prep-left-turn,G,<10-G,LOW  SPEED,PEDESTRIAN,NO  LV,  RL  >  2,acts-1,0
BR|BR|BOUNDARY,prep-left-turn,G,<10-G,LOW  SPEED,NO  PEDESTRIAN,NO  LV,RL  0,acts-2,0.07086000000000003
BR|BR|BOUNDARY,prep-left-turn,G,<10-G,LOW  SPEED,NO  PEDESTRIAN,NO  LV,RL  0,acts-2,0.07006400000000002
BR|BR|BOUNDARY,prep-left-turn,G,<10-G,LOW  SPEED,NO  PEDESTRIAN,NO  LV,RL  0,acts-2,0.075241
BR|BR|BOUNDARY,prep-left-turn,G,<10-G,LOW  SPEED,NO  PEDESTRIAN,NO  LV,RL  0,acts-2,0.0008949999999999791
BR|BR|BOUNDARY,prep-left-turn,G,<10-G,LOW  SPEED,NO  PEDESTRIAN,NO  LV,RL  0,acts-2,0.005280000000000062
BR|BR|BOUNDARY,prep-left-turn,G,<10-G,LOW  SPEED,NO  PEDESTRIAN,NO  LV,RL  0,acts-2,0.005734000000000017
BR|BR|BOUNDARY,prep-left-turn,G,<10-G,LOW  SPEED,NO  PEDESTRIAN,NO  LV,RL  0,acts-2,0
BR|BR|BOUNDARY,prep-left-turn,G,<10-G,LOW  SPEED,NO  PEDESTRIAN,NO  LV,RL  0,acts-2,0.04015800000000003
BR|BR|BOUNDARY,prep-left-turn,G,<10-G,LOW  SPEED,NO  PEDESTRIAN,NO  LV,  RL  >  2,acts-2,0
BR|BR|BOUNDARY,prep-left-turn,G,<10-G,LOW  SPEED,NO  PEDESTRIAN,NO  LV,  RL  >  2,acts-2,0
BR|BR|BOUNDARY,prep-left-turn,G,<10-G,LOW  SPEED,NO  PEDESTRIAN,NO  LV,  RL  >  2,acts-2,0
BR|BR|BOUNDARY,prep-left-turn,G,<10-G,LOW  SPEED,NO  PEDESTRIAN,NO  LV,  RL  >  2,acts-2,0
BR|BR|BOUNDARY,prep-left-turn,G,<10-G,LOW  SPEED,NO  PEDESTRIAN,NO  LV,  RL  >  2,acts-2,0
BR|BR|BOUNDARY,prep-left-turn,G,<10-G,LOW  SPEED,NO  PEDESTRIAN,NO  LV,  RL  >  2,acts-2,0.2867200000000001
BR|BR|BOUNDARY,prep-left-turn,G,<10-G,LOW  SPEED,NO  PEDESTRIAN,LV,  RL  >  2,acts-3,0
BR|BR|BOUNDARY,prep-left-turn,G,<10-G,LOW  SPEED,NO  PEDESTRIAN,LV,  RL  >  2,acts-3,0
BR|BR|BOUNDARY,prep-left-turn,G,<10-G,LOW  SPEED,NO  PEDESTRIAN,LV,  RL  >  2,acts-3,0
BR|BR|BOUNDARY,prep-left-turn,G,<10-G,LOW  SPEED,NO  PEDESTRIAN,LV,  RL  >  2,acts-3,0
BR|BR|BOUNDARY,prep-left-turn,G,<10-G,LOW  SPEED,NO  PEDESTRIAN,LV,  RL  >  2,acts-3,0
BR|BR|BOUNDARY,prep-left-turn,G,<10-G,LOW  SPEED,NO  PEDESTRIAN,LV,  RL  >  2,acts-3,0
BR|BR|BOUNDARY,prep-left-turn,G,<10-G,LOW  SPEED,NO  PEDESTRIAN,LV,  RL  >  2,acts-3,0
BR|BR|BOUNDARY,prep-left-turn,G,<10-G,LOW  SPEED,NO  PEDESTRIAN,LV,  RL  >  2,acts-3,0
BR|BR|BOUNDARY,prep-left-turn,G,>EQ  10-Y/R,LOW  SPEED,PEDESTRIAN,NO  LV,RL  0,acts-1,0
BR|BR|BOUNDARY,prep-left-turn,G,>EQ  10-Y/R,LOW  SPEED,PEDESTRIAN,NO  LV,RL  0,acts-1,0.009730000000000016
BR|BR|BOUNDARY,prep-left-turn,G,>EQ  10-Y/R,LOW  SPEED,PEDESTRIAN,NO  LV,RL  0,acts-1,0.00026799999999993496
BR|BR|BOUNDARY,prep-left-turn,G,>EQ  10-Y/R,LOW  SPEED,PEDESTRIAN,NO  LV,RL  0,acts-1,0.07253399999999999
BR|BR|BOUNDARY,prep-left-turn,G,>EQ  10-Y/R,LOW  SPEED,PEDESTRIAN,NO  LV,RL  0,acts-1,0.07253399999999999
BR|BR|BOUNDARY,prep-left-turn,G,>EQ  10-Y/R,LOW  SPEED,PEDESTRIAN,NO  LV,RL  0,acts-1,0.011275000000000035
BR|BR|BOUNDARY,prep-left-turn,G,>EQ  10-Y/R,LOW  SPEED,PEDESTRIAN,NO  LV,RL  0,acts-1,0.0032440000000000246
BR|BR|BOUNDARY,prep-left-turn,G,>EQ  10-Y/R,LOW  SPEED,PEDESTRIAN,NO  LV,RL  0,acts-1,0
BR|BR|BOUNDARY,prep-left-turn,G,>EQ  10-Y/R,LOW  SPEED,PEDESTRIAN,NO  LV,RL  0,acts-1,0
BR|BR|BOUNDARY,prep-left-turn,G,>EQ  10-Y/R,LOW  SPEED,PEDESTRIAN,NO  LV,RL  0,acts-1,0
BR|BR|BOUNDARY,prep-left-turn,G,>EQ  10-Y/R,LOW  SPEED,PEDESTRIAN,NO  LV,RL  0,acts-1,0
BR|BR|BOUNDARY,prep-left-turn,G,>EQ  10-Y/R,LOW  SPEED,PEDESTRIAN,NO  LV,  RL  <EQ  2,acts-1,0.03071299999999999
BR|BR|BOUNDARY,prep-left-turn,G,>EQ  10-Y/R,LOW  SPEED,PEDESTRIAN,NO  LV,  RL  <EQ  2,acts-1,0.03071299999999999
BR|BR|BOUNDARY,prep-left-turn,G,>EQ  10-Y/R,LOW  SPEED,PEDESTRIAN,NO  LV,  RL  <EQ  2,acts-1,0.02830699999999997
BR|BR|BOUNDARY,prep-left-turn,G,>EQ  10-Y/R,LOW  SPEED,PEDESTRIAN,NO  LV,  RL  <EQ  2,acts-1,0.02830699999999997
BR|BR|BOUNDARY,prep-left-turn,G,>EQ  10-Y/R,LOW  SPEED,PEDESTRIAN,NO  LV,  RL  >  2,acts-1,0.08055999999999996
BR|BR|BOUNDARY,prep-left-turn,G,>EQ  10-Y/R,LOW  SPEED,PEDESTRIAN,NO  LV,  RL  >  2,acts-1,0
BR|BR|BOUNDARY,prep-left-turn,G,>EQ  10-Y/R,LOW  SPEED,PEDESTRIAN,NO  LV,  RL  >  2,acts-1,0
BR|BR|BOUNDARY,prep-left-turn,G,>EQ  10-Y/R,LOW  SPEED,PEDESTRIAN,NO  LV,  RL  >  2,acts-1,0
BR|BR|BOUNDARY,prep-left-turn,G,>EQ  10-Y/R,LOW  SPEED,PEDESTRIAN,NO  LV,  RL  >  2,acts-1,0
BR|BR|BOUNDARY,prep-left-turn,G,>EQ  10-Y/R,LOW  SPEED,PEDESTRIAN,NO  LV,  RL  >  2,acts-1,0
BR|BR|BOUNDARY,prep-left-turn,G,>EQ  10-Y/R,LOW  SPEED,PEDESTRIAN,NO  LV,  RL  >  2,acts-1,0
BR|BR|BOUNDARY,prep-left-turn,G,>EQ  10-Y/R,LOW  SPEED,PEDESTRIAN,NO  LV,  RL  >  2,acts-1,0
BR|BR|BOUNDARY,prep-left-turn,G,>EQ  10-Y/R,LOW  SPEED,PEDESTRIAN,NO  LV,  RL  >  2,acts-1,0
BR|BR|BOUNDARY,prep-left-turn,G,>EQ  10-Y/R,LOW  SPEED,PEDESTRIAN,NO  LV,  RL  >  2,acts-1,0
BR|BR|BOUNDARY,prep-left-turn,G,>EQ  10-Y/R,LOW  SPEED,PEDESTRIAN,NO  LV,  RL  >  2,acts-1,0
BR|BR|BOUNDARY,prep-left-turn,G,>EQ  10-Y/R,LOW  SPEED,PEDESTRIAN,NO  LV,  RL  >  2,acts-1,0
BR|BR|BOUNDARY,prep-left-turn,G,>EQ  10-Y/R,LOW  SPEED,PEDESTRIAN,NO  LV,  RL  >  2,acts-1,0
BR|BR|BOUNDARY,prep-left-turn,G,>EQ  10-Y/R,LOW  SPEED,PEDESTRIAN,NO  LV,  RL  >  2,acts-1,0
BR|BR|BOUNDARY,prep-left-turn,G,>EQ  10-Y/R,LOW  SPEED,PEDESTRIAN,NO  LV,  RL  >  2,acts-1,0
BR|BR|BOUNDARY,prep-left-turn,G,>EQ  10-Y/R,LOW  SPEED,PEDESTRIAN,NO  LV,  RL  >  2,acts-1,0
BR|BR|BOUNDARY,prep-left-turn,G,>EQ  10-Y/R,LOW  SPEED,PEDESTRIAN,NO  LV,  RL  >  2,acts-1,0
BR|BR|BOUNDARY,prep-left-turn,G,>EQ  10-Y/R,LOW  SPEED,PEDESTRIAN,NO  LV,  RL  >  2,acts-1,0
BR|BR|BOUNDARY,prep-left-turn,G,>EQ  10-Y/R,LOW  SPEED,PEDESTRIAN,NO  LV,  RL  >  2,acts-1,0
BR|BR|BOUNDARY,prep-left-turn,G,>EQ  10-Y/R,LOW  SPEED,PEDESTRIAN,NO  LV,  RL  >  2,acts-1,0.07109500000000002
BR|BR|BOUNDARY,prep-left-turn,G,>EQ  10-Y/R,LOW  SPEED,PEDESTRIAN,NO  LV,  RL  >  2,acts-1,0.07109500000000002
BR|BR|BOUNDARY,prep-left-turn,G,>EQ  10-Y/R,LOW  SPEED,PEDESTRIAN,NO  LV,  RL  >  2,acts-1,0
BR|BR|BOUNDARY,prep-left-turn,G,>EQ  10-Y/R,LOW  SPEED,PEDESTRIAN,NO  LV,  RL  >  2,acts-1,0
BR|BR|BOUNDARY,prep-left-turn,G,>EQ  10-Y/R,LOW  SPEED,PEDESTRIAN,NO  LV,  RL  >  2,acts-1,0
BR|BR|BOUNDARY,prep-left-turn,G,>EQ  10-Y/R,LOW  SPEED,PEDESTRIAN,NO  LV,  RL  >  2,acts-1,0
BR|BR|BOUNDARY,prep-left-turn,G,>EQ  10-Y/R,LOW  SPEED,PEDESTRIAN,NO  LV,  RL  >  2,acts-1,0
BR|BR|BOUNDARY,prep-left-turn,G,>EQ  10-Y/R,LOW  SPEED,PEDESTRIAN,NO  LV,  RL  >  2,acts-1,0.003391000000000033
BR|BR|BOUNDARY,prep-left-turn,G,>EQ  10-Y/R,LOW  SPEED,PEDESTRIAN,NO  LV,  RL  >  2,acts-1,0
BR|BR|BOUNDARY,prep-left-turn,G,>EQ  10-Y/R,LOW  SPEED,PEDESTRIAN,NO  LV,  RL  >  2,acts-1,0
BR|BR|BOUNDARY,prep-left-turn,G,>EQ  10-Y/R,LOW  SPEED,PEDESTRIAN,NO  LV,  RL  >  2,acts-1,0
BR|BR|BOUNDARY,prep-left-turn,G,>EQ  10-Y/R,LOW  SPEED,PEDESTRIAN,NO  LV,  RL  >  2,acts-1,0
BR|BR|BOUNDARY,prep-left-turn,G,>EQ  10-Y/R,LOW  SPEED,PEDESTRIAN,NO  LV,  RL  >  2,acts-1,0
BR|BR|BOUNDARY,prep-left-turn,G,>EQ  10-Y/R,LOW  SPEED,PEDESTRIAN,NO  LV,  RL  >  2,acts-1,0
BR|BR|BOUNDARY,prep-left-turn,G,>EQ  10-Y/R,LOW  SPEED,PEDESTRIAN,NO  LV,  RL  >  2,acts-1,0.040529999999999955
BR|BR|BOUNDARY,prep-left-turn,G,>EQ  10-Y/R,LOW  SPEED,PEDESTRIAN,NO  LV,  RL  >  2,acts-1,0.040529999999999955
BR|BR|BOUNDARY,prep-left-turn,G,>EQ  10-Y/R,LOW  SPEED,PEDESTRIAN,NO  LV,  RL  >  2,acts-1,0.011135000000000006
BR|BR|BOUNDARY,prep-left-turn,G,>EQ  10-Y/R,LOW  SPEED,PEDESTRIAN,NO  LV,  RL  >  2,acts-1,0
BR|BR|BOUNDARY,prep-left-turn,G,>EQ  10-Y/R,LOW  SPEED,PEDESTRIAN,NO  LV,  RL  >  2,acts-1,0
BR|BR|BOUNDARY,prep-left-turn,G,>EQ  10-Y/R,LOW  SPEED,PEDESTRIAN,NO  LV,  RL  >  2,acts-1,0
BR|BR|BOUNDARY,prep-left-turn,G,>EQ  10-Y/R,LOW  SPEED,PEDESTRIAN,NO  LV,  RL  >  2,acts-1,0.029133999999999993
BR|BR|BOUNDARY,prep-left-turn,G,>EQ  10-Y/R,LOW  SPEED,PEDESTRIAN,NO  LV,  RL  >  2,acts-1,0.029133999999999993
BR|BR|BOUNDARY,prep-left-turn,G,>EQ  10-Y/R,LOW  SPEED,PEDESTRIAN,NO  LV,  RL  >  2,acts-1,0.030703999999999954
BR|BR|BOUNDARY,prep-left-turn,G,>EQ  10-Y/R,LOW  SPEED,PEDESTRIAN,NO  LV,  RL  >  2,acts-1,0.030703999999999954
BR|BR|BOUNDARY,prep-left-turn,G,>EQ  10-Y/R,LOW  SPEED,PEDESTRIAN,NO  LV,  RL  >  2,acts-1,0
BR|BR|BOUNDARY,prep-left-turn,G,>EQ  10-Y/R,LOW  SPEED,PEDESTRIAN,NO  LV,  RL  >  2,acts-1,0
BR|BR|BOUNDARY,prep-left-turn,G,>EQ  10-Y/R,LOW  SPEED,PEDESTRIAN,NO  LV,  RL  >  2,acts-1,0
BR|BR|BOUNDARY,prep-left-turn,G,>EQ  10-Y/R,LOW  SPEED,PEDESTRIAN,NO  LV,  RL  >  2,acts-1,0
BR|BR|BOUNDARY,prep-left-turn,G,>EQ  10-Y/R,LOW  SPEED,PEDESTRIAN,NO  LV,  RL  >  2,acts-1,0.02876500000000004
BR|BR|BOUNDARY,prep-left-turn,G,>EQ  10-Y/R,LOW  SPEED,PEDESTRIAN,NO  LV,  RL  >  2,acts-1,0
BR|BR|BOUNDARY,prep-left-turn,G,>EQ  10-Y/R,LOW  SPEED,PEDESTRIAN,LV,  RL  >  2,acts-4,0
BR|BR|BOUNDARY,prep-left-turn,G,>EQ  10-Y/R,LOW  SPEED,PEDESTRIAN,LV,  RL  >  2,acts-4,0
BR|BR|BOUNDARY,prep-left-turn,G,>EQ  10-Y/R,LOW  SPEED,PEDESTRIAN,LV,  RL  >  2,acts-4,0
BR|BR|BOUNDARY,prep-left-turn,G,>EQ  10-Y/R,LOW  SPEED,PEDESTRIAN,LV,  RL  >  2,acts-4,0
BR|BR|BOUNDARY,prep-left-turn,G,>EQ  10-Y/R,LOW  SPEED,PEDESTRIAN,LV,  RL  >  2,acts-4,0
BR|BR|BOUNDARY,prep-left-turn,G,>EQ  10-Y/R,LOW  SPEED,PEDESTRIAN,LV,  RL  >  2,acts-4,0
BR|BR|BOUNDARY,prep-left-turn,G,>EQ  10-Y/R,LOW  SPEED,PEDESTRIAN,LV,  RL  >  2,acts-4,0.0010900000000000354
BR|BR|BOUNDARY,prep-left-turn,G,>EQ  10-Y/R,LOW  SPEED,PEDESTRIAN,LV,  RL  >  2,acts-4,0.0010900000000000354
BR|BR|BOUNDARY,prep-left-turn,G,>EQ  10-Y/R,LOW  SPEED,PEDESTRIAN,LV,  RL  >  2,acts-4,0
BR|BR|BOUNDARY,prep-left-turn,G,>EQ  10-Y/R,LOW  SPEED,PEDESTRIAN,LV,  RL  >  2,acts-4,0
BR|BR|BOUNDARY,prep-left-turn,G,>EQ  10-Y/R,LOW  SPEED,PEDESTRIAN,LV,  RL  >  2,acts-4,0.0008369999999999767
BR|BR|BOUNDARY,prep-left-turn,G,>EQ  10-Y/R,LOW  SPEED,PEDESTRIAN,LV,  RL  >  2,acts-4,0.0008369999999999767
BR|BR|BOUNDARY,prep-left-turn,G,>EQ  10-Y/R,LOW  SPEED,PEDESTRIAN,LV,  RL  >  2,acts-4,0
BR|BR|BOUNDARY,prep-left-turn,G,>EQ  10-Y/R,LOW  SPEED,PEDESTRIAN,LV,  RL  >  2,acts-4,0
BR|BR|BOUNDARY,prep-left-turn,G,>EQ  10-Y/R,LOW  SPEED,PEDESTRIAN,LV,  RL  >  2,acts-4,0
BR|BR|BOUNDARY,prep-left-turn,G,>EQ  10-Y/R,LOW  SPEED,PEDESTRIAN,LV,  RL  >  2,acts-4,0
BR|BR|BOUNDARY,prep-left-turn,G,>EQ  10-Y/R,LOW  SPEED,PEDESTRIAN,LV,  RL  >  2,acts-4,0
BR|BR|BOUNDARY,prep-left-turn,G,>EQ  10-Y/R,LOW  SPEED,PEDESTRIAN,LV,  RL  >  2,acts-4,0
BR|BR|BOUNDARY,prep-left-turn,G,>EQ  10-Y/R,LOW  SPEED,PEDESTRIAN,LV,  RL  >  2,acts-4,0.00024999999999997247
BR|BR|BOUNDARY,prep-left-turn,G,>EQ  10-Y/R,LOW  SPEED,PEDESTRIAN,LV,  RL  >  2,acts-4,0.0
BR|BR|BOUNDARY,prep-left-turn,G,>EQ  10-Y/R,LOW  SPEED,NO  PEDESTRIAN,NO  LV,RL  0,acts-2,0.07650799999999991
BR|BR|BOUNDARY,prep-left-turn,G,>EQ  10-Y/R,LOW  SPEED,NO  PEDESTRIAN,NO  LV,RL  0,acts-2,0.0067190000000000305
BR|BR|BOUNDARY,prep-left-turn,G,>EQ  10-Y/R,LOW  SPEED,NO  PEDESTRIAN,NO  LV,RL  0,acts-2,0.004290999999999934
BR|BR|BOUNDARY,prep-left-turn,G,>EQ  10-Y/R,LOW  SPEED,NO  PEDESTRIAN,NO  LV,RL  0,acts-2,0.08142399999999994
BR|BR|BOUNDARY,prep-left-turn,G,>EQ  10-Y/R,LOW  SPEED,NO  PEDESTRIAN,NO  LV,RL  0,acts-2,0.08693499999999998
BR|BR|BOUNDARY,prep-left-turn,G,>EQ  10-Y/R,LOW  SPEED,NO  PEDESTRIAN,NO  LV,RL  0,acts-2,0.006508999999999987
BR|BR|BOUNDARY,prep-left-turn,G,>EQ  10-Y/R,LOW  SPEED,NO  PEDESTRIAN,NO  LV,RL  0,acts-2,0
BR|BR|BOUNDARY,prep-left-turn,G,>EQ  10-Y/R,LOW  SPEED,NO  PEDESTRIAN,NO  LV,RL  0,acts-2,0
BR|BR|BOUNDARY,prep-left-turn,G,>EQ  10-Y/R,LOW  SPEED,NO  PEDESTRIAN,NO  LV,RL  0,acts-2,0.07549300000000003
BR|BR|BOUNDARY,prep-left-turn,G,>EQ  10-Y/R,LOW  SPEED,NO  PEDESTRIAN,NO  LV,RL  0,acts-2,0.07548200000000005
BR|BR|BOUNDARY,prep-left-turn,G,>EQ  10-Y/R,LOW  SPEED,NO  PEDESTRIAN,NO  LV,RL  0,acts-2,0.006377999999999995
BR|BR|BOUNDARY,prep-left-turn,G,>EQ  10-Y/R,LOW  SPEED,NO  PEDESTRIAN,NO  LV,RL  0,acts-2,0.07513499999999995
BR|BR|BOUNDARY,prep-left-turn,G,>EQ  10-Y/R,LOW  SPEED,NO  PEDESTRIAN,NO  LV,RL  0,acts-2,0
BR|BR|BOUNDARY,prep-left-turn,G,>EQ  10-Y/R,LOW  SPEED,NO  PEDESTRIAN,NO  LV,RL  0,acts-2,0.07925499999999996
BR|BR|BOUNDARY,prep-left-turn,G,>EQ  10-Y/R,LOW  SPEED,NO  PEDESTRIAN,NO  LV,RL  0,acts-2,0.07716199999999995
BR|BR|BOUNDARY,prep-left-turn,G,>EQ  10-Y/R,LOW  SPEED,NO  PEDESTRIAN,NO  LV,RL  0,acts-2,0.07405800000000007
BR|BR|BOUNDARY,prep-left-turn,G,>EQ  10-Y/R,LOW  SPEED,NO  PEDESTRIAN,NO  LV,RL  0,acts-2,0.07400799999999996
BR|BR|BOUNDARY,prep-left-turn,G,>EQ  10-Y/R,LOW  SPEED,NO  PEDESTRIAN,NO  LV,RL  0,acts-2,0.07261799999999996
BR|BR|BOUNDARY,prep-left-turn,G,>EQ  10-Y/R,LOW  SPEED,NO  PEDESTRIAN,NO  LV,RL  0,acts-2,0.07119399999999998
BR|BR|BOUNDARY,prep-left-turn,G,>EQ  10-Y/R,LOW  SPEED,NO  PEDESTRIAN,NO  LV,RL  0,acts-2,0
BR|BR|BOUNDARY,prep-left-turn,G,>EQ  10-Y/R,LOW  SPEED,NO  PEDESTRIAN,NO  LV,RL  0,acts-2,0.0015700000000000713
BR|BR|BOUNDARY,prep-left-turn,G,>EQ  10-Y/R,LOW  SPEED,NO  PEDESTRIAN,NO  LV,RL  0,acts-2,0.026513999999999927
BR|BR|BOUNDARY,prep-left-turn,G,>EQ  10-Y/R,LOW  SPEED,NO  PEDESTRIAN,NO  LV,  RL  <EQ  2,acts-2,0
BR|BR|BOUNDARY,prep-left-turn,G,>EQ  10-Y/R,LOW  SPEED,NO  PEDESTRIAN,NO  LV,  RL  >  2,acts-2,0
BR|BR|BOUNDARY,prep-left-turn,G,>EQ  10-Y/R,LOW  SPEED,NO  PEDESTRIAN,LV,  RL  >  2,acts-3,0
BR|BR|BOUNDARY,prep-left-turn,G,>EQ  10-Y/R,LOW  SPEED,NO  PEDESTRIAN,LV,  RL  >  2,acts-3,0
BR|BR|BOUNDARY,prep-left-turn,G,>EQ  10-Y/R,LOW  SPEED,NO  PEDESTRIAN,LV,  RL  >  2,acts-3,0
BR|BR|BOUNDARY,prep-left-turn,G,>EQ  10-Y/R,LOW  SPEED,NO  PEDESTRIAN,LV,  RL  >  2,acts-3,0
BR|BR|BOUNDARY,prep-left-turn,G,>EQ  10-Y/R,LOW  SPEED,NO  PEDESTRIAN,LV,  RL  >  2,acts-3,0
BR|BR|BOUNDARY,prep-left-turn,G,>EQ  10-Y/R,LOW  SPEED,NO  PEDESTRIAN,LV,  RL  >  2,acts-3,0
BR|BR|BOUNDARY,prep-left-turn,G,>EQ  10-Y/R,LOW  SPEED,NO  PEDESTRIAN,LV,  RL  >  2,acts-3,0
BR|BR|BOUNDARY,prep-left-turn,G,>EQ  10-Y/R,MEDIUM  SPEED,PEDESTRIAN,LV,  RL  >  2,acts-4,0
BR|BR|BOUNDARY,prep-left-turn,G,>EQ  10-Y/R,MEDIUM  SPEED,PEDESTRIAN,LV,  RL  >  2,acts-4,0
BR|BR|BOUNDARY,prep-left-turn,G,>EQ  10-Y/R,MEDIUM  SPEED,NO  PEDESTRIAN,NO  LV,RL  0,acts-2,0.09575099999999992
BR|BR|BOUNDARY,prep-left-turn,G,>EQ  10-Y/R,MEDIUM  SPEED,NO  PEDESTRIAN,LV,  RL  >  2,acts-3,0
BR|BR|BOUNDARY,prep-left-turn,G,>EQ  10-G,LOW  SPEED,PEDESTRIAN,NO  LV,RL  0,acts-1,0
BR|BR|BOUNDARY,prep-left-turn,G,>EQ  10-G,LOW  SPEED,PEDESTRIAN,NO  LV,RL  0,acts-1,0.009730000000000016
BR|BR|BOUNDARY,prep-left-turn,G,>EQ  10-G,LOW  SPEED,PEDESTRIAN,NO  LV,RL  0,acts-1,0.00026799999999993496
BR|BR|BOUNDARY,prep-left-turn,G,>EQ  10-G,LOW  SPEED,PEDESTRIAN,NO  LV,RL  0,acts-1,0.07253399999999999
BR|BR|BOUNDARY,prep-left-turn,G,>EQ  10-G,LOW  SPEED,PEDESTRIAN,NO  LV,RL  0,acts-1,0.07253399999999999
BR|BR|BOUNDARY,prep-left-turn,G,>EQ  10-G,LOW  SPEED,PEDESTRIAN,NO  LV,RL  0,acts-1,0.011275000000000035
BR|BR|BOUNDARY,prep-left-turn,G,>EQ  10-G,LOW  SPEED,PEDESTRIAN,NO  LV,RL  0,acts-1,0.0032440000000000246
BR|BR|BOUNDARY,prep-left-turn,G,>EQ  10-G,LOW  SPEED,PEDESTRIAN,NO  LV,RL  0,acts-1,0
BR|BR|BOUNDARY,prep-left-turn,G,>EQ  10-G,LOW  SPEED,PEDESTRIAN,NO  LV,RL  0,acts-1,0
BR|BR|BOUNDARY,prep-left-turn,G,>EQ  10-G,LOW  SPEED,PEDESTRIAN,NO  LV,RL  0,acts-1,0
BR|BR|BOUNDARY,prep-left-turn,G,>EQ  10-G,LOW  SPEED,PEDESTRIAN,NO  LV,RL  0,acts-1,0
BR|BR|BOUNDARY,prep-left-turn,G,>EQ  10-G,LOW  SPEED,PEDESTRIAN,NO  LV,  RL  <EQ  2,acts-1,0.03071299999999999
BR|BR|BOUNDARY,prep-left-turn,G,>EQ  10-G,LOW  SPEED,PEDESTRIAN,NO  LV,  RL  <EQ  2,acts-1,0.03071299999999999
BR|BR|BOUNDARY,prep-left-turn,G,>EQ  10-G,LOW  SPEED,PEDESTRIAN,NO  LV,  RL  <EQ  2,acts-1,0.02830699999999997
BR|BR|BOUNDARY,prep-left-turn,G,>EQ  10-G,LOW  SPEED,PEDESTRIAN,NO  LV,  RL  <EQ  2,acts-1,0.02830699999999997
BR|BR|BOUNDARY,prep-left-turn,G,>EQ  10-G,LOW  SPEED,PEDESTRIAN,NO  LV,  RL  >  2,acts-1,0.08055999999999996
BR|BR|BOUNDARY,prep-left-turn,G,>EQ  10-G,LOW  SPEED,PEDESTRIAN,NO  LV,  RL  >  2,acts-1,0
BR|BR|BOUNDARY,prep-left-turn,G,>EQ  10-G,LOW  SPEED,PEDESTRIAN,NO  LV,  RL  >  2,acts-1,0
BR|BR|BOUNDARY,prep-left-turn,G,>EQ  10-G,LOW  SPEED,PEDESTRIAN,NO  LV,  RL  >  2,acts-1,0
BR|BR|BOUNDARY,prep-left-turn,G,>EQ  10-G,LOW  SPEED,PEDESTRIAN,NO  LV,  RL  >  2,acts-1,0
BR|BR|BOUNDARY,prep-left-turn,G,>EQ  10-G,LOW  SPEED,PEDESTRIAN,NO  LV,  RL  >  2,acts-1,0
BR|BR|BOUNDARY,prep-left-turn,G,>EQ  10-G,LOW  SPEED,PEDESTRIAN,NO  LV,  RL  >  2,acts-1,0
BR|BR|BOUNDARY,prep-left-turn,G,>EQ  10-G,LOW  SPEED,PEDESTRIAN,NO  LV,  RL  >  2,acts-1,0
BR|BR|BOUNDARY,prep-left-turn,G,>EQ  10-G,LOW  SPEED,PEDESTRIAN,NO  LV,  RL  >  2,acts-1,0
BR|BR|BOUNDARY,prep-left-turn,G,>EQ  10-G,LOW  SPEED,PEDESTRIAN,NO  LV,  RL  >  2,acts-1,0
BR|BR|BOUNDARY,prep-left-turn,G,>EQ  10-G,LOW  SPEED,PEDESTRIAN,NO  LV,  RL  >  2,acts-1,0
BR|BR|BOUNDARY,prep-left-turn,G,>EQ  10-G,LOW  SPEED,PEDESTRIAN,NO  LV,  RL  >  2,acts-1,0
BR|BR|BOUNDARY,prep-left-turn,G,>EQ  10-G,LOW  SPEED,PEDESTRIAN,NO  LV,  RL  >  2,acts-1,0
BR|BR|BOUNDARY,prep-left-turn,G,>EQ  10-G,LOW  SPEED,PEDESTRIAN,NO  LV,  RL  >  2,acts-1,0
BR|BR|BOUNDARY,prep-left-turn,G,>EQ  10-G,LOW  SPEED,PEDESTRIAN,NO  LV,  RL  >  2,acts-1,0
BR|BR|BOUNDARY,prep-left-turn,G,>EQ  10-G,LOW  SPEED,PEDESTRIAN,NO  LV,  RL  >  2,acts-1,0
BR|BR|BOUNDARY,prep-left-turn,G,>EQ  10-G,LOW  SPEED,PEDESTRIAN,NO  LV,  RL  >  2,acts-1,0
BR|BR|BOUNDARY,prep-left-turn,G,>EQ  10-G,LOW  SPEED,PEDESTRIAN,NO  LV,  RL  >  2,acts-1,0
BR|BR|BOUNDARY,prep-left-turn,G,>EQ  10-G,LOW  SPEED,PEDESTRIAN,NO  LV,  RL  >  2,acts-1,0
BR|BR|BOUNDARY,prep-left-turn,G,>EQ  10-G,LOW  SPEED,PEDESTRIAN,NO  LV,  RL  >  2,acts-1,0.07109500000000002
BR|BR|BOUNDARY,prep-left-turn,G,>EQ  10-G,LOW  SPEED,PEDESTRIAN,NO  LV,  RL  >  2,acts-1,0.07109500000000002
BR|BR|BOUNDARY,prep-left-turn,G,>EQ  10-G,LOW  SPEED,PEDESTRIAN,NO  LV,  RL  >  2,acts-1,0
BR|BR|BOUNDARY,prep-left-turn,G,>EQ  10-G,LOW  SPEED,PEDESTRIAN,NO  LV,  RL  >  2,acts-1,0
BR|BR|BOUNDARY,prep-left-turn,G,>EQ  10-G,LOW  SPEED,PEDESTRIAN,NO  LV,  RL  >  2,acts-1,0
BR|BR|BOUNDARY,prep-left-turn,G,>EQ  10-G,LOW  SPEED,PEDESTRIAN,NO  LV,  RL  >  2,acts-1,0
BR|BR|BOUNDARY,prep-left-turn,G,>EQ  10-G,LOW  SPEED,PEDESTRIAN,NO  LV,  RL  >  2,acts-1,0
BR|BR|BOUNDARY,prep-left-turn,G,>EQ  10-G,LOW  SPEED,PEDESTRIAN,NO  LV,  RL  >  2,acts-1,0.003391000000000033
BR|BR|BOUNDARY,prep-left-turn,G,>EQ  10-G,LOW  SPEED,PEDESTRIAN,NO  LV,  RL  >  2,acts-1,0
BR|BR|BOUNDARY,prep-left-turn,G,>EQ  10-G,LOW  SPEED,PEDESTRIAN,NO  LV,  RL  >  2,acts-1,0
BR|BR|BOUNDARY,prep-left-turn,G,>EQ  10-G,LOW  SPEED,PEDESTRIAN,NO  LV,  RL  >  2,acts-1,0
BR|BR|BOUNDARY,prep-left-turn,G,>EQ  10-G,LOW  SPEED,PEDESTRIAN,NO  LV,  RL  >  2,acts-1,0
BR|BR|BOUNDARY,prep-left-turn,G,>EQ  10-G,LOW  SPEED,PEDESTRIAN,NO  LV,  RL  >  2,acts-1,0
BR|BR|BOUNDARY,prep-left-turn,G,>EQ  10-G,LOW  SPEED,PEDESTRIAN,NO  LV,  RL  >  2,acts-1,0
BR|BR|BOUNDARY,prep-left-turn,G,>EQ  10-G,LOW  SPEED,PEDESTRIAN,NO  LV,  RL  >  2,acts-1,0.040529999999999955
BR|BR|BOUNDARY,prep-left-turn,G,>EQ  10-G,LOW  SPEED,PEDESTRIAN,NO  LV,  RL  >  2,acts-1,0.040529999999999955
BR|BR|BOUNDARY,prep-left-turn,G,>EQ  10-G,LOW  SPEED,PEDESTRIAN,NO  LV,  RL  >  2,acts-1,0.011135000000000006
BR|BR|BOUNDARY,prep-left-turn,G,>EQ  10-G,LOW  SPEED,PEDESTRIAN,NO  LV,  RL  >  2,acts-1,0
BR|BR|BOUNDARY,prep-left-turn,G,>EQ  10-G,LOW  SPEED,PEDESTRIAN,NO  LV,  RL  >  2,acts-1,0
BR|BR|BOUNDARY,prep-left-turn,G,>EQ  10-G,LOW  SPEED,PEDESTRIAN,NO  LV,  RL  >  2,acts-1,0
BR|BR|BOUNDARY,prep-left-turn,G,>EQ  10-G,LOW  SPEED,PEDESTRIAN,NO  LV,  RL  >  2,acts-1,0.029133999999999993
BR|BR|BOUNDARY,prep-left-turn,G,>EQ  10-G,LOW  SPEED,PEDESTRIAN,NO  LV,  RL  >  2,acts-1,0.029133999999999993
BR|BR|BOUNDARY,prep-left-turn,G,>EQ  10-G,LOW  SPEED,PEDESTRIAN,NO  LV,  RL  >  2,acts-1,0.030703999999999954
BR|BR|BOUNDARY,prep-left-turn,G,>EQ  10-G,LOW  SPEED,PEDESTRIAN,NO  LV,  RL  >  2,acts-1,0.030703999999999954
BR|BR|BOUNDARY,prep-left-turn,G,>EQ  10-G,LOW  SPEED,PEDESTRIAN,NO  LV,  RL  >  2,acts-1,0
BR|BR|BOUNDARY,prep-left-turn,G,>EQ  10-G,LOW  SPEED,PEDESTRIAN,NO  LV,  RL  >  2,acts-1,0
BR|BR|BOUNDARY,prep-left-turn,G,>EQ  10-G,LOW  SPEED,PEDESTRIAN,NO  LV,  RL  >  2,acts-1,0
BR|BR|BOUNDARY,prep-left-turn,G,>EQ  10-G,LOW  SPEED,PEDESTRIAN,NO  LV,  RL  >  2,acts-1,0
BR|BR|BOUNDARY,prep-left-turn,G,>EQ  10-G,LOW  SPEED,PEDESTRIAN,NO  LV,  RL  >  2,acts-1,0.02876500000000004
BR|BR|BOUNDARY,prep-left-turn,G,>EQ  10-G,LOW  SPEED,PEDESTRIAN,NO  LV,  RL  >  2,acts-1,0
BR|BR|BOUNDARY,prep-left-turn,G,>EQ  10-G,LOW  SPEED,PEDESTRIAN,LV,  RL  >  2,acts-4,0
BR|BR|BOUNDARY,prep-left-turn,G,>EQ  10-G,LOW  SPEED,PEDESTRIAN,LV,  RL  >  2,acts-4,0
BR|BR|BOUNDARY,prep-left-turn,G,>EQ  10-G,LOW  SPEED,PEDESTRIAN,LV,  RL  >  2,acts-4,0
BR|BR|BOUNDARY,prep-left-turn,G,>EQ  10-G,LOW  SPEED,PEDESTRIAN,LV,  RL  >  2,acts-4,0
BR|BR|BOUNDARY,prep-left-turn,G,>EQ  10-G,LOW  SPEED,PEDESTRIAN,LV,  RL  >  2,acts-4,0
BR|BR|BOUNDARY,prep-left-turn,G,>EQ  10-G,LOW  SPEED,PEDESTRIAN,LV,  RL  >  2,acts-4,0
BR|BR|BOUNDARY,prep-left-turn,G,>EQ  10-G,LOW  SPEED,PEDESTRIAN,LV,  RL  >  2,acts-4,0.0010900000000000354
BR|BR|BOUNDARY,prep-left-turn,G,>EQ  10-G,LOW  SPEED,PEDESTRIAN,LV,  RL  >  2,acts-4,0.0010900000000000354
BR|BR|BOUNDARY,prep-left-turn,G,>EQ  10-G,LOW  SPEED,PEDESTRIAN,LV,  RL  >  2,acts-4,0
BR|BR|BOUNDARY,prep-left-turn,G,>EQ  10-G,LOW  SPEED,PEDESTRIAN,LV,  RL  >  2,acts-4,0
BR|BR|BOUNDARY,prep-left-turn,G,>EQ  10-G,LOW  SPEED,PEDESTRIAN,LV,  RL  >  2,acts-4,0.0008369999999999767
BR|BR|BOUNDARY,prep-left-turn,G,>EQ  10-G,LOW  SPEED,PEDESTRIAN,LV,  RL  >  2,acts-4,0.0008369999999999767
BR|BR|BOUNDARY,prep-left-turn,G,>EQ  10-G,LOW  SPEED,PEDESTRIAN,LV,  RL  >  2,acts-4,0
BR|BR|BOUNDARY,prep-left-turn,G,>EQ  10-G,LOW  SPEED,PEDESTRIAN,LV,  RL  >  2,acts-4,0
BR|BR|BOUNDARY,prep-left-turn,G,>EQ  10-G,LOW  SPEED,PEDESTRIAN,LV,  RL  >  2,acts-4,0
BR|BR|BOUNDARY,prep-left-turn,G,>EQ  10-G,LOW  SPEED,PEDESTRIAN,LV,  RL  >  2,acts-4,0
BR|BR|BOUNDARY,prep-left-turn,G,>EQ  10-G,LOW  SPEED,PEDESTRIAN,LV,  RL  >  2,acts-4,0
BR|BR|BOUNDARY,prep-left-turn,G,>EQ  10-G,LOW  SPEED,PEDESTRIAN,LV,  RL  >  2,acts-4,0
BR|BR|BOUNDARY,prep-left-turn,G,>EQ  10-G,LOW  SPEED,PEDESTRIAN,LV,  RL  >  2,acts-4,0.00024999999999997247
BR|BR|BOUNDARY,prep-left-turn,G,>EQ  10-G,LOW  SPEED,PEDESTRIAN,LV,  RL  >  2,acts-4,0.0
BR|BR|BOUNDARY,prep-left-turn,G,>EQ  10-G,LOW  SPEED,NO  PEDESTRIAN,NO  LV,RL  0,acts-2,0.07650799999999991
BR|BR|BOUNDARY,prep-left-turn,G,>EQ  10-G,LOW  SPEED,NO  PEDESTRIAN,NO  LV,RL  0,acts-2,0.0067190000000000305
BR|BR|BOUNDARY,prep-left-turn,G,>EQ  10-G,LOW  SPEED,NO  PEDESTRIAN,NO  LV,RL  0,acts-2,0.004290999999999934
BR|BR|BOUNDARY,prep-left-turn,G,>EQ  10-G,LOW  SPEED,NO  PEDESTRIAN,NO  LV,RL  0,acts-2,0.08142399999999994
BR|BR|BOUNDARY,prep-left-turn,G,>EQ  10-G,LOW  SPEED,NO  PEDESTRIAN,NO  LV,RL  0,acts-2,0.08693499999999998
BR|BR|BOUNDARY,prep-left-turn,G,>EQ  10-G,LOW  SPEED,NO  PEDESTRIAN,NO  LV,RL  0,acts-2,0.006508999999999987
BR|BR|BOUNDARY,prep-left-turn,G,>EQ  10-G,LOW  SPEED,NO  PEDESTRIAN,NO  LV,RL  0,acts-2,0
BR|BR|BOUNDARY,prep-left-turn,G,>EQ  10-G,LOW  SPEED,NO  PEDESTRIAN,NO  LV,RL  0,acts-2,0
BR|BR|BOUNDARY,prep-left-turn,G,>EQ  10-G,LOW  SPEED,NO  PEDESTRIAN,NO  LV,RL  0,acts-2,0.07549300000000003
BR|BR|BOUNDARY,prep-left-turn,G,>EQ  10-G,LOW  SPEED,NO  PEDESTRIAN,NO  LV,RL  0,acts-2,0.07548200000000005
BR|BR|BOUNDARY,prep-left-turn,G,>EQ  10-G,LOW  SPEED,NO  PEDESTRIAN,NO  LV,RL  0,acts-2,0.006377999999999995
BR|BR|BOUNDARY,prep-left-turn,G,>EQ  10-G,LOW  SPEED,NO  PEDESTRIAN,NO  LV,RL  0,acts-2,0.07513499999999995
BR|BR|BOUNDARY,prep-left-turn,G,>EQ  10-G,LOW  SPEED,NO  PEDESTRIAN,NO  LV,RL  0,acts-2,0
BR|BR|BOUNDARY,prep-left-turn,G,>EQ  10-G,LOW  SPEED,NO  PEDESTRIAN,NO  LV,RL  0,acts-2,0.07925499999999996
BR|BR|BOUNDARY,prep-left-turn,G,>EQ  10-G,LOW  SPEED,NO  PEDESTRIAN,NO  LV,RL  0,acts-2,0.07716199999999995
BR|BR|BOUNDARY,prep-left-turn,G,>EQ  10-G,LOW  SPEED,NO  PEDESTRIAN,NO  LV,RL  0,acts-2,0.07405800000000007
BR|BR|BOUNDARY,prep-left-turn,G,>EQ  10-G,LOW  SPEED,NO  PEDESTRIAN,NO  LV,RL  0,acts-2,0.07400799999999996
BR|BR|BOUNDARY,prep-left-turn,G,>EQ  10-G,LOW  SPEED,NO  PEDESTRIAN,NO  LV,RL  0,acts-2,0.07261799999999996
BR|BR|BOUNDARY,prep-left-turn,G,>EQ  10-G,LOW  SPEED,NO  PEDESTRIAN,NO  LV,RL  0,acts-2,0.07119399999999998
BR|BR|BOUNDARY,prep-left-turn,G,>EQ  10-G,LOW  SPEED,NO  PEDESTRIAN,NO  LV,RL  0,acts-2,0
BR|BR|BOUNDARY,prep-left-turn,G,>EQ  10-G,LOW  SPEED,NO  PEDESTRIAN,NO  LV,RL  0,acts-2,0.0015700000000000713
BR|BR|BOUNDARY,prep-left-turn,G,>EQ  10-G,LOW  SPEED,NO  PEDESTRIAN,NO  LV,RL  0,acts-2,0.026513999999999927
BR|BR|BOUNDARY,prep-left-turn,G,>EQ  10-G,LOW  SPEED,NO  PEDESTRIAN,NO  LV,  RL  <EQ  2,acts-2,0
BR|BR|BOUNDARY,prep-left-turn,G,>EQ  10-G,LOW  SPEED,NO  PEDESTRIAN,NO  LV,  RL  >  2,acts-2,0
BR|BR|BOUNDARY,prep-left-turn,G,>EQ  10-G,LOW  SPEED,NO  PEDESTRIAN,LV,  RL  >  2,acts-3,0
BR|BR|BOUNDARY,prep-left-turn,G,>EQ  10-G,LOW  SPEED,NO  PEDESTRIAN,LV,  RL  >  2,acts-3,0
BR|BR|BOUNDARY,prep-left-turn,G,>EQ  10-G,LOW  SPEED,NO  PEDESTRIAN,LV,  RL  >  2,acts-3,0
BR|BR|BOUNDARY,prep-left-turn,G,>EQ  10-G,LOW  SPEED,NO  PEDESTRIAN,LV,  RL  >  2,acts-3,0
BR|BR|BOUNDARY,prep-left-turn,G,>EQ  10-G,LOW  SPEED,NO  PEDESTRIAN,LV,  RL  >  2,acts-3,0
BR|BR|BOUNDARY,prep-left-turn,G,>EQ  10-G,LOW  SPEED,NO  PEDESTRIAN,LV,  RL  >  2,acts-3,0
BR|BR|BOUNDARY,prep-left-turn,G,>EQ  10-G,LOW  SPEED,NO  PEDESTRIAN,LV,  RL  >  2,acts-3,0
BR|BR|BOUNDARY,prep-left-turn,G,>EQ  10-G,MEDIUM  SPEED,PEDESTRIAN,LV,  RL  >  2,acts-4,0
BR|BR|BOUNDARY,prep-left-turn,G,>EQ  10-G,MEDIUM  SPEED,PEDESTRIAN,LV,  RL  >  2,acts-4,0
BR|BR|BOUNDARY,prep-left-turn,G,>EQ  10-G,MEDIUM  SPEED,NO  PEDESTRIAN,NO  LV,RL  0,acts-2,0.09575099999999992
BR|BR|BOUNDARY,prep-left-turn,G,>EQ  10-G,MEDIUM  SPEED,NO  PEDESTRIAN,LV,  RL  >  2,acts-3,0
BR|BR|BOUNDARY,exec-left-turn,Y,<10-Y/R,LOW  SPEED,PEDESTRIAN,NO  LV,RL  0,acts-5,0.01738200000000001
BR|BR|BOUNDARY,exec-left-turn,Y,<10-Y/R,LOW  SPEED,PEDESTRIAN,NO  LV,RL  0,acts-5,0
BR|BR|BOUNDARY,exec-left-turn,Y,<10-Y/R,LOW  SPEED,PEDESTRIAN,NO  LV,RL  0,acts-5,9.700000000001374e-05
BR|BR|BOUNDARY,exec-left-turn,Y,<10-Y/R,LOW  SPEED,NO  PEDESTRIAN,NO  LV,RL  0,acts-6,0.002350999999999992
BR|BR|BOUNDARY,exec-left-turn,Y,<10-Y/R,LOW  SPEED,NO  PEDESTRIAN,NO  LV,RL  0,acts-6,0
BR|BR|BOUNDARY,exec-left-turn,Y,<10-Y/R,LOW  SPEED,NO  PEDESTRIAN,NO  LV,RL  0,acts-6,0
BR|BR|BOUNDARY,exec-left-turn,Y,<10-Y/R,LOW  SPEED,NO  PEDESTRIAN,NO  LV,RL  0,acts-6,0.0019529999999999825
BR|BR|BOUNDARY,exec-left-turn,Y,<10-Y/R,LOW  SPEED,NO  PEDESTRIAN,NO  LV,RL  0,acts-6,0.0019739999999999203
BR|BR|BOUNDARY,exec-left-turn,Y,<10-Y/R,LOW  SPEED,NO  PEDESTRIAN,NO  LV,RL  0,acts-6,0.010904000000000025
BR|BR|BOUNDARY,exec-left-turn,Y,<10-Y/R,LOW  SPEED,NO  PEDESTRIAN,NO  LV,RL  0,acts-6,0.006224000000000007
BR|BR|BOUNDARY,exec-left-turn,Y,<10-Y/R,LOW  SPEED,NO  PEDESTRIAN,NO  LV,RL  0,acts-6,0
BR|BR|BOUNDARY,exec-left-turn,Y,<10-Y/R,LOW  SPEED,NO  PEDESTRIAN,NO  LV,RL  0,acts-6,0.007986000000000049
BR|BR|BOUNDARY,exec-left-turn,Y,<10-Y/R,LOW  SPEED,NO  PEDESTRIAN,NO  LV,RL  0,acts-6,0.0030040000000000067
BR|BR|BOUNDARY,exec-left-turn,Y,<10-Y/R,LOW  SPEED,NO  PEDESTRIAN,NO  LV,RL  0,acts-6,0
BR|BR|BOUNDARY,exec-left-turn,Y,<10-Y/R,LOW  SPEED,NO  PEDESTRIAN,NO  LV,RL  0,acts-6,0
BR|BR|BOUNDARY,exec-left-turn,Y,<10-Y/R,LOW  SPEED,NO  PEDESTRIAN,NO  LV,RL  0,acts-6,0.00034999999999996145
BR|BR|BOUNDARY,exec-left-turn,Y,<10-Y/R,LOW  SPEED,NO  PEDESTRIAN,NO  LV,RL  0,acts-6,0
BR|BR|BOUNDARY,exec-left-turn,Y,<10-Y/R,LOW  SPEED,NO  PEDESTRIAN,NO  LV,RL  0,acts-6,0.0070790000000000575
BR|BR|BOUNDARY,exec-left-turn,Y,<10-Y/R,LOW  SPEED,NO  PEDESTRIAN,NO  LV,RL  0,acts-6,0
BR|BR|BOUNDARY,exec-left-turn,Y,<10-Y/R,LOW  SPEED,NO  PEDESTRIAN,NO  LV,RL  0,acts-6,0
BR|BR|BOUNDARY,exec-left-turn,Y,<10-Y/R,LOW  SPEED,NO  PEDESTRIAN,NO  LV,  RL  <EQ  2,acts-6,0
BR|BR|BOUNDARY,exec-left-turn,Y,<10-Y/R,MEDIUM  SPEED,NO  PEDESTRIAN,NO  LV,RL  0,acts-6,0
BR|BR|BOUNDARY,exec-left-turn,Y,<10-Y/R,MEDIUM  SPEED,NO  PEDESTRIAN,NO  LV,RL  0,acts-6,0
BR|BR|BOUNDARY,exec-left-turn,Y,<10-Y/R,MEDIUM  SPEED,NO  PEDESTRIAN,NO  LV,RL  0,acts-6,0.0013260000000000494
BR|BR|BOUNDARY,exec-left-turn,Y,<10-Y/R,MEDIUM  SPEED,NO  PEDESTRIAN,NO  LV,RL  0,acts-6,0.00495000000000001
BR|BR|BOUNDARY,exec-left-turn,Y,<10-Y/R,MEDIUM  SPEED,NO  PEDESTRIAN,NO  LV,RL  0,acts-6,0.00010499999999991072
BR|BR|BOUNDARY,exec-left-turn,Y,<10-Y/R,MEDIUM  SPEED,NO  PEDESTRIAN,NO  LV,RL  0,acts-6,0.0011439999999999229
BR|BR|BOUNDARY,exec-left-turn,G,<10-Y/R,LOW  SPEED,PEDESTRIAN,NO  LV,RL  0,acts-1,0.04611300000000007
BR|BR|BOUNDARY,exec-left-turn,G,<10-Y/R,LOW  SPEED,PEDESTRIAN,NO  LV,RL  0,acts-1,0.04611300000000007
BR|BR|BOUNDARY,exec-left-turn,G,<10-Y/R,LOW  SPEED,PEDESTRIAN,NO  LV,RL  0,acts-1,0.065944
BR|BR|BOUNDARY,exec-left-turn,G,<10-Y/R,LOW  SPEED,PEDESTRIAN,NO  LV,RL  0,acts-1,0.065944
BR|BR|BOUNDARY,exec-left-turn,G,<10-Y/R,LOW  SPEED,PEDESTRIAN,NO  LV,RL  0,acts-1,0.06394100000000003
BR|BR|BOUNDARY,exec-left-turn,G,<10-Y/R,LOW  SPEED,PEDESTRIAN,NO  LV,RL  0,acts-1,0.06394100000000003
BR|BR|BOUNDARY,exec-left-turn,G,<10-Y/R,LOW  SPEED,PEDESTRIAN,NO  LV,RL  0,acts-1,0.06788400000000006
BR|BR|BOUNDARY,exec-left-turn,G,<10-Y/R,LOW  SPEED,PEDESTRIAN,NO  LV,RL  0,acts-1,0.06788400000000006
BR|BR|BOUNDARY,exec-left-turn,G,<10-Y/R,LOW  SPEED,PEDESTRIAN,NO  LV,RL  0,acts-1,0.067689
BR|BR|BOUNDARY,exec-left-turn,G,<10-Y/R,LOW  SPEED,PEDESTRIAN,NO  LV,RL  0,acts-1,0.067689
BR|BR|BOUNDARY,exec-left-turn,G,<10-Y/R,LOW  SPEED,PEDESTRIAN,NO  LV,RL  0,acts-1,0.065909
BR|BR|BOUNDARY,exec-left-turn,G,<10-Y/R,LOW  SPEED,PEDESTRIAN,NO  LV,RL  0,acts-1,0.065909
BR|BR|BOUNDARY,exec-left-turn,G,<10-Y/R,LOW  SPEED,PEDESTRIAN,NO  LV,RL  0,acts-1,0.058852000000000015
BR|BR|BOUNDARY,exec-left-turn,G,<10-Y/R,LOW  SPEED,PEDESTRIAN,NO  LV,RL  0,acts-1,0.058852000000000015
BR|BR|BOUNDARY,exec-left-turn,G,<10-Y/R,LOW  SPEED,PEDESTRIAN,NO  LV,RL  0,acts-1,0
BR|BR|BOUNDARY,exec-left-turn,G,<10-Y/R,LOW  SPEED,PEDESTRIAN,NO  LV,RL  0,acts-1,0
BR|BR|BOUNDARY,exec-left-turn,G,<10-Y/R,LOW  SPEED,PEDESTRIAN,NO  LV,RL  0,acts-1,0
BR|BR|BOUNDARY,exec-left-turn,G,<10-Y/R,LOW  SPEED,NO  PEDESTRIAN,NO  LV,RL  0,acts-2,0.0029210000000000624
BR|BR|BOUNDARY,exec-left-turn,G,<10-Y/R,LOW  SPEED,NO  PEDESTRIAN,NO  LV,RL  0,acts-2,0
BR|BR|BOUNDARY,exec-left-turn,G,<10-Y/R,LOW  SPEED,NO  PEDESTRIAN,NO  LV,RL  0,acts-2,0.009029999999999982
BR|BR|BOUNDARY,exec-left-turn,G,<10-Y/R,LOW  SPEED,NO  PEDESTRIAN,NO  LV,RL  0,acts-2,0
BR|BR|BOUNDARY,exec-left-turn,G,<10-Y/R,LOW  SPEED,NO  PEDESTRIAN,NO  LV,RL  0,acts-2,0
BR|BR|BOUNDARY,exec-left-turn,G,<10-Y/R,LOW  SPEED,NO  PEDESTRIAN,NO  LV,RL  0,acts-2,0
BR|BR|BOUNDARY,exec-left-turn,G,<10-Y/R,LOW  SPEED,NO  PEDESTRIAN,NO  LV,RL  0,acts-2,0
BR|BR|BOUNDARY,exec-left-turn,G,<10-Y/R,LOW  SPEED,NO  PEDESTRIAN,NO  LV,RL  0,acts-2,0.0021050000000000235
BR|BR|BOUNDARY,exec-left-turn,G,<10-Y/R,LOW  SPEED,NO  PEDESTRIAN,NO  LV,RL  0,acts-2,0.00031199999999997896
BR|BR|BOUNDARY,exec-left-turn,G,<10-Y/R,LOW  SPEED,NO  PEDESTRIAN,NO  LV,RL  0,acts-2,0
BR|BR|BOUNDARY,exec-left-turn,G,<10-Y/R,LOW  SPEED,NO  PEDESTRIAN,NO  LV,RL  0,acts-2,0.00771899999999992
BR|BR|BOUNDARY,exec-left-turn,G,<10-Y/R,LOW  SPEED,NO  PEDESTRIAN,NO  LV,RL  0,acts-2,0
BR|BR|BOUNDARY,exec-left-turn,G,<10-Y/R,LOW  SPEED,NO  PEDESTRIAN,NO  LV,  RL  <EQ  2,acts-2,0.016557000000000044
BR|BR|BOUNDARY,exec-left-turn,G,<10-Y/R,LOW  SPEED,NO  PEDESTRIAN,NO  LV,  RL  <EQ  2,acts-2,0.004518999999999995
BR|BR|BOUNDARY,exec-left-turn,G,<10-Y/R,LOW  SPEED,NO  PEDESTRIAN,NO  LV,  RL  <EQ  2,acts-2,0
BR|BR|BOUNDARY,exec-left-turn,G,<10-Y/R,LOW  SPEED,NO  PEDESTRIAN,NO  LV,  RL  >  2,acts-2,0
BR|BR|BOUNDARY,exec-left-turn,G,<10-Y/R,LOW  SPEED,NO  PEDESTRIAN,NO  LV,  RL  >  2,acts-2,0
BR|BR|BOUNDARY,exec-left-turn,G,<10-Y/R,LOW  SPEED,NO  PEDESTRIAN,NO  LV,  RL  >  2,acts-2,0.012626000000000026
BR|BR|BOUNDARY,exec-left-turn,G,<10-Y/R,LOW  SPEED,NO  PEDESTRIAN,NO  LV,  RL  >  2,acts-2,0.04775600000000002
BR|BR|BOUNDARY,exec-left-turn,G,<10-Y/R,MEDIUM  SPEED,NO  PEDESTRIAN,NO  LV,RL  0,acts-2,0.0014849999999999586
BR|BR|BOUNDARY,exec-left-turn,G,<10-Y/R,MEDIUM  SPEED,NO  PEDESTRIAN,NO  LV,RL  0,acts-2,0
BR|BR|BOUNDARY,exec-left-turn,G,<10-Y/R,MEDIUM  SPEED,NO  PEDESTRIAN,NO  LV,RL  0,acts-2,0.0031200000000000117
BR|BR|BOUNDARY,exec-left-turn,G,<10-G,LOW  SPEED,PEDESTRIAN,NO  LV,RL  0,acts-1,0.04611300000000007
BR|BR|BOUNDARY,exec-left-turn,G,<10-G,LOW  SPEED,PEDESTRIAN,NO  LV,RL  0,acts-1,0.04611300000000007
BR|BR|BOUNDARY,exec-left-turn,G,<10-G,LOW  SPEED,PEDESTRIAN,NO  LV,RL  0,acts-1,0.065944
BR|BR|BOUNDARY,exec-left-turn,G,<10-G,LOW  SPEED,PEDESTRIAN,NO  LV,RL  0,acts-1,0.065944
BR|BR|BOUNDARY,exec-left-turn,G,<10-G,LOW  SPEED,PEDESTRIAN,NO  LV,RL  0,acts-1,0.06394100000000003
BR|BR|BOUNDARY,exec-left-turn,G,<10-G,LOW  SPEED,PEDESTRIAN,NO  LV,RL  0,acts-1,0.06394100000000003
BR|BR|BOUNDARY,exec-left-turn,G,<10-G,LOW  SPEED,PEDESTRIAN,NO  LV,RL  0,acts-1,0.06788400000000006
BR|BR|BOUNDARY,exec-left-turn,G,<10-G,LOW  SPEED,PEDESTRIAN,NO  LV,RL  0,acts-1,0.06788400000000006
BR|BR|BOUNDARY,exec-left-turn,G,<10-G,LOW  SPEED,PEDESTRIAN,NO  LV,RL  0,acts-1,0.067689
BR|BR|BOUNDARY,exec-left-turn,G,<10-G,LOW  SPEED,PEDESTRIAN,NO  LV,RL  0,acts-1,0.067689
BR|BR|BOUNDARY,exec-left-turn,G,<10-G,LOW  SPEED,PEDESTRIAN,NO  LV,RL  0,acts-1,0.065909
BR|BR|BOUNDARY,exec-left-turn,G,<10-G,LOW  SPEED,PEDESTRIAN,NO  LV,RL  0,acts-1,0.065909
BR|BR|BOUNDARY,exec-left-turn,G,<10-G,LOW  SPEED,PEDESTRIAN,NO  LV,RL  0,acts-1,0.058852000000000015
BR|BR|BOUNDARY,exec-left-turn,G,<10-G,LOW  SPEED,PEDESTRIAN,NO  LV,RL  0,acts-1,0.058852000000000015
BR|BR|BOUNDARY,exec-left-turn,G,<10-G,LOW  SPEED,PEDESTRIAN,NO  LV,RL  0,acts-1,0
BR|BR|BOUNDARY,exec-left-turn,G,<10-G,LOW  SPEED,PEDESTRIAN,NO  LV,RL  0,acts-1,0
BR|BR|BOUNDARY,exec-left-turn,G,<10-G,LOW  SPEED,PEDESTRIAN,NO  LV,RL  0,acts-1,0
BR|BR|BOUNDARY,exec-left-turn,G,<10-G,LOW  SPEED,NO  PEDESTRIAN,NO  LV,RL  0,acts-2,0.0029210000000000624
BR|BR|BOUNDARY,exec-left-turn,G,<10-G,LOW  SPEED,NO  PEDESTRIAN,NO  LV,RL  0,acts-2,0
BR|BR|BOUNDARY,exec-left-turn,G,<10-G,LOW  SPEED,NO  PEDESTRIAN,NO  LV,RL  0,acts-2,0.009029999999999982
BR|BR|BOUNDARY,exec-left-turn,G,<10-G,LOW  SPEED,NO  PEDESTRIAN,NO  LV,RL  0,acts-2,0
BR|BR|BOUNDARY,exec-left-turn,G,<10-G,LOW  SPEED,NO  PEDESTRIAN,NO  LV,RL  0,acts-2,0
BR|BR|BOUNDARY,exec-left-turn,G,<10-G,LOW  SPEED,NO  PEDESTRIAN,NO  LV,RL  0,acts-2,0
BR|BR|BOUNDARY,exec-left-turn,G,<10-G,LOW  SPEED,NO  PEDESTRIAN,NO  LV,RL  0,acts-2,0
BR|BR|BOUNDARY,exec-left-turn,G,<10-G,LOW  SPEED,NO  PEDESTRIAN,NO  LV,RL  0,acts-2,0.0021050000000000235
BR|BR|BOUNDARY,exec-left-turn,G,<10-G,LOW  SPEED,NO  PEDESTRIAN,NO  LV,RL  0,acts-2,0.00031199999999997896
BR|BR|BOUNDARY,exec-left-turn,G,<10-G,LOW  SPEED,NO  PEDESTRIAN,NO  LV,RL  0,acts-2,0
BR|BR|BOUNDARY,exec-left-turn,G,<10-G,LOW  SPEED,NO  PEDESTRIAN,NO  LV,RL  0,acts-2,0.00771899999999992
BR|BR|BOUNDARY,exec-left-turn,G,<10-G,LOW  SPEED,NO  PEDESTRIAN,NO  LV,RL  0,acts-2,0
BR|BR|BOUNDARY,exec-left-turn,G,<10-G,LOW  SPEED,NO  PEDESTRIAN,NO  LV,  RL  <EQ  2,acts-2,0.016557000000000044
BR|BR|BOUNDARY,exec-left-turn,G,<10-G,LOW  SPEED,NO  PEDESTRIAN,NO  LV,  RL  <EQ  2,acts-2,0.004518999999999995
BR|BR|BOUNDARY,exec-left-turn,G,<10-G,LOW  SPEED,NO  PEDESTRIAN,NO  LV,  RL  <EQ  2,acts-2,0
BR|BR|BOUNDARY,exec-left-turn,G,<10-G,LOW  SPEED,NO  PEDESTRIAN,NO  LV,  RL  >  2,acts-2,0
BR|BR|BOUNDARY,exec-left-turn,G,<10-G,LOW  SPEED,NO  PEDESTRIAN,NO  LV,  RL  >  2,acts-2,0
BR|BR|BOUNDARY,exec-left-turn,G,<10-G,LOW  SPEED,NO  PEDESTRIAN,NO  LV,  RL  >  2,acts-2,0.012626000000000026
BR|BR|BOUNDARY,exec-left-turn,G,<10-G,LOW  SPEED,NO  PEDESTRIAN,NO  LV,  RL  >  2,acts-2,0.04775600000000002
BR|BR|BOUNDARY,exec-left-turn,G,<10-G,MEDIUM  SPEED,NO  PEDESTRIAN,NO  LV,RL  0,acts-2,0.0014849999999999586
BR|BR|BOUNDARY,exec-left-turn,G,<10-G,MEDIUM  SPEED,NO  PEDESTRIAN,NO  LV,RL  0,acts-2,0
BR|BR|BOUNDARY,exec-left-turn,G,<10-G,MEDIUM  SPEED,NO  PEDESTRIAN,NO  LV,RL  0,acts-2,0.0031200000000000117
BR|BR|BOUNDARY,exec-left-turn,G,>EQ  10-Y/R,LOW  SPEED,PEDESTRIAN,NO  LV,RL  0,acts-1,0.001338999999999979
BR|BR|BOUNDARY,exec-left-turn,G,>EQ  10-Y/R,LOW  SPEED,PEDESTRIAN,NO  LV,RL  0,acts-1,0.002371000000000012
BR|BR|BOUNDARY,exec-left-turn,G,>EQ  10-Y/R,LOW  SPEED,PEDESTRIAN,NO  LV,RL  0,acts-1,0
BR|BR|BOUNDARY,exec-left-turn,G,>EQ  10-Y/R,LOW  SPEED,PEDESTRIAN,NO  LV,RL  0,acts-1,0.06610499999999997
BR|BR|BOUNDARY,exec-left-turn,G,>EQ  10-Y/R,LOW  SPEED,PEDESTRIAN,NO  LV,RL  0,acts-1,0.06610499999999997
BR|BR|BOUNDARY,exec-left-turn,G,>EQ  10-Y/R,LOW  SPEED,PEDESTRIAN,NO  LV,RL  0,acts-1,0.05297099999999999
BR|BR|BOUNDARY,exec-left-turn,G,>EQ  10-Y/R,LOW  SPEED,PEDESTRIAN,NO  LV,RL  0,acts-1,0.05297099999999999
BR|BR|BOUNDARY,exec-left-turn,G,>EQ  10-Y/R,LOW  SPEED,PEDESTRIAN,NO  LV,RL  0,acts-1,0.06583800000000006
BR|BR|BOUNDARY,exec-left-turn,G,>EQ  10-Y/R,LOW  SPEED,PEDESTRIAN,NO  LV,RL  0,acts-1,0.06583800000000006
BR|BR|BOUNDARY,exec-left-turn,G,>EQ  10-Y/R,LOW  SPEED,PEDESTRIAN,NO  LV,RL  0,acts-1,0.06623900000000005
BR|BR|BOUNDARY,exec-left-turn,G,>EQ  10-Y/R,LOW  SPEED,PEDESTRIAN,NO  LV,RL  0,acts-1,0.06623900000000005
BR|BR|BOUNDARY,exec-left-turn,G,>EQ  10-Y/R,LOW  SPEED,PEDESTRIAN,NO  LV,RL  0,acts-1,0.060667000000000026
BR|BR|BOUNDARY,exec-left-turn,G,>EQ  10-Y/R,LOW  SPEED,PEDESTRIAN,NO  LV,RL  0,acts-1,0.060667000000000026
BR|BR|BOUNDARY,exec-left-turn,G,>EQ  10-Y/R,LOW  SPEED,PEDESTRIAN,NO  LV,RL  0,acts-1,0.06914100000000001
BR|BR|BOUNDARY,exec-left-turn,G,>EQ  10-Y/R,LOW  SPEED,PEDESTRIAN,NO  LV,RL  0,acts-1,0.06914100000000001
BR|BR|BOUNDARY,exec-left-turn,G,>EQ  10-Y/R,LOW  SPEED,PEDESTRIAN,NO  LV,RL  0,acts-1,0.01838200000000001
BR|BR|BOUNDARY,exec-left-turn,G,>EQ  10-Y/R,LOW  SPEED,PEDESTRIAN,NO  LV,RL  0,acts-1,0.07384500000000005
BR|BR|BOUNDARY,exec-left-turn,G,>EQ  10-Y/R,LOW  SPEED,PEDESTRIAN,NO  LV,RL  0,acts-1,0.07384500000000005
BR|BR|BOUNDARY,exec-left-turn,G,>EQ  10-Y/R,LOW  SPEED,PEDESTRIAN,NO  LV,RL  0,acts-1,0.06951199999999991
BR|BR|BOUNDARY,exec-left-turn,G,>EQ  10-Y/R,LOW  SPEED,PEDESTRIAN,NO  LV,RL  0,acts-1,0.06951199999999991
BR|BR|BOUNDARY,exec-left-turn,G,>EQ  10-Y/R,LOW  SPEED,PEDESTRIAN,NO  LV,RL  0,acts-1,0.060971
BR|BR|BOUNDARY,exec-left-turn,G,>EQ  10-Y/R,LOW  SPEED,PEDESTRIAN,NO  LV,RL  0,acts-1,0.060971
BR|BR|BOUNDARY,exec-left-turn,G,>EQ  10-Y/R,LOW  SPEED,PEDESTRIAN,NO  LV,RL  0,acts-1,0.046189000000000036
BR|BR|BOUNDARY,exec-left-turn,G,>EQ  10-Y/R,LOW  SPEED,PEDESTRIAN,NO  LV,RL  0,acts-1,0.046189000000000036
BR|BR|BOUNDARY,exec-left-turn,G,>EQ  10-Y/R,LOW  SPEED,PEDESTRIAN,NO  LV,RL  0,acts-1,0.06453200000000003
BR|BR|BOUNDARY,exec-left-turn,G,>EQ  10-Y/R,LOW  SPEED,PEDESTRIAN,NO  LV,RL  0,acts-1,0.06453200000000003
BR|BR|BOUNDARY,exec-left-turn,G,>EQ  10-Y/R,LOW  SPEED,PEDESTRIAN,NO  LV,RL  0,acts-1,0.049702000000000024
BR|BR|BOUNDARY,exec-left-turn,G,>EQ  10-Y/R,LOW  SPEED,PEDESTRIAN,NO  LV,RL  0,acts-1,0.049702000000000024
BR|BR|BOUNDARY,exec-left-turn,G,>EQ  10-Y/R,LOW  SPEED,PEDESTRIAN,NO  LV,RL  0,acts-1,0
BR|BR|BOUNDARY,exec-left-turn,G,>EQ  10-Y/R,LOW  SPEED,PEDESTRIAN,NO  LV,RL  0,acts-1,0.001487000000000016
BR|BR|BOUNDARY,exec-left-turn,G,>EQ  10-Y/R,LOW  SPEED,PEDESTRIAN,NO  LV,RL  0,acts-1,0.00020300000000006424
BR|BR|BOUNDARY,exec-left-turn,G,>EQ  10-Y/R,LOW  SPEED,PEDESTRIAN,NO  LV,RL  0,acts-1,0.0003030000000000532
BR|BR|BOUNDARY,exec-left-turn,G,>EQ  10-Y/R,LOW  SPEED,PEDESTRIAN,NO  LV,RL  0,acts-1,0
BR|BR|BOUNDARY,exec-left-turn,G,>EQ  10-Y/R,LOW  SPEED,PEDESTRIAN,NO  LV,  RL  <EQ  2,acts-1,0
BR|BR|BOUNDARY,exec-left-turn,G,>EQ  10-Y/R,LOW  SPEED,PEDESTRIAN,NO  LV,  RL  >  2,acts-1,0
BR|BR|BOUNDARY,exec-left-turn,G,>EQ  10-Y/R,LOW  SPEED,PEDESTRIAN,LV,  RL  <EQ  2,acts-7,0
BR|BR|BOUNDARY,exec-left-turn,G,>EQ  10-Y/R,LOW  SPEED,PEDESTRIAN,LV,  RL  <EQ  2,acts-7,0.04141000000000006
BR|BR|BOUNDARY,exec-left-turn,G,>EQ  10-Y/R,LOW  SPEED,PEDESTRIAN,LV,  RL  >  2,acts-7,0.06448399999999999
BR|BR|BOUNDARY,exec-left-turn,G,>EQ  10-Y/R,LOW  SPEED,PEDESTRIAN,LV,  RL  >  2,acts-7,0.06448399999999999
BR|BR|BOUNDARY,exec-left-turn,G,>EQ  10-Y/R,LOW  SPEED,PEDESTRIAN,LV,  RL  >  2,acts-7,0.032870999999999984
BR|BR|BOUNDARY,exec-left-turn,G,>EQ  10-Y/R,LOW  SPEED,PEDESTRIAN,LV,  RL  >  2,acts-7,0
BR|BR|BOUNDARY,exec-left-turn,G,>EQ  10-Y/R,LOW  SPEED,PEDESTRIAN,LV,  RL  >  2,acts-7,0.05408599999999997
BR|BR|BOUNDARY,exec-left-turn,G,>EQ  10-Y/R,LOW  SPEED,PEDESTRIAN,LV,  RL  >  2,acts-7,0
BR|BR|BOUNDARY,exec-left-turn,G,>EQ  10-Y/R,LOW  SPEED,PEDESTRIAN,LV,  RL  >  2,acts-7,0
BR|BR|BOUNDARY,exec-left-turn,G,>EQ  10-Y/R,LOW  SPEED,PEDESTRIAN,LV,  RL  >  2,acts-7,0.04963200000000001
BR|BR|BOUNDARY,exec-left-turn,G,>EQ  10-Y/R,LOW  SPEED,NO  PEDESTRIAN,NO  LV,RL  0,acts-2,0
BR|BR|BOUNDARY,exec-left-turn,G,>EQ  10-Y/R,LOW  SPEED,NO  PEDESTRIAN,NO  LV,RL  0,acts-2,0
BR|BR|BOUNDARY,exec-left-turn,G,>EQ  10-Y/R,LOW  SPEED,NO  PEDESTRIAN,NO  LV,RL  0,acts-2,0
BR|BR|BOUNDARY,exec-left-turn,G,>EQ  10-Y/R,LOW  SPEED,NO  PEDESTRIAN,NO  LV,RL  0,acts-2,0.072515
BR|BR|BOUNDARY,exec-left-turn,G,>EQ  10-Y/R,LOW  SPEED,NO  PEDESTRIAN,NO  LV,RL  0,acts-2,0.003745999999999916
BR|BR|BOUNDARY,exec-left-turn,G,>EQ  10-Y/R,LOW  SPEED,NO  PEDESTRIAN,NO  LV,RL  0,acts-2,0.067164
BR|BR|BOUNDARY,exec-left-turn,G,>EQ  10-Y/R,LOW  SPEED,NO  PEDESTRIAN,NO  LV,RL  0,acts-2,0
BR|BR|BOUNDARY,exec-left-turn,G,>EQ  10-Y/R,LOW  SPEED,NO  PEDESTRIAN,NO  LV,RL  0,acts-2,0
BR|BR|BOUNDARY,exec-left-turn,G,>EQ  10-Y/R,LOW  SPEED,NO  PEDESTRIAN,NO  LV,RL  0,acts-2,0.018391999999999964
BR|BR|BOUNDARY,exec-left-turn,G,>EQ  10-Y/R,LOW  SPEED,NO  PEDESTRIAN,NO  LV,RL  0,acts-2,0.00031999999999998696
BR|BR|BOUNDARY,exec-left-turn,G,>EQ  10-Y/R,LOW  SPEED,NO  PEDESTRIAN,NO  LV,RL  0,acts-2,9.300000000000974e-05
BR|BR|BOUNDARY,exec-left-turn,G,>EQ  10-Y/R,LOW  SPEED,NO  PEDESTRIAN,NO  LV,RL  0,acts-2,0.0009339999999999904
BR|BR|BOUNDARY,exec-left-turn,G,>EQ  10-Y/R,LOW  SPEED,NO  PEDESTRIAN,NO  LV,RL  0,acts-2,0.016098000000000057
BR|BR|BOUNDARY,exec-left-turn,G,>EQ  10-Y/R,LOW  SPEED,NO  PEDESTRIAN,NO  LV,RL  0,acts-2,0.02460299999999993
BR|BR|BOUNDARY,exec-left-turn,G,>EQ  10-Y/R,LOW  SPEED,NO  PEDESTRIAN,NO  LV,RL  0,acts-2,0.006977999999999929
BR|BR|BOUNDARY,exec-left-turn,G,>EQ  10-Y/R,LOW  SPEED,NO  PEDESTRIAN,NO  LV,RL  0,acts-2,0
BR|BR|BOUNDARY,exec-left-turn,G,>EQ  10-Y/R,LOW  SPEED,NO  PEDESTRIAN,NO  LV,RL  0,acts-2,0.0005610000000000337
BR|BR|BOUNDARY,exec-left-turn,G,>EQ  10-Y/R,LOW  SPEED,NO  PEDESTRIAN,NO  LV,RL  0,acts-2,0
BR|BR|BOUNDARY,exec-left-turn,G,>EQ  10-Y/R,LOW  SPEED,NO  PEDESTRIAN,NO  LV,RL  0,acts-2,0.019954000000000027
BR|BR|BOUNDARY,exec-left-turn,G,>EQ  10-Y/R,LOW  SPEED,NO  PEDESTRIAN,NO  LV,RL  0,acts-2,0.0010669999999999291
BR|BR|BOUNDARY,exec-left-turn,G,>EQ  10-Y/R,LOW  SPEED,NO  PEDESTRIAN,NO  LV,RL  0,acts-2,0.00034599999999995745
BR|BR|BOUNDARY,exec-left-turn,G,>EQ  10-Y/R,LOW  SPEED,NO  PEDESTRIAN,NO  LV,  RL  <EQ  2,acts-2,0.00012299999999998423
BR|BR|BOUNDARY,exec-left-turn,G,>EQ  10-Y/R,LOW  SPEED,NO  PEDESTRIAN,NO  LV,  RL  >  2,acts-2,0.004390000000000005
BR|BR|BOUNDARY,exec-left-turn,G,>EQ  10-Y/R,MEDIUM  SPEED,PEDESTRIAN,NO  LV,RL  0,acts-1,0.0020419999999999883
BR|BR|BOUNDARY,exec-left-turn,G,>EQ  10-Y/R,MEDIUM  SPEED,PEDESTRIAN,NO  LV,RL  0,acts-1,0.0022480000000000278
BR|BR|BOUNDARY,exec-left-turn,G,>EQ  10-Y/R,MEDIUM  SPEED,PEDESTRIAN,NO  LV,RL  0,acts-1,0
BR|BR|BOUNDARY,exec-left-turn,G,>EQ  10-Y/R,MEDIUM  SPEED,PEDESTRIAN,NO  LV,RL  0,acts-1,0
BR|BR|BOUNDARY,exec-left-turn,G,>EQ  10-Y/R,MEDIUM  SPEED,PEDESTRIAN,NO  LV,RL  0,acts-1,0.008159999999999945
BR|BR|BOUNDARY,exec-left-turn,G,>EQ  10-Y/R,MEDIUM  SPEED,PEDESTRIAN,NO  LV,RL  0,acts-1,0.010887999999999898
BR|BR|BOUNDARY,exec-left-turn,G,>EQ  10-Y/R,MEDIUM  SPEED,PEDESTRIAN,NO  LV,RL  0,acts-1,0.010887999999999898
BR|BR|BOUNDARY,exec-left-turn,G,>EQ  10-Y/R,MEDIUM  SPEED,PEDESTRIAN,NO  LV,RL  0,acts-1,0.0004830000000000112
BR|BR|BOUNDARY,exec-left-turn,G,>EQ  10-Y/R,MEDIUM  SPEED,NO  PEDESTRIAN,NO  LV,RL  0,acts-2,0.003827000000000025
BR|BR|BOUNDARY,exec-left-turn,G,>EQ  10-Y/R,MEDIUM  SPEED,NO  PEDESTRIAN,NO  LV,RL  0,acts-2,0.006290000000000018
BR|BR|BOUNDARY,exec-left-turn,G,>EQ  10-Y/R,MEDIUM  SPEED,NO  PEDESTRIAN,NO  LV,RL  0,acts-2,0.00359799999999999
BR|BR|BOUNDARY,exec-left-turn,G,>EQ  10-Y/R,MEDIUM  SPEED,NO  PEDESTRIAN,NO  LV,RL  0,acts-2,0.00015500000000001624
BR|BR|BOUNDARY,exec-left-turn,G,>EQ  10-Y/R,MEDIUM  SPEED,NO  PEDESTRIAN,NO  LV,RL  0,acts-2,0.001418999999999948
BR|BR|BOUNDARY,exec-left-turn,G,>EQ  10-Y/R,MEDIUM  SPEED,NO  PEDESTRIAN,NO  LV,RL  0,acts-2,0
BR|BR|BOUNDARY,exec-left-turn,G,>EQ  10-Y/R,MEDIUM  SPEED,NO  PEDESTRIAN,NO  LV,RL  0,acts-2,0
BR|BR|BOUNDARY,exec-left-turn,G,>EQ  10-Y/R,MEDIUM  SPEED,NO  PEDESTRIAN,NO  LV,RL  0,acts-2,0.0004569999999999297
BR|BR|BOUNDARY,exec-left-turn,G,>EQ  10-Y/R,MEDIUM  SPEED,NO  PEDESTRIAN,NO  LV,RL  0,acts-2,0.006916999999999951
BR|BR|BOUNDARY,exec-left-turn,G,>EQ  10-Y/R,MEDIUM  SPEED,NO  PEDESTRIAN,LV,  RL  >  2,acts-8,0
BR|BR|BOUNDARY,exec-left-turn,G,>EQ  10-Y/R,MEDIUM  SPEED,NO  PEDESTRIAN,LV,  RL  >  2,acts-8,0
BR|BR|BOUNDARY,exec-left-turn,G,>EQ  10-Y/R,MEDIUM  SPEED,NO  PEDESTRIAN,LV,  RL  >  2,acts-8,0.06837899999999997
BR|BR|BOUNDARY,exec-left-turn,G,>EQ  10-Y/R,MEDIUM  SPEED,NO  PEDESTRIAN,LV,  RL  >  2,acts-8,0
BR|BR|BOUNDARY,exec-left-turn,G,>EQ  10-G,LOW  SPEED,PEDESTRIAN,NO  LV,RL  0,acts-1,0.001338999999999979
BR|BR|BOUNDARY,exec-left-turn,G,>EQ  10-G,LOW  SPEED,PEDESTRIAN,NO  LV,RL  0,acts-1,0.002371000000000012
BR|BR|BOUNDARY,exec-left-turn,G,>EQ  10-G,LOW  SPEED,PEDESTRIAN,NO  LV,RL  0,acts-1,0
BR|BR|BOUNDARY,exec-left-turn,G,>EQ  10-G,LOW  SPEED,PEDESTRIAN,NO  LV,RL  0,acts-1,0.06610499999999997
BR|BR|BOUNDARY,exec-left-turn,G,>EQ  10-G,LOW  SPEED,PEDESTRIAN,NO  LV,RL  0,acts-1,0.06610499999999997
BR|BR|BOUNDARY,exec-left-turn,G,>EQ  10-G,LOW  SPEED,PEDESTRIAN,NO  LV,RL  0,acts-1,0.05297099999999999
BR|BR|BOUNDARY,exec-left-turn,G,>EQ  10-G,LOW  SPEED,PEDESTRIAN,NO  LV,RL  0,acts-1,0.05297099999999999
BR|BR|BOUNDARY,exec-left-turn,G,>EQ  10-G,LOW  SPEED,PEDESTRIAN,NO  LV,RL  0,acts-1,0.06583800000000006
BR|BR|BOUNDARY,exec-left-turn,G,>EQ  10-G,LOW  SPEED,PEDESTRIAN,NO  LV,RL  0,acts-1,0.06583800000000006
BR|BR|BOUNDARY,exec-left-turn,G,>EQ  10-G,LOW  SPEED,PEDESTRIAN,NO  LV,RL  0,acts-1,0.06623900000000005
BR|BR|BOUNDARY,exec-left-turn,G,>EQ  10-G,LOW  SPEED,PEDESTRIAN,NO  LV,RL  0,acts-1,0.06623900000000005
BR|BR|BOUNDARY,exec-left-turn,G,>EQ  10-G,LOW  SPEED,PEDESTRIAN,NO  LV,RL  0,acts-1,0.060667000000000026
BR|BR|BOUNDARY,exec-left-turn,G,>EQ  10-G,LOW  SPEED,PEDESTRIAN,NO  LV,RL  0,acts-1,0.060667000000000026
BR|BR|BOUNDARY,exec-left-turn,G,>EQ  10-G,LOW  SPEED,PEDESTRIAN,NO  LV,RL  0,acts-1,0.06914100000000001
BR|BR|BOUNDARY,exec-left-turn,G,>EQ  10-G,LOW  SPEED,PEDESTRIAN,NO  LV,RL  0,acts-1,0.06914100000000001
BR|BR|BOUNDARY,exec-left-turn,G,>EQ  10-G,LOW  SPEED,PEDESTRIAN,NO  LV,RL  0,acts-1,0.01838200000000001
BR|BR|BOUNDARY,exec-left-turn,G,>EQ  10-G,LOW  SPEED,PEDESTRIAN,NO  LV,RL  0,acts-1,0.07384500000000005
BR|BR|BOUNDARY,exec-left-turn,G,>EQ  10-G,LOW  SPEED,PEDESTRIAN,NO  LV,RL  0,acts-1,0.07384500000000005
BR|BR|BOUNDARY,exec-left-turn,G,>EQ  10-G,LOW  SPEED,PEDESTRIAN,NO  LV,RL  0,acts-1,0.06951199999999991
BR|BR|BOUNDARY,exec-left-turn,G,>EQ  10-G,LOW  SPEED,PEDESTRIAN,NO  LV,RL  0,acts-1,0.06951199999999991
BR|BR|BOUNDARY,exec-left-turn,G,>EQ  10-G,LOW  SPEED,PEDESTRIAN,NO  LV,RL  0,acts-1,0.060971
BR|BR|BOUNDARY,exec-left-turn,G,>EQ  10-G,LOW  SPEED,PEDESTRIAN,NO  LV,RL  0,acts-1,0.060971
BR|BR|BOUNDARY,exec-left-turn,G,>EQ  10-G,LOW  SPEED,PEDESTRIAN,NO  LV,RL  0,acts-1,0.046189000000000036
BR|BR|BOUNDARY,exec-left-turn,G,>EQ  10-G,LOW  SPEED,PEDESTRIAN,NO  LV,RL  0,acts-1,0.046189000000000036
BR|BR|BOUNDARY,exec-left-turn,G,>EQ  10-G,LOW  SPEED,PEDESTRIAN,NO  LV,RL  0,acts-1,0.06453200000000003
BR|BR|BOUNDARY,exec-left-turn,G,>EQ  10-G,LOW  SPEED,PEDESTRIAN,NO  LV,RL  0,acts-1,0.06453200000000003
BR|BR|BOUNDARY,exec-left-turn,G,>EQ  10-G,LOW  SPEED,PEDESTRIAN,NO  LV,RL  0,acts-1,0.049702000000000024
BR|BR|BOUNDARY,exec-left-turn,G,>EQ  10-G,LOW  SPEED,PEDESTRIAN,NO  LV,RL  0,acts-1,0.049702000000000024
BR|BR|BOUNDARY,exec-left-turn,G,>EQ  10-G,LOW  SPEED,PEDESTRIAN,NO  LV,RL  0,acts-1,0
BR|BR|BOUNDARY,exec-left-turn,G,>EQ  10-G,LOW  SPEED,PEDESTRIAN,NO  LV,RL  0,acts-1,0.001487000000000016
BR|BR|BOUNDARY,exec-left-turn,G,>EQ  10-G,LOW  SPEED,PEDESTRIAN,NO  LV,RL  0,acts-1,0.00020300000000006424
BR|BR|BOUNDARY,exec-left-turn,G,>EQ  10-G,LOW  SPEED,PEDESTRIAN,NO  LV,RL  0,acts-1,0.0003030000000000532
BR|BR|BOUNDARY,exec-left-turn,G,>EQ  10-G,LOW  SPEED,PEDESTRIAN,NO  LV,RL  0,acts-1,0
BR|BR|BOUNDARY,exec-left-turn,G,>EQ  10-G,LOW  SPEED,PEDESTRIAN,NO  LV,  RL  <EQ  2,acts-1,0
BR|BR|BOUNDARY,exec-left-turn,G,>EQ  10-G,LOW  SPEED,PEDESTRIAN,NO  LV,  RL  >  2,acts-1,0
BR|BR|BOUNDARY,exec-left-turn,G,>EQ  10-G,LOW  SPEED,PEDESTRIAN,LV,  RL  <EQ  2,acts-7,0
BR|BR|BOUNDARY,exec-left-turn,G,>EQ  10-G,LOW  SPEED,PEDESTRIAN,LV,  RL  <EQ  2,acts-7,0.04141000000000006
BR|BR|BOUNDARY,exec-left-turn,G,>EQ  10-G,LOW  SPEED,PEDESTRIAN,LV,  RL  >  2,acts-7,0.06448399999999999
BR|BR|BOUNDARY,exec-left-turn,G,>EQ  10-G,LOW  SPEED,PEDESTRIAN,LV,  RL  >  2,acts-7,0.06448399999999999
BR|BR|BOUNDARY,exec-left-turn,G,>EQ  10-G,LOW  SPEED,PEDESTRIAN,LV,  RL  >  2,acts-7,0.032870999999999984
BR|BR|BOUNDARY,exec-left-turn,G,>EQ  10-G,LOW  SPEED,PEDESTRIAN,LV,  RL  >  2,acts-7,0
BR|BR|BOUNDARY,exec-left-turn,G,>EQ  10-G,LOW  SPEED,PEDESTRIAN,LV,  RL  >  2,acts-7,0.05408599999999997
BR|BR|BOUNDARY,exec-left-turn,G,>EQ  10-G,LOW  SPEED,PEDESTRIAN,LV,  RL  >  2,acts-7,0
BR|BR|BOUNDARY,exec-left-turn,G,>EQ  10-G,LOW  SPEED,PEDESTRIAN,LV,  RL  >  2,acts-7,0
BR|BR|BOUNDARY,exec-left-turn,G,>EQ  10-G,LOW  SPEED,PEDESTRIAN,LV,  RL  >  2,acts-7,0.04963200000000001
BR|BR|BOUNDARY,exec-left-turn,G,>EQ  10-G,LOW  SPEED,NO  PEDESTRIAN,NO  LV,RL  0,acts-2,0
BR|BR|BOUNDARY,exec-left-turn,G,>EQ  10-G,LOW  SPEED,NO  PEDESTRIAN,NO  LV,RL  0,acts-2,0
BR|BR|BOUNDARY,exec-left-turn,G,>EQ  10-G,LOW  SPEED,NO  PEDESTRIAN,NO  LV,RL  0,acts-2,0
BR|BR|BOUNDARY,exec-left-turn,G,>EQ  10-G,LOW  SPEED,NO  PEDESTRIAN,NO  LV,RL  0,acts-2,0.072515
BR|BR|BOUNDARY,exec-left-turn,G,>EQ  10-G,LOW  SPEED,NO  PEDESTRIAN,NO  LV,RL  0,acts-2,0.003745999999999916
BR|BR|BOUNDARY,exec-left-turn,G,>EQ  10-G,LOW  SPEED,NO  PEDESTRIAN,NO  LV,RL  0,acts-2,0.067164
BR|BR|BOUNDARY,exec-left-turn,G,>EQ  10-G,LOW  SPEED,NO  PEDESTRIAN,NO  LV,RL  0,acts-2,0
BR|BR|BOUNDARY,exec-left-turn,G,>EQ  10-G,LOW  SPEED,NO  PEDESTRIAN,NO  LV,RL  0,acts-2,0
BR|BR|BOUNDARY,exec-left-turn,G,>EQ  10-G,LOW  SPEED,NO  PEDESTRIAN,NO  LV,RL  0,acts-2,0.018391999999999964
BR|BR|BOUNDARY,exec-left-turn,G,>EQ  10-G,LOW  SPEED,NO  PEDESTRIAN,NO  LV,RL  0,acts-2,0.00031999999999998696
BR|BR|BOUNDARY,exec-left-turn,G,>EQ  10-G,LOW  SPEED,NO  PEDESTRIAN,NO  LV,RL  0,acts-2,9.300000000000974e-05
BR|BR|BOUNDARY,exec-left-turn,G,>EQ  10-G,LOW  SPEED,NO  PEDESTRIAN,NO  LV,RL  0,acts-2,0.0009339999999999904
BR|BR|BOUNDARY,exec-left-turn,G,>EQ  10-G,LOW  SPEED,NO  PEDESTRIAN,NO  LV,RL  0,acts-2,0.016098000000000057
BR|BR|BOUNDARY,exec-left-turn,G,>EQ  10-G,LOW  SPEED,NO  PEDESTRIAN,NO  LV,RL  0,acts-2,0.02460299999999993
BR|BR|BOUNDARY,exec-left-turn,G,>EQ  10-G,LOW  SPEED,NO  PEDESTRIAN,NO  LV,RL  0,acts-2,0.006977999999999929
BR|BR|BOUNDARY,exec-left-turn,G,>EQ  10-G,LOW  SPEED,NO  PEDESTRIAN,NO  LV,RL  0,acts-2,0
BR|BR|BOUNDARY,exec-left-turn,G,>EQ  10-G,LOW  SPEED,NO  PEDESTRIAN,NO  LV,RL  0,acts-2,0.0005610000000000337
BR|BR|BOUNDARY,exec-left-turn,G,>EQ  10-G,LOW  SPEED,NO  PEDESTRIAN,NO  LV,RL  0,acts-2,0
BR|BR|BOUNDARY,exec-left-turn,G,>EQ  10-G,LOW  SPEED,NO  PEDESTRIAN,NO  LV,RL  0,acts-2,0.019954000000000027
BR|BR|BOUNDARY,exec-left-turn,G,>EQ  10-G,LOW  SPEED,NO  PEDESTRIAN,NO  LV,RL  0,acts-2,0.0010669999999999291
BR|BR|BOUNDARY,exec-left-turn,G,>EQ  10-G,LOW  SPEED,NO  PEDESTRIAN,NO  LV,RL  0,acts-2,0.00034599999999995745
BR|BR|BOUNDARY,exec-left-turn,G,>EQ  10-G,LOW  SPEED,NO  PEDESTRIAN,NO  LV,  RL  <EQ  2,acts-2,0.00012299999999998423
BR|BR|BOUNDARY,exec-left-turn,G,>EQ  10-G,LOW  SPEED,NO  PEDESTRIAN,NO  LV,  RL  >  2,acts-2,0.004390000000000005
BR|BR|BOUNDARY,exec-left-turn,G,>EQ  10-G,MEDIUM  SPEED,PEDESTRIAN,NO  LV,RL  0,acts-1,0.0020419999999999883
BR|BR|BOUNDARY,exec-left-turn,G,>EQ  10-G,MEDIUM  SPEED,PEDESTRIAN,NO  LV,RL  0,acts-1,0.0022480000000000278
BR|BR|BOUNDARY,exec-left-turn,G,>EQ  10-G,MEDIUM  SPEED,PEDESTRIAN,NO  LV,RL  0,acts-1,0
BR|BR|BOUNDARY,exec-left-turn,G,>EQ  10-G,MEDIUM  SPEED,PEDESTRIAN,NO  LV,RL  0,acts-1,0
BR|BR|BOUNDARY,exec-left-turn,G,>EQ  10-G,MEDIUM  SPEED,PEDESTRIAN,NO  LV,RL  0,acts-1,0.008159999999999945
BR|BR|BOUNDARY,exec-left-turn,G,>EQ  10-G,MEDIUM  SPEED,PEDESTRIAN,NO  LV,RL  0,acts-1,0.010887999999999898
BR|BR|BOUNDARY,exec-left-turn,G,>EQ  10-G,MEDIUM  SPEED,PEDESTRIAN,NO  LV,RL  0,acts-1,0.010887999999999898
BR|BR|BOUNDARY,exec-left-turn,G,>EQ  10-G,MEDIUM  SPEED,PEDESTRIAN,NO  LV,RL  0,acts-1,0.0004830000000000112
BR|BR|BOUNDARY,exec-left-turn,G,>EQ  10-G,MEDIUM  SPEED,NO  PEDESTRIAN,NO  LV,RL  0,acts-2,0.003827000000000025
BR|BR|BOUNDARY,exec-left-turn,G,>EQ  10-G,MEDIUM  SPEED,NO  PEDESTRIAN,NO  LV,RL  0,acts-2,0.006290000000000018
BR|BR|BOUNDARY,exec-left-turn,G,>EQ  10-G,MEDIUM  SPEED,NO  PEDESTRIAN,NO  LV,RL  0,acts-2,0.00359799999999999
BR|BR|BOUNDARY,exec-left-turn,G,>EQ  10-G,MEDIUM  SPEED,NO  PEDESTRIAN,NO  LV,RL  0,acts-2,0.00015500000000001624
BR|BR|BOUNDARY,exec-left-turn,G,>EQ  10-G,MEDIUM  SPEED,NO  PEDESTRIAN,NO  LV,RL  0,acts-2,0.001418999999999948
BR|BR|BOUNDARY,exec-left-turn,G,>EQ  10-G,MEDIUM  SPEED,NO  PEDESTRIAN,NO  LV,RL  0,acts-2,0
BR|BR|BOUNDARY,exec-left-turn,G,>EQ  10-G,MEDIUM  SPEED,NO  PEDESTRIAN,NO  LV,RL  0,acts-2,0
BR|BR|BOUNDARY,exec-left-turn,G,>EQ  10-G,MEDIUM  SPEED,NO  PEDESTRIAN,NO  LV,RL  0,acts-2,0.0004569999999999297
BR|BR|BOUNDARY,exec-left-turn,G,>EQ  10-G,MEDIUM  SPEED,NO  PEDESTRIAN,NO  LV,RL  0,acts-2,0.006916999999999951
BR|BR|BOUNDARY,exec-left-turn,G,>EQ  10-G,MEDIUM  SPEED,NO  PEDESTRIAN,LV,  RL  >  2,acts-8,0
BR|BR|BOUNDARY,exec-left-turn,G,>EQ  10-G,MEDIUM  SPEED,NO  PEDESTRIAN,LV,  RL  >  2,acts-8,0
BR|BR|BOUNDARY,exec-left-turn,G,>EQ  10-G,MEDIUM  SPEED,NO  PEDESTRIAN,LV,  RL  >  2,acts-8,0.06837899999999997
BR|BR|BOUNDARY,exec-left-turn,G,>EQ  10-G,MEDIUM  SPEED,NO  PEDESTRIAN,LV,  RL  >  2,acts-8,0
BR|BR|BOUNDARY,OTHER  LANES,Y,<10-Y/R,LOW  SPEED,PEDESTRIAN,NO  LV,  RL  >  2,acts-5,0
BR|BR|BOUNDARY,OTHER  LANES,G,<10-Y/R,LOW  SPEED,PEDESTRIAN,NO  LV,RL  0,acts-2,0.07472699999999999
BR|BR|BOUNDARY,OTHER  LANES,G,<10-Y/R,LOW  SPEED,PEDESTRIAN,NO  LV,RL  0,acts-2,0.08013900000000007
BR|BR|BOUNDARY,OTHER  LANES,G,<10-Y/R,LOW  SPEED,PEDESTRIAN,NO  LV,RL  0,acts-2,0.072241
BR|BR|BOUNDARY,OTHER  LANES,G,<10-Y/R,LOW  SPEED,PEDESTRIAN,NO  LV,RL  0,acts-2,0.07477299999999998
BR|BR|BOUNDARY,OTHER  LANES,G,<10-Y/R,LOW  SPEED,PEDESTRIAN,NO  LV,RL  0,acts-2,0.07355
BR|BR|BOUNDARY,OTHER  LANES,G,<10-Y/R,LOW  SPEED,PEDESTRIAN,NO  LV,RL  0,acts-2,0.07726900000000003
BR|BR|BOUNDARY,OTHER  LANES,G,<10-Y/R,LOW  SPEED,PEDESTRIAN,NO  LV,RL  0,acts-2,0.06305099999999997
BR|BR|BOUNDARY,OTHER  LANES,G,<10-Y/R,LOW  SPEED,PEDESTRIAN,NO  LV,RL  0,acts-2,0.06897399999999998
BR|BR|BOUNDARY,OTHER  LANES,G,<10-Y/R,LOW  SPEED,PEDESTRIAN,NO  LV,RL  0,acts-2,0.014939999999999953
BR|BR|BOUNDARY,OTHER  LANES,G,<10-Y/R,LOW  SPEED,PEDESTRIAN,NO  LV,  RL  >  2,acts-5,0
BR|BR|BOUNDARY,OTHER  LANES,G,<10-Y/R,LOW  SPEED,PEDESTRIAN,NO  LV,  RL  >  2,acts-5,0.015101000000000031
BR|BR|BOUNDARY,OTHER  LANES,G,<10-Y/R,LOW  SPEED,PEDESTRIAN,NO  LV,  RL  >  2,acts-5,0.021784000000000026
BR|BR|BOUNDARY,OTHER  LANES,G,<10-Y/R,LOW  SPEED,PEDESTRIAN,LV,  RL  >  2,acts-9,0
BR|BR|BOUNDARY,OTHER  LANES,G,<10-Y/R,LOW  SPEED,PEDESTRIAN,LV,  RL  >  2,acts-9,0
BR|BR|BOUNDARY,OTHER  LANES,G,<10-Y/R,LOW  SPEED,PEDESTRIAN,LV,  RL  >  2,acts-9,0.28672600000000004
BR|BR|BOUNDARY,OTHER  LANES,G,<10-Y/R,LOW  SPEED,PEDESTRIAN,LV,  RL  >  2,acts-9,0.29864700000000005
BR|BR|BOUNDARY,OTHER  LANES,G,<10-Y/R,LOW  SPEED,NO  PEDESTRIAN,NO  LV,RL  0,acts-2,0.006171000000000038
BR|BR|BOUNDARY,OTHER  LANES,G,<10-Y/R,LOW  SPEED,NO  PEDESTRIAN,NO  LV,RL  0,acts-2,0.0023000000000000798
BR|BR|BOUNDARY,OTHER  LANES,G,<10-Y/R,LOW  SPEED,NO  PEDESTRIAN,NO  LV,  RL  >  2,acts-2,0
BR|BR|BOUNDARY,OTHER  LANES,G,<10-Y/R,LOW  SPEED,NO  PEDESTRIAN,LV,  RL  <EQ  2,acts-9,0
BR|BR|BOUNDARY,OTHER  LANES,G,<10-Y/R,LOW  SPEED,NO  PEDESTRIAN,LV,  RL  >  2,acts-9,0.0023999999999999577
BR|BR|BOUNDARY,OTHER  LANES,G,<10-Y/R,LOW  SPEED,NO  PEDESTRIAN,LV,  RL  >  2,acts-9,0.285633
BR|BR|BOUNDARY,OTHER  LANES,G,<10-Y/R,LOW  SPEED,NO  PEDESTRIAN,LV,  RL  >  2,acts-9,0.09151399999999998
BR|BR|BOUNDARY,OTHER  LANES,G,<10-Y/R,LOW  SPEED,NO  PEDESTRIAN,LV,  RL  >  2,acts-9,0.363072
BR|BR|BOUNDARY,OTHER  LANES,G,<10-Y/R,LOW  SPEED,NO  PEDESTRIAN,LV,  RL  >  2,acts-9,0
BR|BR|BOUNDARY,OTHER  LANES,G,<10-Y/R,LOW  SPEED,NO  PEDESTRIAN,LV,  RL  >  2,acts-9,0
BR|BR|BOUNDARY,OTHER  LANES,G,<10-Y/R,LOW  SPEED,NO  PEDESTRIAN,LV,  RL  >  2,acts-9,0
BR|BR|BOUNDARY,OTHER  LANES,G,<10-G,LOW  SPEED,PEDESTRIAN,NO  LV,RL  0,acts-2,0.07472699999999999
BR|BR|BOUNDARY,OTHER  LANES,G,<10-G,LOW  SPEED,PEDESTRIAN,NO  LV,RL  0,acts-2,0.08013900000000007
BR|BR|BOUNDARY,OTHER  LANES,G,<10-G,LOW  SPEED,PEDESTRIAN,NO  LV,RL  0,acts-2,0.072241
BR|BR|BOUNDARY,OTHER  LANES,G,<10-G,LOW  SPEED,PEDESTRIAN,NO  LV,RL  0,acts-2,0.07477299999999998
BR|BR|BOUNDARY,OTHER  LANES,G,<10-G,LOW  SPEED,PEDESTRIAN,NO  LV,RL  0,acts-2,0.07355
BR|BR|BOUNDARY,OTHER  LANES,G,<10-G,LOW  SPEED,PEDESTRIAN,NO  LV,RL  0,acts-2,0.07726900000000003
BR|BR|BOUNDARY,OTHER  LANES,G,<10-G,LOW  SPEED,PEDESTRIAN,NO  LV,RL  0,acts-2,0.06305099999999997
BR|BR|BOUNDARY,OTHER  LANES,G,<10-G,LOW  SPEED,PEDESTRIAN,NO  LV,RL  0,acts-2,0.06897399999999998
BR|BR|BOUNDARY,OTHER  LANES,G,<10-G,LOW  SPEED,PEDESTRIAN,NO  LV,RL  0,acts-2,0.014939999999999953
BR|BR|BOUNDARY,OTHER  LANES,G,<10-G,LOW  SPEED,PEDESTRIAN,NO  LV,  RL  >  2,acts-5,0
BR|BR|BOUNDARY,OTHER  LANES,G,<10-G,LOW  SPEED,PEDESTRIAN,NO  LV,  RL  >  2,acts-5,0.015101000000000031
BR|BR|BOUNDARY,OTHER  LANES,G,<10-G,LOW  SPEED,PEDESTRIAN,NO  LV,  RL  >  2,acts-5,0.021784000000000026
BR|BR|BOUNDARY,OTHER  LANES,G,<10-G,LOW  SPEED,PEDESTRIAN,LV,  RL  >  2,acts-9,0
BR|BR|BOUNDARY,OTHER  LANES,G,<10-G,LOW  SPEED,PEDESTRIAN,LV,  RL  >  2,acts-9,0
BR|BR|BOUNDARY,OTHER  LANES,G,<10-G,LOW  SPEED,PEDESTRIAN,LV,  RL  >  2,acts-9,0.28672600000000004
BR|BR|BOUNDARY,OTHER  LANES,G,<10-G,LOW  SPEED,PEDESTRIAN,LV,  RL  >  2,acts-9,0.29864700000000005
BR|BR|BOUNDARY,OTHER  LANES,G,<10-G,LOW  SPEED,NO  PEDESTRIAN,NO  LV,RL  0,acts-2,0.006171000000000038
BR|BR|BOUNDARY,OTHER  LANES,G,<10-G,LOW  SPEED,NO  PEDESTRIAN,NO  LV,RL  0,acts-2,0.0023000000000000798
BR|BR|BOUNDARY,OTHER  LANES,G,<10-G,LOW  SPEED,NO  PEDESTRIAN,NO  LV,  RL  >  2,acts-2,0
BR|BR|BOUNDARY,OTHER  LANES,G,<10-G,LOW  SPEED,NO  PEDESTRIAN,LV,  RL  <EQ  2,acts-9,0
BR|BR|BOUNDARY,OTHER  LANES,G,<10-G,LOW  SPEED,NO  PEDESTRIAN,LV,  RL  >  2,acts-9,0.0023999999999999577
BR|BR|BOUNDARY,OTHER  LANES,G,<10-G,LOW  SPEED,NO  PEDESTRIAN,LV,  RL  >  2,acts-9,0.285633
BR|BR|BOUNDARY,OTHER  LANES,G,<10-G,LOW  SPEED,NO  PEDESTRIAN,LV,  RL  >  2,acts-9,0.09151399999999998
BR|BR|BOUNDARY,OTHER  LANES,G,<10-G,LOW  SPEED,NO  PEDESTRIAN,LV,  RL  >  2,acts-9,0.363072
BR|BR|BOUNDARY,OTHER  LANES,G,<10-G,LOW  SPEED,NO  PEDESTRIAN,LV,  RL  >  2,acts-9,0
BR|BR|BOUNDARY,OTHER  LANES,G,<10-G,LOW  SPEED,NO  PEDESTRIAN,LV,  RL  >  2,acts-9,0
BR|BR|BOUNDARY,OTHER  LANES,G,<10-G,LOW  SPEED,NO  PEDESTRIAN,LV,  RL  >  2,acts-9,0
BR|BR|BOUNDARY,OTHER  LANES,G,>EQ  10-Y/R,LOW  SPEED,PEDESTRIAN,NO  LV,RL  0,acts-5,0.045817999999999914
BR|BR|BOUNDARY,OTHER  LANES,G,>EQ  10-Y/R,LOW  SPEED,PEDESTRIAN,NO  LV,RL  0,acts-5,0.04462300000000008
BR|BR|BOUNDARY,OTHER  LANES,G,>EQ  10-Y/R,LOW  SPEED,PEDESTRIAN,NO  LV,RL  0,acts-5,0.038583000000000034
BR|BR|BOUNDARY,OTHER  LANES,G,>EQ  10-Y/R,LOW  SPEED,PEDESTRIAN,NO  LV,RL  0,acts-5,0.015330999999999984
BR|BR|BOUNDARY,OTHER  LANES,G,>EQ  10-Y/R,LOW  SPEED,PEDESTRIAN,NO  LV,RL  0,acts-5,0.008742000000000028
BR|BR|BOUNDARY,OTHER  LANES,G,>EQ  10-Y/R,LOW  SPEED,PEDESTRIAN,NO  LV,RL  0,acts-5,0.00581799999999999
BR|BR|BOUNDARY,OTHER  LANES,G,>EQ  10-Y/R,LOW  SPEED,PEDESTRIAN,NO  LV,RL  0,acts-5,0.01723600000000003
BR|BR|BOUNDARY,OTHER  LANES,G,>EQ  10-Y/R,LOW  SPEED,PEDESTRIAN,NO  LV,RL  0,acts-5,0.03906899999999991
BR|BR|BOUNDARY,OTHER  LANES,G,>EQ  10-Y/R,LOW  SPEED,PEDESTRIAN,NO  LV,RL  0,acts-5,0.04257299999999997
BR|BR|BOUNDARY,OTHER  LANES,G,>EQ  10-Y/R,LOW  SPEED,PEDESTRIAN,NO  LV,RL  0,acts-5,0.037117999999999984
BR|BR|BOUNDARY,OTHER  LANES,G,>EQ  10-Y/R,LOW  SPEED,PEDESTRIAN,NO  LV,RL  0,acts-5,0.04671700000000001
BR|BR|BOUNDARY,OTHER  LANES,G,>EQ  10-Y/R,LOW  SPEED,PEDESTRIAN,NO  LV,RL  0,acts-5,0.04744999999999999
BR|BR|BOUNDARY,OTHER  LANES,G,>EQ  10-Y/R,LOW  SPEED,PEDESTRIAN,NO  LV,RL  0,acts-2,0
BR|BR|BOUNDARY,OTHER  LANES,G,>EQ  10-Y/R,LOW  SPEED,PEDESTRIAN,NO  LV,RL  0,acts-2,0
BR|BR|BOUNDARY,OTHER  LANES,G,>EQ  10-Y/R,LOW  SPEED,PEDESTRIAN,NO  LV,RL  0,acts-2,0.070542
BR|BR|BOUNDARY,OTHER  LANES,G,>EQ  10-Y/R,LOW  SPEED,PEDESTRIAN,NO  LV,RL  0,acts-2,0.07070500000000002
BR|BR|BOUNDARY,OTHER  LANES,G,>EQ  10-Y/R,LOW  SPEED,PEDESTRIAN,NO  LV,RL  0,acts-2,0.07586000000000004
BR|BR|BOUNDARY,OTHER  LANES,G,>EQ  10-Y/R,LOW  SPEED,PEDESTRIAN,NO  LV,RL  0,acts-2,0.073461
BR|BR|BOUNDARY,OTHER  LANES,G,>EQ  10-Y/R,LOW  SPEED,PEDESTRIAN,NO  LV,RL  0,acts-2,0.06459000000000004
BR|BR|BOUNDARY,OTHER  LANES,G,>EQ  10-Y/R,LOW  SPEED,PEDESTRIAN,NO  LV,RL  0,acts-2,0.068832
BR|BR|BOUNDARY,OTHER  LANES,G,>EQ  10-Y/R,LOW  SPEED,PEDESTRIAN,NO  LV,RL  0,acts-2,0.07050400000000001
BR|BR|BOUNDARY,OTHER  LANES,G,>EQ  10-Y/R,LOW  SPEED,PEDESTRIAN,NO  LV,RL  0,acts-2,0.06155299999999997
BR|BR|BOUNDARY,OTHER  LANES,G,>EQ  10-Y/R,LOW  SPEED,PEDESTRIAN,NO  LV,RL  0,acts-2,0.067195
BR|BR|BOUNDARY,OTHER  LANES,G,>EQ  10-Y/R,LOW  SPEED,PEDESTRIAN,NO  LV,RL  0,acts-2,0.07074100000000005
BR|BR|BOUNDARY,OTHER  LANES,G,>EQ  10-Y/R,LOW  SPEED,PEDESTRIAN,NO  LV,RL  0,acts-2,0.07093499999999997
BR|BR|BOUNDARY,OTHER  LANES,G,>EQ  10-Y/R,LOW  SPEED,PEDESTRIAN,NO  LV,RL  0,acts-2,0.07937700000000003
BR|BR|BOUNDARY,OTHER  LANES,G,>EQ  10-Y/R,LOW  SPEED,PEDESTRIAN,NO  LV,RL  0,acts-2,0.070434
BR|BR|BOUNDARY,OTHER  LANES,G,>EQ  10-Y/R,LOW  SPEED,PEDESTRIAN,NO  LV,RL  0,acts-2,0.06723000000000001
BR|BR|BOUNDARY,OTHER  LANES,G,>EQ  10-Y/R,LOW  SPEED,PEDESTRIAN,NO  LV,RL  0,acts-2,0.0013900000000000023
BR|BR|BOUNDARY,OTHER  LANES,G,>EQ  10-Y/R,LOW  SPEED,PEDESTRIAN,NO  LV,RL  0,acts-2,0.012325999999999948
BR|BR|BOUNDARY,OTHER  LANES,G,>EQ  10-Y/R,LOW  SPEED,PEDESTRIAN,NO  LV,RL  0,acts-2,0.0023560000000000247
BR|BR|BOUNDARY,OTHER  LANES,G,>EQ  10-Y/R,LOW  SPEED,PEDESTRIAN,NO  LV,RL  0,acts-2,0
BR|BR|BOUNDARY,OTHER  LANES,G,>EQ  10-Y/R,LOW  SPEED,PEDESTRIAN,NO  LV,  RL  <EQ  2,acts-5,0.0
BR|BR|BOUNDARY,OTHER  LANES,G,>EQ  10-Y/R,LOW  SPEED,PEDESTRIAN,NO  LV,  RL  >  2,acts-5,0
BR|BR|BOUNDARY,OTHER  LANES,G,>EQ  10-Y/R,LOW  SPEED,PEDESTRIAN,NO  LV,  RL  >  2,acts-5,0.0002889999999999837
BR|BR|BOUNDARY,OTHER  LANES,G,>EQ  10-Y/R,LOW  SPEED,PEDESTRIAN,NO  LV,  RL  >  2,acts-5,0.024935999999999958
BR|BR|BOUNDARY,OTHER  LANES,G,>EQ  10-Y/R,LOW  SPEED,PEDESTRIAN,NO  LV,  RL  >  2,acts-5,0.0
BR|BR|BOUNDARY,OTHER  LANES,G,>EQ  10-Y/R,LOW  SPEED,PEDESTRIAN,NO  LV,  RL  >  2,acts-5,0
BR|BR|BOUNDARY,OTHER  LANES,G,>EQ  10-Y/R,LOW  SPEED,PEDESTRIAN,NO  LV,  RL  >  2,acts-2,0
BR|BR|BOUNDARY,OTHER  LANES,G,>EQ  10-Y/R,LOW  SPEED,PEDESTRIAN,NO  LV,  RL  >  2,acts-2,0
BR|BR|BOUNDARY,OTHER  LANES,G,>EQ  10-Y/R,LOW  SPEED,PEDESTRIAN,NO  LV,  RL  >  2,acts-2,0
BR|BR|BOUNDARY,OTHER  LANES,G,>EQ  10-Y/R,LOW  SPEED,PEDESTRIAN,NO  LV,  RL  >  2,acts-2,0
BR|BR|BOUNDARY,OTHER  LANES,G,>EQ  10-Y/R,LOW  SPEED,PEDESTRIAN,NO  LV,  RL  >  2,acts-2,0.0
BR|BR|BOUNDARY,OTHER  LANES,G,>EQ  10-Y/R,LOW  SPEED,PEDESTRIAN,NO  LV,  RL  >  2,acts-2,0
BR|BR|BOUNDARY,OTHER  LANES,G,>EQ  10-Y/R,LOW  SPEED,PEDESTRIAN,NO  LV,  RL  >  2,acts-2,0.0
BR|BR|BOUNDARY,OTHER  LANES,G,>EQ  10-Y/R,LOW  SPEED,PEDESTRIAN,LV,  RL  <EQ  2,acts-9,0
BR|BR|BOUNDARY,OTHER  LANES,G,>EQ  10-Y/R,LOW  SPEED,PEDESTRIAN,LV,  RL  <EQ  2,acts-9,0
BR|BR|BOUNDARY,OTHER  LANES,G,>EQ  10-Y/R,LOW  SPEED,PEDESTRIAN,LV,  RL  <EQ  2,acts-9,0
BR|BR|BOUNDARY,OTHER  LANES,G,>EQ  10-Y/R,LOW  SPEED,PEDESTRIAN,LV,  RL  <EQ  2,acts-9,0
BR|BR|BOUNDARY,OTHER  LANES,G,>EQ  10-Y/R,LOW  SPEED,PEDESTRIAN,LV,  RL  <EQ  2,acts-9,0.0007780000000000009
BR|BR|BOUNDARY,OTHER  LANES,G,>EQ  10-Y/R,LOW  SPEED,PEDESTRIAN,LV,  RL  <EQ  2,acts-9,0.000130000000000019
BR|BR|BOUNDARY,OTHER  LANES,G,>EQ  10-Y/R,LOW  SPEED,PEDESTRIAN,LV,  RL  <EQ  2,acts-9,0.00036800000000003497
BR|BR|BOUNDARY,OTHER  LANES,G,>EQ  10-Y/R,LOW  SPEED,PEDESTRIAN,LV,  RL  >  2,acts-9,0.07500800000000002
BR|BR|BOUNDARY,OTHER  LANES,G,>EQ  10-Y/R,LOW  SPEED,PEDESTRIAN,LV,  RL  >  2,acts-9,0.01033700000000004
BR|BR|BOUNDARY,OTHER  LANES,G,>EQ  10-Y/R,LOW  SPEED,PEDESTRIAN,LV,  RL  >  2,acts-9,0
BR|BR|BOUNDARY,OTHER  LANES,G,>EQ  10-Y/R,LOW  SPEED,PEDESTRIAN,LV,  RL  >  2,acts-9,0
BR|BR|BOUNDARY,OTHER  LANES,G,>EQ  10-Y/R,LOW  SPEED,PEDESTRIAN,LV,  RL  >  2,acts-9,0.01022400000000001
BR|BR|BOUNDARY,OTHER  LANES,G,>EQ  10-Y/R,LOW  SPEED,PEDESTRIAN,LV,  RL  >  2,acts-9,0
BR|BR|BOUNDARY,OTHER  LANES,G,>EQ  10-Y/R,LOW  SPEED,PEDESTRIAN,LV,  RL  >  2,acts-9,0
BR|BR|BOUNDARY,OTHER  LANES,G,>EQ  10-Y/R,LOW  SPEED,PEDESTRIAN,LV,  RL  >  2,acts-9,0.0
BR|BR|BOUNDARY,OTHER  LANES,G,>EQ  10-Y/R,LOW  SPEED,PEDESTRIAN,LV,  RL  >  2,acts-9,0
BR|BR|BOUNDARY,OTHER  LANES,G,>EQ  10-Y/R,LOW  SPEED,PEDESTRIAN,LV,  RL  >  2,acts-9,0
BR|BR|BOUNDARY,OTHER  LANES,G,>EQ  10-Y/R,LOW  SPEED,PEDESTRIAN,LV,  RL  >  2,acts-9,0
BR|BR|BOUNDARY,OTHER  LANES,G,>EQ  10-Y/R,LOW  SPEED,PEDESTRIAN,LV,  RL  >  2,acts-9,0
BR|BR|BOUNDARY,OTHER  LANES,G,>EQ  10-Y/R,LOW  SPEED,PEDESTRIAN,LV,  RL  >  2,acts-9,0
BR|BR|BOUNDARY,OTHER  LANES,G,>EQ  10-Y/R,LOW  SPEED,PEDESTRIAN,LV,  RL  >  2,acts-9,0
BR|BR|BOUNDARY,OTHER  LANES,G,>EQ  10-Y/R,LOW  SPEED,PEDESTRIAN,LV,  RL  >  2,acts-9,0
BR|BR|BOUNDARY,OTHER  LANES,G,>EQ  10-Y/R,LOW  SPEED,NO  PEDESTRIAN,NO  LV,RL  0,acts-2,0.067774
BR|BR|BOUNDARY,OTHER  LANES,G,>EQ  10-Y/R,LOW  SPEED,NO  PEDESTRIAN,NO  LV,RL  0,acts-2,0.06685399999999997
BR|BR|BOUNDARY,OTHER  LANES,G,>EQ  10-Y/R,LOW  SPEED,NO  PEDESTRIAN,NO  LV,RL  0,acts-2,0
BR|BR|BOUNDARY,OTHER  LANES,G,>EQ  10-Y/R,LOW  SPEED,NO  PEDESTRIAN,NO  LV,RL  0,acts-2,0
BR|BR|BOUNDARY,OTHER  LANES,G,>EQ  10-Y/R,LOW  SPEED,NO  PEDESTRIAN,NO  LV,RL  0,acts-2,0.00024100000000004673
BR|BR|BOUNDARY,OTHER  LANES,G,>EQ  10-Y/R,LOW  SPEED,NO  PEDESTRIAN,NO  LV,RL  0,acts-2,0.004066000000000014
BR|BR|BOUNDARY,OTHER  LANES,G,>EQ  10-Y/R,LOW  SPEED,NO  PEDESTRIAN,NO  LV,RL  0,acts-2,0.0046999999999999265
BR|BR|BOUNDARY,OTHER  LANES,G,>EQ  10-Y/R,LOW  SPEED,NO  PEDESTRIAN,NO  LV,RL  0,acts-2,0.0044079999999999675
BR|BR|BOUNDARY,OTHER  LANES,G,>EQ  10-Y/R,LOW  SPEED,NO  PEDESTRIAN,NO  LV,RL  0,acts-2,0
BR|BR|BOUNDARY,OTHER  LANES,G,>EQ  10-Y/R,LOW  SPEED,NO  PEDESTRIAN,NO  LV,RL  0,acts-2,0
BR|BR|BOUNDARY,OTHER  LANES,G,>EQ  10-Y/R,LOW  SPEED,NO  PEDESTRIAN,NO  LV,RL  0,acts-2,0.0005709999999999882
BR|BR|BOUNDARY,OTHER  LANES,G,>EQ  10-Y/R,LOW  SPEED,NO  PEDESTRIAN,NO  LV,RL  0,acts-2,0
BR|BR|BOUNDARY,OTHER  LANES,G,>EQ  10-Y/R,LOW  SPEED,NO  PEDESTRIAN,NO  LV,RL  0,acts-2,0
BR|BR|BOUNDARY,OTHER  LANES,G,>EQ  10-Y/R,LOW  SPEED,NO  PEDESTRIAN,NO  LV,  RL  >  2,acts-2,0
BR|BR|BOUNDARY,OTHER  LANES,G,>EQ  10-Y/R,LOW  SPEED,NO  PEDESTRIAN,NO  LV,  RL  >  2,acts-2,0
BR|BR|BOUNDARY,OTHER  LANES,G,>EQ  10-Y/R,LOW  SPEED,NO  PEDESTRIAN,NO  LV,  RL  >  2,acts-2,0
BR|BR|BOUNDARY,OTHER  LANES,G,>EQ  10-Y/R,LOW  SPEED,NO  PEDESTRIAN,NO  LV,  RL  >  2,acts-2,0
BR|BR|BOUNDARY,OTHER  LANES,G,>EQ  10-Y/R,LOW  SPEED,NO  PEDESTRIAN,NO  LV,  RL  >  2,acts-2,0
BR|BR|BOUNDARY,OTHER  LANES,G,>EQ  10-Y/R,LOW  SPEED,NO  PEDESTRIAN,NO  LV,  RL  >  2,acts-2,0
BR|BR|BOUNDARY,OTHER  LANES,G,>EQ  10-Y/R,LOW  SPEED,NO  PEDESTRIAN,LV,  RL  <EQ  2,acts-9,0.0006900000000000794
BR|BR|BOUNDARY,OTHER  LANES,G,>EQ  10-Y/R,LOW  SPEED,NO  PEDESTRIAN,LV,  RL  <EQ  2,acts-9,0
BR|BR|BOUNDARY,OTHER  LANES,G,>EQ  10-Y/R,LOW  SPEED,NO  PEDESTRIAN,LV,  RL  >  2,acts-9,0.04426600000000003
BR|BR|BOUNDARY,OTHER  LANES,G,>EQ  10-Y/R,LOW  SPEED,NO  PEDESTRIAN,LV,  RL  >  2,acts-9,0
BR|BR|BOUNDARY,OTHER  LANES,G,>EQ  10-Y/R,LOW  SPEED,NO  PEDESTRIAN,LV,  RL  >  2,acts-9,0
BR|BR|BOUNDARY,OTHER  LANES,G,>EQ  10-Y/R,LOW  SPEED,NO  PEDESTRIAN,LV,  RL  >  2,acts-9,0
BR|BR|BOUNDARY,OTHER  LANES,G,>EQ  10-Y/R,LOW  SPEED,NO  PEDESTRIAN,LV,  RL  >  2,acts-9,0
BR|BR|BOUNDARY,OTHER  LANES,G,>EQ  10-Y/R,LOW  SPEED,NO  PEDESTRIAN,LV,  RL  >  2,acts-9,0.0013119999999999798
BR|BR|BOUNDARY,OTHER  LANES,G,>EQ  10-Y/R,LOW  SPEED,NO  PEDESTRIAN,LV,  RL  >  2,acts-10,0.07010800000000006
BR|BR|BOUNDARY,OTHER  LANES,G,>EQ  10-Y/R,MEDIUM  SPEED,NO  PEDESTRIAN,NO  LV,RL  0,acts-11,0
BR|BR|BOUNDARY,OTHER  LANES,G,>EQ  10-Y/R,MEDIUM  SPEED,NO  PEDESTRIAN,NO  LV,RL  0,acts-11,0
BR|BR|BOUNDARY,OTHER  LANES,G,>EQ  10-Y/R,MEDIUM  SPEED,NO  PEDESTRIAN,NO  LV,RL  0,acts-11,0.032219
BR|BR|BOUNDARY,OTHER  LANES,G,>EQ  10-Y/R,MEDIUM  SPEED,NO  PEDESTRIAN,NO  LV,RL  0,acts-11,0.04089199999999993
BR|BR|BOUNDARY,OTHER  LANES,G,>EQ  10-Y/R,MEDIUM  SPEED,NO  PEDESTRIAN,NO  LV,RL  0,acts-2,0.017310000000000048
BR|BR|BOUNDARY,OTHER  LANES,G,>EQ  10-G,LOW  SPEED,PEDESTRIAN,NO  LV,RL  0,acts-5,0.045817999999999914
BR|BR|BOUNDARY,OTHER  LANES,G,>EQ  10-G,LOW  SPEED,PEDESTRIAN,NO  LV,RL  0,acts-5,0.04462300000000008
BR|BR|BOUNDARY,OTHER  LANES,G,>EQ  10-G,LOW  SPEED,PEDESTRIAN,NO  LV,RL  0,acts-5,0.038583000000000034
BR|BR|BOUNDARY,OTHER  LANES,G,>EQ  10-G,LOW  SPEED,PEDESTRIAN,NO  LV,RL  0,acts-5,0.015330999999999984
BR|BR|BOUNDARY,OTHER  LANES,G,>EQ  10-G,LOW  SPEED,PEDESTRIAN,NO  LV,RL  0,acts-5,0.008742000000000028
BR|BR|BOUNDARY,OTHER  LANES,G,>EQ  10-G,LOW  SPEED,PEDESTRIAN,NO  LV,RL  0,acts-5,0.00581799999999999
BR|BR|BOUNDARY,OTHER  LANES,G,>EQ  10-G,LOW  SPEED,PEDESTRIAN,NO  LV,RL  0,acts-5,0.01723600000000003
BR|BR|BOUNDARY,OTHER  LANES,G,>EQ  10-G,LOW  SPEED,PEDESTRIAN,NO  LV,RL  0,acts-5,0.03906899999999991
BR|BR|BOUNDARY,OTHER  LANES,G,>EQ  10-G,LOW  SPEED,PEDESTRIAN,NO  LV,RL  0,acts-5,0.04257299999999997
BR|BR|BOUNDARY,OTHER  LANES,G,>EQ  10-G,LOW  SPEED,PEDESTRIAN,NO  LV,RL  0,acts-5,0.037117999999999984
BR|BR|BOUNDARY,OTHER  LANES,G,>EQ  10-G,LOW  SPEED,PEDESTRIAN,NO  LV,RL  0,acts-5,0.04671700000000001
BR|BR|BOUNDARY,OTHER  LANES,G,>EQ  10-G,LOW  SPEED,PEDESTRIAN,NO  LV,RL  0,acts-5,0.04744999999999999
BR|BR|BOUNDARY,OTHER  LANES,G,>EQ  10-G,LOW  SPEED,PEDESTRIAN,NO  LV,RL  0,acts-2,0
BR|BR|BOUNDARY,OTHER  LANES,G,>EQ  10-G,LOW  SPEED,PEDESTRIAN,NO  LV,RL  0,acts-2,0
BR|BR|BOUNDARY,OTHER  LANES,G,>EQ  10-G,LOW  SPEED,PEDESTRIAN,NO  LV,RL  0,acts-2,0.070542
BR|BR|BOUNDARY,OTHER  LANES,G,>EQ  10-G,LOW  SPEED,PEDESTRIAN,NO  LV,RL  0,acts-2,0.07070500000000002
BR|BR|BOUNDARY,OTHER  LANES,G,>EQ  10-G,LOW  SPEED,PEDESTRIAN,NO  LV,RL  0,acts-2,0.07586000000000004
BR|BR|BOUNDARY,OTHER  LANES,G,>EQ  10-G,LOW  SPEED,PEDESTRIAN,NO  LV,RL  0,acts-2,0.073461
BR|BR|BOUNDARY,OTHER  LANES,G,>EQ  10-G,LOW  SPEED,PEDESTRIAN,NO  LV,RL  0,acts-2,0.06459000000000004
BR|BR|BOUNDARY,OTHER  LANES,G,>EQ  10-G,LOW  SPEED,PEDESTRIAN,NO  LV,RL  0,acts-2,0.068832
BR|BR|BOUNDARY,OTHER  LANES,G,>EQ  10-G,LOW  SPEED,PEDESTRIAN,NO  LV,RL  0,acts-2,0.07050400000000001
BR|BR|BOUNDARY,OTHER  LANES,G,>EQ  10-G,LOW  SPEED,PEDESTRIAN,NO  LV,RL  0,acts-2,0.06155299999999997
BR|BR|BOUNDARY,OTHER  LANES,G,>EQ  10-G,LOW  SPEED,PEDESTRIAN,NO  LV,RL  0,acts-2,0.067195
BR|BR|BOUNDARY,OTHER  LANES,G,>EQ  10-G,LOW  SPEED,PEDESTRIAN,NO  LV,RL  0,acts-2,0.07074100000000005
BR|BR|BOUNDARY,OTHER  LANES,G,>EQ  10-G,LOW  SPEED,PEDESTRIAN,NO  LV,RL  0,acts-2,0.07093499999999997
BR|BR|BOUNDARY,OTHER  LANES,G,>EQ  10-G,LOW  SPEED,PEDESTRIAN,NO  LV,RL  0,acts-2,0.07937700000000003
BR|BR|BOUNDARY,OTHER  LANES,G,>EQ  10-G,LOW  SPEED,PEDESTRIAN,NO  LV,RL  0,acts-2,0.070434
BR|BR|BOUNDARY,OTHER  LANES,G,>EQ  10-G,LOW  SPEED,PEDESTRIAN,NO  LV,RL  0,acts-2,0.06723000000000001
BR|BR|BOUNDARY,OTHER  LANES,G,>EQ  10-G,LOW  SPEED,PEDESTRIAN,NO  LV,RL  0,acts-2,0.0013900000000000023
BR|BR|BOUNDARY,OTHER  LANES,G,>EQ  10-G,LOW  SPEED,PEDESTRIAN,NO  LV,RL  0,acts-2,0.012325999999999948
BR|BR|BOUNDARY,OTHER  LANES,G,>EQ  10-G,LOW  SPEED,PEDESTRIAN,NO  LV,RL  0,acts-2,0.0023560000000000247
BR|BR|BOUNDARY,OTHER  LANES,G,>EQ  10-G,LOW  SPEED,PEDESTRIAN,NO  LV,RL  0,acts-2,0
BR|BR|BOUNDARY,OTHER  LANES,G,>EQ  10-G,LOW  SPEED,PEDESTRIAN,NO  LV,  RL  <EQ  2,acts-5,0.0
BR|BR|BOUNDARY,OTHER  LANES,G,>EQ  10-G,LOW  SPEED,PEDESTRIAN,NO  LV,  RL  >  2,acts-5,0
BR|BR|BOUNDARY,OTHER  LANES,G,>EQ  10-G,LOW  SPEED,PEDESTRIAN,NO  LV,  RL  >  2,acts-5,0.0002889999999999837
BR|BR|BOUNDARY,OTHER  LANES,G,>EQ  10-G,LOW  SPEED,PEDESTRIAN,NO  LV,  RL  >  2,acts-5,0.024935999999999958
BR|BR|BOUNDARY,OTHER  LANES,G,>EQ  10-G,LOW  SPEED,PEDESTRIAN,NO  LV,  RL  >  2,acts-5,0.0
BR|BR|BOUNDARY,OTHER  LANES,G,>EQ  10-G,LOW  SPEED,PEDESTRIAN,NO  LV,  RL  >  2,acts-5,0
BR|BR|BOUNDARY,OTHER  LANES,G,>EQ  10-G,LOW  SPEED,PEDESTRIAN,NO  LV,  RL  >  2,acts-2,0
BR|BR|BOUNDARY,OTHER  LANES,G,>EQ  10-G,LOW  SPEED,PEDESTRIAN,NO  LV,  RL  >  2,acts-2,0
BR|BR|BOUNDARY,OTHER  LANES,G,>EQ  10-G,LOW  SPEED,PEDESTRIAN,NO  LV,  RL  >  2,acts-2,0
BR|BR|BOUNDARY,OTHER  LANES,G,>EQ  10-G,LOW  SPEED,PEDESTRIAN,NO  LV,  RL  >  2,acts-2,0
BR|BR|BOUNDARY,OTHER  LANES,G,>EQ  10-G,LOW  SPEED,PEDESTRIAN,NO  LV,  RL  >  2,acts-2,0.0
BR|BR|BOUNDARY,OTHER  LANES,G,>EQ  10-G,LOW  SPEED,PEDESTRIAN,NO  LV,  RL  >  2,acts-2,0
BR|BR|BOUNDARY,OTHER  LANES,G,>EQ  10-G,LOW  SPEED,PEDESTRIAN,NO  LV,  RL  >  2,acts-2,0.0
BR|BR|BOUNDARY,OTHER  LANES,G,>EQ  10-G,LOW  SPEED,PEDESTRIAN,LV,  RL  <EQ  2,acts-9,0
BR|BR|BOUNDARY,OTHER  LANES,G,>EQ  10-G,LOW  SPEED,PEDESTRIAN,LV,  RL  <EQ  2,acts-9,0
BR|BR|BOUNDARY,OTHER  LANES,G,>EQ  10-G,LOW  SPEED,PEDESTRIAN,LV,  RL  <EQ  2,acts-9,0
BR|BR|BOUNDARY,OTHER  LANES,G,>EQ  10-G,LOW  SPEED,PEDESTRIAN,LV,  RL  <EQ  2,acts-9,0
BR|BR|BOUNDARY,OTHER  LANES,G,>EQ  10-G,LOW  SPEED,PEDESTRIAN,LV,  RL  <EQ  2,acts-9,0.0007780000000000009
BR|BR|BOUNDARY,OTHER  LANES,G,>EQ  10-G,LOW  SPEED,PEDESTRIAN,LV,  RL  <EQ  2,acts-9,0.000130000000000019
BR|BR|BOUNDARY,OTHER  LANES,G,>EQ  10-G,LOW  SPEED,PEDESTRIAN,LV,  RL  <EQ  2,acts-9,0.00036800000000003497
BR|BR|BOUNDARY,OTHER  LANES,G,>EQ  10-G,LOW  SPEED,PEDESTRIAN,LV,  RL  >  2,acts-9,0.07500800000000002
BR|BR|BOUNDARY,OTHER  LANES,G,>EQ  10-G,LOW  SPEED,PEDESTRIAN,LV,  RL  >  2,acts-9,0.01033700000000004
BR|BR|BOUNDARY,OTHER  LANES,G,>EQ  10-G,LOW  SPEED,PEDESTRIAN,LV,  RL  >  2,acts-9,0
BR|BR|BOUNDARY,OTHER  LANES,G,>EQ  10-G,LOW  SPEED,PEDESTRIAN,LV,  RL  >  2,acts-9,0
BR|BR|BOUNDARY,OTHER  LANES,G,>EQ  10-G,LOW  SPEED,PEDESTRIAN,LV,  RL  >  2,acts-9,0.01022400000000001
BR|BR|BOUNDARY,OTHER  LANES,G,>EQ  10-G,LOW  SPEED,PEDESTRIAN,LV,  RL  >  2,acts-9,0
BR|BR|BOUNDARY,OTHER  LANES,G,>EQ  10-G,LOW  SPEED,PEDESTRIAN,LV,  RL  >  2,acts-9,0
BR|BR|BOUNDARY,OTHER  LANES,G,>EQ  10-G,LOW  SPEED,PEDESTRIAN,LV,  RL  >  2,acts-9,0.0
BR|BR|BOUNDARY,OTHER  LANES,G,>EQ  10-G,LOW  SPEED,PEDESTRIAN,LV,  RL  >  2,acts-9,0
BR|BR|BOUNDARY,OTHER  LANES,G,>EQ  10-G,LOW  SPEED,PEDESTRIAN,LV,  RL  >  2,acts-9,0
BR|BR|BOUNDARY,OTHER  LANES,G,>EQ  10-G,LOW  SPEED,PEDESTRIAN,LV,  RL  >  2,acts-9,0
BR|BR|BOUNDARY,OTHER  LANES,G,>EQ  10-G,LOW  SPEED,PEDESTRIAN,LV,  RL  >  2,acts-9,0
BR|BR|BOUNDARY,OTHER  LANES,G,>EQ  10-G,LOW  SPEED,PEDESTRIAN,LV,  RL  >  2,acts-9,0
BR|BR|BOUNDARY,OTHER  LANES,G,>EQ  10-G,LOW  SPEED,PEDESTRIAN,LV,  RL  >  2,acts-9,0
BR|BR|BOUNDARY,OTHER  LANES,G,>EQ  10-G,LOW  SPEED,PEDESTRIAN,LV,  RL  >  2,acts-9,0
BR|BR|BOUNDARY,OTHER  LANES,G,>EQ  10-G,LOW  SPEED,NO  PEDESTRIAN,NO  LV,RL  0,acts-2,0.067774
BR|BR|BOUNDARY,OTHER  LANES,G,>EQ  10-G,LOW  SPEED,NO  PEDESTRIAN,NO  LV,RL  0,acts-2,0.06685399999999997
BR|BR|BOUNDARY,OTHER  LANES,G,>EQ  10-G,LOW  SPEED,NO  PEDESTRIAN,NO  LV,RL  0,acts-2,0
BR|BR|BOUNDARY,OTHER  LANES,G,>EQ  10-G,LOW  SPEED,NO  PEDESTRIAN,NO  LV,RL  0,acts-2,0
BR|BR|BOUNDARY,OTHER  LANES,G,>EQ  10-G,LOW  SPEED,NO  PEDESTRIAN,NO  LV,RL  0,acts-2,0.00024100000000004673
BR|BR|BOUNDARY,OTHER  LANES,G,>EQ  10-G,LOW  SPEED,NO  PEDESTRIAN,NO  LV,RL  0,acts-2,0.004066000000000014
BR|BR|BOUNDARY,OTHER  LANES,G,>EQ  10-G,LOW  SPEED,NO  PEDESTRIAN,NO  LV,RL  0,acts-2,0.0046999999999999265
BR|BR|BOUNDARY,OTHER  LANES,G,>EQ  10-G,LOW  SPEED,NO  PEDESTRIAN,NO  LV,RL  0,acts-2,0.0044079999999999675
BR|BR|BOUNDARY,OTHER  LANES,G,>EQ  10-G,LOW  SPEED,NO  PEDESTRIAN,NO  LV,RL  0,acts-2,0
BR|BR|BOUNDARY,OTHER  LANES,G,>EQ  10-G,LOW  SPEED,NO  PEDESTRIAN,NO  LV,RL  0,acts-2,0
BR|BR|BOUNDARY,OTHER  LANES,G,>EQ  10-G,LOW  SPEED,NO  PEDESTRIAN,NO  LV,RL  0,acts-2,0.0005709999999999882
BR|BR|BOUNDARY,OTHER  LANES,G,>EQ  10-G,LOW  SPEED,NO  PEDESTRIAN,NO  LV,RL  0,acts-2,0
BR|BR|BOUNDARY,OTHER  LANES,G,>EQ  10-G,LOW  SPEED,NO  PEDESTRIAN,NO  LV,RL  0,acts-2,0
BR|BR|BOUNDARY,OTHER  LANES,G,>EQ  10-G,LOW  SPEED,NO  PEDESTRIAN,NO  LV,  RL  >  2,acts-2,0
BR|BR|BOUNDARY,OTHER  LANES,G,>EQ  10-G,LOW  SPEED,NO  PEDESTRIAN,NO  LV,  RL  >  2,acts-2,0
BR|BR|BOUNDARY,OTHER  LANES,G,>EQ  10-G,LOW  SPEED,NO  PEDESTRIAN,NO  LV,  RL  >  2,acts-2,0
BR|BR|BOUNDARY,OTHER  LANES,G,>EQ  10-G,LOW  SPEED,NO  PEDESTRIAN,NO  LV,  RL  >  2,acts-2,0
BR|BR|BOUNDARY,OTHER  LANES,G,>EQ  10-G,LOW  SPEED,NO  PEDESTRIAN,NO  LV,  RL  >  2,acts-2,0
BR|BR|BOUNDARY,OTHER  LANES,G,>EQ  10-G,LOW  SPEED,NO  PEDESTRIAN,NO  LV,  RL  >  2,acts-2,0
BR|BR|BOUNDARY,OTHER  LANES,G,>EQ  10-G,LOW  SPEED,NO  PEDESTRIAN,LV,  RL  <EQ  2,acts-9,0.0006900000000000794
BR|BR|BOUNDARY,OTHER  LANES,G,>EQ  10-G,LOW  SPEED,NO  PEDESTRIAN,LV,  RL  <EQ  2,acts-9,0
BR|BR|BOUNDARY,OTHER  LANES,G,>EQ  10-G,LOW  SPEED,NO  PEDESTRIAN,LV,  RL  >  2,acts-9,0.04426600000000003
BR|BR|BOUNDARY,OTHER  LANES,G,>EQ  10-G,LOW  SPEED,NO  PEDESTRIAN,LV,  RL  >  2,acts-9,0
BR|BR|BOUNDARY,OTHER  LANES,G,>EQ  10-G,LOW  SPEED,NO  PEDESTRIAN,LV,  RL  >  2,acts-9,0
BR|BR|BOUNDARY,OTHER  LANES,G,>EQ  10-G,LOW  SPEED,NO  PEDESTRIAN,LV,  RL  >  2,acts-9,0
BR|BR|BOUNDARY,OTHER  LANES,G,>EQ  10-G,LOW  SPEED,NO  PEDESTRIAN,LV,  RL  >  2,acts-9,0
BR|BR|BOUNDARY,OTHER  LANES,G,>EQ  10-G,LOW  SPEED,NO  PEDESTRIAN,LV,  RL  >  2,acts-9,0.0013119999999999798
BR|BR|BOUNDARY,OTHER  LANES,G,>EQ  10-G,LOW  SPEED,NO  PEDESTRIAN,LV,  RL  >  2,acts-10,0.07010800000000006
BR|BR|BOUNDARY,OTHER  LANES,G,>EQ  10-G,MEDIUM  SPEED,NO  PEDESTRIAN,NO  LV,RL  0,acts-11,0
BR|BR|BOUNDARY,OTHER  LANES,G,>EQ  10-G,MEDIUM  SPEED,NO  PEDESTRIAN,NO  LV,RL  0,acts-11,0
BR|BR|BOUNDARY,OTHER  LANES,G,>EQ  10-G,MEDIUM  SPEED,NO  PEDESTRIAN,NO  LV,RL  0,acts-11,0.032219
BR|BR|BOUNDARY,OTHER  LANES,G,>EQ  10-G,MEDIUM  SPEED,NO  PEDESTRIAN,NO  LV,RL  0,acts-11,0.04089199999999993
BR|BR|BOUNDARY,OTHER  LANES,G,>EQ  10-G,MEDIUM  SPEED,NO  PEDESTRIAN,NO  LV,RL  0,acts-2,0.017310000000000048
BR|BR|BOUNDARY,prep-right-turn,G,<10-Y/R,LOW  SPEED,PEDESTRIAN,NO  LV,  RL  >  2,acts-5,0.005093000000000014
BR|BR|BOUNDARY,prep-right-turn,G,<10-Y/R,LOW  SPEED,PEDESTRIAN,NO  LV,  RL  >  2,acts-5,0
BR|BR|BOUNDARY,prep-right-turn,G,<10-Y/R,LOW  SPEED,PEDESTRIAN,NO  LV,  RL  >  2,acts-5,0.0035370000000000124
BR|BR|BOUNDARY,prep-right-turn,G,<10-G,LOW  SPEED,PEDESTRIAN,NO  LV,  RL  >  2,acts-5,0.005093000000000014
BR|BR|BOUNDARY,prep-right-turn,G,<10-G,LOW  SPEED,PEDESTRIAN,NO  LV,  RL  >  2,acts-5,0
BR|BR|BOUNDARY,prep-right-turn,G,<10-G,LOW  SPEED,PEDESTRIAN,NO  LV,  RL  >  2,acts-5,0.0035370000000000124
BR|BR|BOUNDARY,prep-right-turn,G,>EQ  10-Y/R,LOW  SPEED,PEDESTRIAN,NO  LV,RL  0,acts-5,0.03621399999999997
BR|BR|BOUNDARY,prep-right-turn,G,>EQ  10-Y/R,LOW  SPEED,PEDESTRIAN,NO  LV,RL  0,acts-5,0
BR|BR|BOUNDARY,prep-right-turn,G,>EQ  10-Y/R,LOW  SPEED,PEDESTRIAN,NO  LV,RL  0,acts-5,0
BR|BR|BOUNDARY,prep-right-turn,G,>EQ  10-Y/R,LOW  SPEED,PEDESTRIAN,NO  LV,RL  0,acts-5,0.00012899999999993472
BR|BR|BOUNDARY,prep-right-turn,G,>EQ  10-Y/R,LOW  SPEED,PEDESTRIAN,NO  LV,RL  0,acts-5,0.0007530000000000037
BR|BR|BOUNDARY,prep-right-turn,G,>EQ  10-Y/R,LOW  SPEED,PEDESTRIAN,NO  LV,  RL  >  2,acts-5,0.03643799999999997
BR|BR|BOUNDARY,prep-right-turn,G,>EQ  10-Y/R,LOW  SPEED,PEDESTRIAN,NO  LV,  RL  >  2,acts-5,0.00021000000000004349
BR|BR|BOUNDARY,prep-right-turn,G,>EQ  10-Y/R,LOW  SPEED,PEDESTRIAN,NO  LV,  RL  >  2,acts-5,0.0036880000000000246
BR|BR|BOUNDARY,prep-right-turn,G,>EQ  10-Y/R,LOW  SPEED,PEDESTRIAN,LV,  RL  >  2,acts-12,0
BR|BR|BOUNDARY,prep-right-turn,G,>EQ  10-Y/R,LOW  SPEED,PEDESTRIAN,LV,  RL  >  2,acts-12,0
BR|BR|BOUNDARY,prep-right-turn,G,>EQ  10-Y/R,LOW  SPEED,NO  PEDESTRIAN,NO  LV,RL  0,acts-2,0.031407000000000074
BR|BR|BOUNDARY,prep-right-turn,G,>EQ  10-Y/R,LOW  SPEED,NO  PEDESTRIAN,NO  LV,  RL  <EQ  2,acts-2,0.0009179999999999744
BR|BR|BOUNDARY,prep-right-turn,G,>EQ  10-G,LOW  SPEED,PEDESTRIAN,NO  LV,RL  0,acts-5,0.03621399999999997
BR|BR|BOUNDARY,prep-right-turn,G,>EQ  10-G,LOW  SPEED,PEDESTRIAN,NO  LV,RL  0,acts-5,0
BR|BR|BOUNDARY,prep-right-turn,G,>EQ  10-G,LOW  SPEED,PEDESTRIAN,NO  LV,RL  0,acts-5,0
BR|BR|BOUNDARY,prep-right-turn,G,>EQ  10-G,LOW  SPEED,PEDESTRIAN,NO  LV,RL  0,acts-5,0.00012899999999993472
BR|BR|BOUNDARY,prep-right-turn,G,>EQ  10-G,LOW  SPEED,PEDESTRIAN,NO  LV,RL  0,acts-5,0.0007530000000000037
BR|BR|BOUNDARY,prep-right-turn,G,>EQ  10-G,LOW  SPEED,PEDESTRIAN,NO  LV,  RL  >  2,acts-5,0.03643799999999997
BR|BR|BOUNDARY,prep-right-turn,G,>EQ  10-G,LOW  SPEED,PEDESTRIAN,NO  LV,  RL  >  2,acts-5,0.00021000000000004349
BR|BR|BOUNDARY,prep-right-turn,G,>EQ  10-G,LOW  SPEED,PEDESTRIAN,NO  LV,  RL  >  2,acts-5,0.0036880000000000246
BR|BR|BOUNDARY,prep-right-turn,G,>EQ  10-G,LOW  SPEED,PEDESTRIAN,LV,  RL  >  2,acts-12,0
BR|BR|BOUNDARY,prep-right-turn,G,>EQ  10-G,LOW  SPEED,PEDESTRIAN,LV,  RL  >  2,acts-12,0
BR|BR|BOUNDARY,prep-right-turn,G,>EQ  10-G,LOW  SPEED,NO  PEDESTRIAN,NO  LV,RL  0,acts-2,0.031407000000000074
BR|BR|BOUNDARY,prep-right-turn,G,>EQ  10-G,LOW  SPEED,NO  PEDESTRIAN,NO  LV,  RL  <EQ  2,acts-2,0.0009179999999999744
BR|BR|BOUNDARY,exec-right-turn,G,<10-Y/R,LOW  SPEED,PEDESTRIAN,NO  LV,  RL  >  2,acts-2,0
BR|BR|BOUNDARY,exec-right-turn,G,<10-G,LOW  SPEED,PEDESTRIAN,NO  LV,  RL  >  2,acts-2,0
BR|BR|BOUNDARY,exec-right-turn,G,>EQ  10-Y/R,LOW  SPEED,PEDESTRIAN,NO  LV,RL  0,acts-2,0
BR|BR|BOUNDARY,exec-right-turn,G,>EQ  10-Y/R,LOW  SPEED,PEDESTRIAN,NO  LV,RL  0,acts-2,0.00035999999999991594
BR|BR|BOUNDARY,exec-right-turn,G,>EQ  10-Y/R,LOW  SPEED,PEDESTRIAN,NO  LV,RL  0,acts-2,5.999999999950489e-06
BR|BR|BOUNDARY,exec-right-turn,G,>EQ  10-Y/R,LOW  SPEED,PEDESTRIAN,NO  LV,RL  0,acts-2,0
BR|BR|BOUNDARY,exec-right-turn,G,>EQ  10-Y/R,LOW  SPEED,PEDESTRIAN,NO  LV,RL  0,acts-2,0
BR|BR|BOUNDARY,exec-right-turn,G,>EQ  10-Y/R,LOW  SPEED,PEDESTRIAN,NO  LV,RL  0,acts-2,0.0008869999999999711
BR|BR|BOUNDARY,exec-right-turn,G,>EQ  10-Y/R,LOW  SPEED,PEDESTRIAN,NO  LV,RL  0,acts-2,0.003699000000000008
BR|BR|BOUNDARY,exec-right-turn,G,>EQ  10-Y/R,LOW  SPEED,PEDESTRIAN,NO  LV,RL  0,acts-2,0
BR|BR|BOUNDARY,exec-right-turn,G,>EQ  10-Y/R,LOW  SPEED,PEDESTRIAN,NO  LV,RL  0,acts-2,0
BR|BR|BOUNDARY,exec-right-turn,G,>EQ  10-Y/R,LOW  SPEED,PEDESTRIAN,NO  LV,  RL  >  2,acts-2,0
BR|BR|BOUNDARY,exec-right-turn,G,>EQ  10-Y/R,LOW  SPEED,NO  PEDESTRIAN,NO  LV,RL  0,acts-2,0.0007820000000000604
BR|BR|BOUNDARY,exec-right-turn,G,>EQ  10-Y/R,LOW  SPEED,NO  PEDESTRIAN,NO  LV,RL  0,acts-2,0.00458499999999995
BR|BR|BOUNDARY,exec-right-turn,G,>EQ  10-Y/R,LOW  SPEED,NO  PEDESTRIAN,NO  LV,  RL  <EQ  2,acts-2,0
BR|BR|BOUNDARY,exec-right-turn,G,>EQ  10-Y/R,MEDIUM  SPEED,NO  PEDESTRIAN,NO  LV,RL  0,acts-2,0
BR|BR|BOUNDARY,exec-right-turn,G,>EQ  10-G,LOW  SPEED,PEDESTRIAN,NO  LV,RL  0,acts-2,0
BR|BR|BOUNDARY,exec-right-turn,G,>EQ  10-G,LOW  SPEED,PEDESTRIAN,NO  LV,RL  0,acts-2,0.00035999999999991594
BR|BR|BOUNDARY,exec-right-turn,G,>EQ  10-G,LOW  SPEED,PEDESTRIAN,NO  LV,RL  0,acts-2,5.999999999950489e-06
BR|BR|BOUNDARY,exec-right-turn,G,>EQ  10-G,LOW  SPEED,PEDESTRIAN,NO  LV,RL  0,acts-2,0
BR|BR|BOUNDARY,exec-right-turn,G,>EQ  10-G,LOW  SPEED,PEDESTRIAN,NO  LV,RL  0,acts-2,0
BR|BR|BOUNDARY,exec-right-turn,G,>EQ  10-G,LOW  SPEED,PEDESTRIAN,NO  LV,RL  0,acts-2,0.0008869999999999711
BR|BR|BOUNDARY,exec-right-turn,G,>EQ  10-G,LOW  SPEED,PEDESTRIAN,NO  LV,RL  0,acts-2,0.003699000000000008
BR|BR|BOUNDARY,exec-right-turn,G,>EQ  10-G,LOW  SPEED,PEDESTRIAN,NO  LV,RL  0,acts-2,0
BR|BR|BOUNDARY,exec-right-turn,G,>EQ  10-G,LOW  SPEED,PEDESTRIAN,NO  LV,RL  0,acts-2,0
BR|BR|BOUNDARY,exec-right-turn,G,>EQ  10-G,LOW  SPEED,PEDESTRIAN,NO  LV,  RL  >  2,acts-2,0
BR|BR|BOUNDARY,exec-right-turn,G,>EQ  10-G,LOW  SPEED,NO  PEDESTRIAN,NO  LV,RL  0,acts-2,0.0007820000000000604
BR|BR|BOUNDARY,exec-right-turn,G,>EQ  10-G,LOW  SPEED,NO  PEDESTRIAN,NO  LV,RL  0,acts-2,0.00458499999999995
BR|BR|BOUNDARY,exec-right-turn,G,>EQ  10-G,LOW  SPEED,NO  PEDESTRIAN,NO  LV,  RL  <EQ  2,acts-2,0
BR|BR|BOUNDARY,exec-right-turn,G,>EQ  10-G,MEDIUM  SPEED,NO  PEDESTRIAN,NO  LV,RL  0,acts-2,0
