EQ_TYPE,SEGMENT,TASK,NEXT_CHANGE,SPEED,PEDESTRIAN,RELEV_VEHICLE,LEAD_VEHICLE,AGGRESSIVE,FILE_ID,TRACK_ID,TIME,ON_EQ
NASH|BR|GAUSSIAN,prep-left-turn,N_E,GT 30-Y,MEDIUM,N,N,Y,deprecated,770,101,91.424667,0.26044061227594495
NASH|BR|GAUSSIAN,exec-left-turn,N_E,GT 30-Y,MEDIUM,N,N,Y,deprecated,770,101,92.425667,0.08715562405421251
NASH|BR|GAUSSIAN,exec-left-turn,N_E,GT 30-Y,MEDIUM,N,N,Y,deprecated,770,101,93.426667,0.06534266864455462
NASH|BR|GAUSSIAN,exec-left-turn,N_E,GT 30-Y,MEDIUM,N,N,Y,deprecated,770,101,94.427667,0.02236736071168255
NASH|BR|GAUSSIAN,exec-left-turn,N_E,GT 30-Y,MEDIUM,N,N,Y,deprecated,770,101,95.428667,0.010591077173361163
NASH|BR|GAUSSIAN,left-turn-lane,N_E,GT 30-Y,MEDIUM,N,N,Y,deprecated,770,103,91.5915,0.26035715940454873
NASH|BR|GAUSSIAN,prep-left-turn,N_E,GT 30-Y,MEDIUM,N,N,Y,deprecated,770,103,93.5935,0.2604174643974817
NASH|BR|GAUSSIAN,exec-left-turn,N_E,GT 30-Y,MEDIUM,N,N,Y,deprecated,770,103,94.5945,0.27246383158144083
NASH|BR|GAUSSIAN,exec-left-turn,N_E,10-30-Y,MEDIUM,N,N,Y,deprecated,770,103,96.5965,0.2604711572172561
NASH|BR|GAUSSIAN,exec-left-turn,N_E,10-30-Y,MEDIUM,N,N,Y,deprecated,770,103,97.5975,0.20532224746260452
NASH|BR|GAUSSIAN,exit-lane,N_E,10-30-Y,MEDIUM,N,N,Y,deprecated,770,103,98.5985,0.0
NASH|BR|GAUSSIAN,left-turn-lane,N_E,GT 30-Y,MEDIUM,N,N,Y,deprecated,770,104,93.259833,0.26025048090372704
NASH|BR|GAUSSIAN,exec-left-turn,N_E,10-30-Y,MEDIUM,N,N,Y,deprecated,770,104,96.262833,0.0002650223334645929
NASH|BR|GAUSSIAN,exec-left-turn,N_E,10-30-Y,MEDIUM,N,N,Y,deprecated,770,104,97.263833,0.08427634452798038
NASH|BR|GAUSSIAN,exec-left-turn,N_E,10-30-Y,MEDIUM,N,N,Y,deprecated,770,104,98.264833,0.04329119215724597
NASH|BR|GAUSSIAN,exec-left-turn,N_E,10-30-Y,MEDIUM,N,N,Y,deprecated,770,104,99.265833,0.020871389609773305
NASH|BR|GAUSSIAN,prep-left-turn,S_W,10-30-Y,MEDIUM,N,N,Y,deprecated,770,106,96.262833,7.393422321544385e-05
NASH|BR|GAUSSIAN,left-turn-lane,W_N,GT 30-G,MEDIUM,N,N,Y,deprecated,770,108,101.434667,0.0
NASH|BR|GAUSSIAN,left-turn-lane,W_N,10-30-G,MEDIUM,N,N,Y,deprecated,770,108,102.435667,0.003207158149772349
NASH|BR|GAUSSIAN,left-turn-lane,W_N,10-30-G,MEDIUM,N,N,Y,deprecated,770,108,103.436667,0.0043545077944615596
NASH|BR|GAUSSIAN,left-turn-lane,W_N,10-30-G,SLOW,N,N,Y,deprecated,770,108,105.438667,0.00045301802706076977
NASH|BR|GAUSSIAN,left-turn-lane,W_N,10-30-G,SLOW,N,N,Y,deprecated,770,108,107.440667,0.0008075634756491423
NASH|BR|GAUSSIAN,left-turn-lane,W_N,10-30-G,NEAR STATIONARY,N,N,Y,deprecated,770,108,108.441667,0.0008439732597880223
NASH|BR|GAUSSIAN,left-turn-lane,W_N,10-30-G,NEAR STATIONARY,N,N,Y,deprecated,770,108,109.442667,0.0018784396803779302
NASH|BR|GAUSSIAN,left-turn-lane,W_N,10-30-G,NEAR STATIONARY,N,N,Y,deprecated,770,108,111.444667,0.0006336525110753888
NASH|BR|GAUSSIAN,left-turn-lane,W_N,10-30-G,NEAR STATIONARY,N,N,Y,deprecated,770,108,115.448667,0.0015118264406941417
NASH|BR|GAUSSIAN,left-turn-lane,W_N,10-30-G,NEAR STATIONARY,N,N,Y,deprecated,770,108,117.450667,0.00016060564674336142
NASH|BR|GAUSSIAN,left-turn-lane,W_N,10-30-G,NEAR STATIONARY,N,N,Y,deprecated,770,108,118.451667,0.00035175433132828005
NASH|BR|GAUSSIAN,left-turn-lane,W_N,10-30-G,NEAR STATIONARY,N,N,Y,deprecated,770,108,119.452667,0.002420649911852424
NASH|BR|GAUSSIAN,left-turn-lane,W_N,10-30-G,NEAR STATIONARY,N,N,Y,deprecated,770,108,120.453667,0.0014617409228070422
NASH|BR|GAUSSIAN,left-turn-lane,W_N,10-30-G,NEAR STATIONARY,N,N,Y,deprecated,770,108,121.454667,0.0
NASH|BR|GAUSSIAN,left-turn-lane,W_N,LT 10-G,NEAR STATIONARY,N,N,Y,deprecated,770,108,122.455667,0.0
NASH|BR|GAUSSIAN,left-turn-lane,W_N,LT 10-G,NEAR STATIONARY,N,N,Y,deprecated,770,108,123.456667,5.4289689877973224e-05
NASH|BR|GAUSSIAN,left-turn-lane,W_N,LT 10-G,NEAR STATIONARY,N,N,Y,deprecated,770,108,124.457667,0.0
NASH|BR|GAUSSIAN,left-turn-lane,W_N,LT 10-G,NEAR STATIONARY,N,N,Y,deprecated,770,108,127.460667,0.0
NASH|BR|GAUSSIAN,left-turn-lane,W_N,LT 10-G,NEAR STATIONARY,N,N,Y,deprecated,770,108,128.461667,0.0016271167817669685
NASH|BR|GAUSSIAN,left-turn-lane,W_N,LT 10-G,NEAR STATIONARY,N,N,Y,deprecated,770,108,129.462667,0.0022395966468307105
NASH|BR|GAUSSIAN,left-turn-lane,W_N,LT 10-G,NEAR STATIONARY,N,N,Y,deprecated,770,108,130.463667,0.0
NASH|BR|GAUSSIAN,left-turn-lane,W_N,LT 10-G,NEAR STATIONARY,N,N,Y,deprecated,770,108,131.464667,0.0023169963613980382
NASH|BR|GAUSSIAN,left-turn-lane,W_N,LT 10-G,NEAR STATIONARY,N,N,Y,deprecated,770,108,132.465667,0.0
NASH|BR|GAUSSIAN,left-turn-lane,W_N,LT 10-G,NEAR STATIONARY,N,N,Y,deprecated,770,108,133.466667,0.0
NASH|BR|GAUSSIAN,left-turn-lane,W_N,LT 10-G,NEAR STATIONARY,N,N,Y,deprecated,770,108,134.467667,0.0030591537474560226
NASH|BR|GAUSSIAN,left-turn-lane,W_N,LT 10-G,NEAR STATIONARY,N,N,Y,deprecated,770,108,135.468667,0.002591543518721262
NASH|BR|GAUSSIAN,left-turn-lane,W_N,LT 10-G,NEAR STATIONARY,N,N,Y,deprecated,770,108,137.470667,0.002059942843044449
NASH|BR|GAUSSIAN,left-turn-lane,W_N,GT 30-Y,NEAR STATIONARY,N,N,Y,deprecated,770,108,140.473667,0.24942705910456153
NASH|BR|GAUSSIAN,left-turn-lane,W_N,GT 30-Y,SLOW,N,N,Y,deprecated,770,108,141.474667,0.25040905546016656
NASH|BR|GAUSSIAN,left-turn-lane,W_N,GT 30-Y,SLOW,N,N,Y,deprecated,770,108,142.475667,0.2555641327653899
NASH|BR|GAUSSIAN,left-turn-lane,W_N,10-30-Y,SLOW,N,N,Y,deprecated,770,108,143.476667,0.24384430508836297
NASH|BR|GAUSSIAN,left-turn-lane,W_N,10-30-Y,MEDIUM,N,N,Y,deprecated,770,108,144.477667,0.26074552895469894
NASH|BR|GAUSSIAN,prep-left-turn,W_N,10-30-Y,MEDIUM,N,N,Y,deprecated,770,108,146.479667,0.2608372282025039
NASH|BR|GAUSSIAN,exec-left-turn,W_N,10-30-Y,MEDIUM,N,N,Y,deprecated,770,108,147.480667,0.0
NASH|BR|GAUSSIAN,left-turn-lane,S_W,10-30-Y,MEDIUM,N,Y,N,deprecated,770,110,104.104,0.02202411550631822
NASH|BR|GAUSSIAN,left-turn-lane,S_W,10-30-Y,SLOW,N,Y,N,deprecated,770,110,105.105,0.040680713312477135
NASH|BR|GAUSSIAN,left-turn-lane,S_W,10-30-Y,SLOW,N,Y,N,deprecated,770,110,106.106,0.006529661274765397
NASH|BR|GAUSSIAN,left-turn-lane,S_W,10-30-Y,NEAR STATIONARY,N,Y,N,deprecated,770,110,107.107,0.04200991634527218
NASH|BR|GAUSSIAN,left-turn-lane,S_W,10-30-Y,NEAR STATIONARY,N,Y,N,deprecated,770,110,108.108,0.05303917392245905
NASH|BR|GAUSSIAN,left-turn-lane,S_W,10-30-Y,NEAR STATIONARY,N,Y,N,deprecated,770,110,109.109,0.01873023433029042
NASH|BR|GAUSSIAN,left-turn-lane,S_W,10-30-Y,NEAR STATIONARY,N,Y,N,deprecated,770,110,110.11,0.013005096366734414
NASH|BR|GAUSSIAN,left-turn-lane,S_W,10-30-Y,SLOW,N,Y,N,deprecated,770,110,113.113,0.0
NASH|BR|GAUSSIAN,prep-left-turn,S_W,10-30-Y,SLOW,N,Y,N,deprecated,770,110,114.114,0.06105916751721008
NASH|BR|GAUSSIAN,prep-left-turn,S_W,10-30-Y,SLOW,N,Y,N,deprecated,770,110,115.115,0.0
NASH|BR|GAUSSIAN,prep-left-turn,S_W,10-30-Y,SLOW,N,Y,N,deprecated,770,110,116.116,0.04006547919234427
NASH|BR|GAUSSIAN,prep-left-turn,S_W,LT 10-Y,SLOW,N,Y,N,deprecated,770,110,117.117,0.0
NASH|BR|GAUSSIAN,prep-left-turn,S_W,LT 10-Y,SLOW,N,Y,N,deprecated,770,110,118.118,0.0
NASH|BR|GAUSSIAN,prep-left-turn,S_W,LT 10-Y,SLOW,N,Y,N,deprecated,770,110,119.119,0.03865113209832671
NASH|BR|GAUSSIAN,prep-left-turn,S_W,LT 10-Y,NEAR STATIONARY,N,Y,N,deprecated,770,110,120.12,0.012060340379851486
NASH|BR|GAUSSIAN,prep-left-turn,S_W,LT 10-Y,NEAR STATIONARY,N,Y,N,deprecated,770,110,122.122,0.07330168519526792
NASH|BR|GAUSSIAN,prep-left-turn,S_W,LT 10-Y,SLOW,N,Y,N,deprecated,770,110,123.123,0.07216757882280722
NASH|BR|GAUSSIAN,prep-left-turn,S_W,LT 10-Y,SLOW,N,Y,N,deprecated,770,110,124.124,0.06987853607600036
NASH|BR|GAUSSIAN,prep-left-turn,S_W,LT 10-Y,NEAR STATIONARY,N,Y,N,deprecated,770,110,125.125,0.0
NASH|BR|GAUSSIAN,prep-left-turn,S_W,LT 10-R,SLOW,N,Y,N,deprecated,770,110,126.126,0.004632870123558397
NASH|BR|GAUSSIAN,prep-left-turn,S_W,LT 10-R,SLOW,N,Y,N,deprecated,770,110,127.127,0.0700463648751326
NASH|BR|GAUSSIAN,prep-left-turn,S_W,LT 10-R,SLOW,N,Y,N,deprecated,770,110,128.128,0.0
NASH|BR|GAUSSIAN,prep-left-turn,S_W,LT 10-R,SLOW,N,Y,N,deprecated,770,110,129.129,0.0
NASH|BR|GAUSSIAN,exec-left-turn,S_W,LT 10-R,SLOW,N,Y,N,deprecated,770,110,130.13,0.4858251469392473
NASH|BR|GAUSSIAN,right-turn-lane,S_E,10-30-Y,MEDIUM,Y,Y,N,deprecated,770,112,106.272833,0.006828762475697192
NASH|BR|GAUSSIAN,right-turn-lane,S_E,10-30-Y,MEDIUM,Y,Y,N,deprecated,770,112,107.273833,0.0004166953943154361
NASH|BR|GAUSSIAN,right-turn-lane,S_E,10-30-Y,MEDIUM,Y,Y,N,deprecated,770,127,115.782333,4.749778105128666e-05
NASH|BR|GAUSSIAN,prep-right-turn,S_E,LT 10-Y,MEDIUM,Y,Y,N,deprecated,770,127,116.783333,0.0
NASH|BR|GAUSSIAN,prep-right-turn,S_E,LT 10-Y,MEDIUM,Y,Y,N,deprecated,770,127,117.784333,0.0
NASH|BR|GAUSSIAN,exec-right-turn,S_E,LT 10-Y,MEDIUM,Y,Y,Y,deprecated,770,127,118.785333,0.06423539102638709
NASH|BR|GAUSSIAN,prep-left-turn,N_E,LT 10-R,SLOW,Y,N,Y,deprecated,770,136,127.794333,0.2566258142439407
NASH|BR|GAUSSIAN,prep-left-turn,N_E,LT 10-R,MEDIUM,Y,N,Y,deprecated,770,136,128.795333,0.0
NASH|BR|GAUSSIAN,exec-left-turn,N_E,LT 10-R,MEDIUM,Y,N,Y,deprecated,770,136,129.796333,0.07145781441097876
NASH|BR|GAUSSIAN,exec-left-turn,N_E,LT 10-R,MEDIUM,Y,N,Y,deprecated,770,136,130.797333,0.08065985397387188
NASH|BR|GAUSSIAN,exec-left-turn,N_E,LT 10-R,MEDIUM,N,N,Y,deprecated,770,136,131.798333,0.0666856790521202
NASH|BR|GAUSSIAN,exec-left-turn,N_E,LT 10-R,MEDIUM,N,N,Y,deprecated,770,136,132.799333,0.045296259667756744
NASH|BR|GAUSSIAN,exec-left-turn,N_E,LT 10-R,MEDIUM,N,N,Y,deprecated,770,136,133.800333,0.023460097171078442
NASH|BR|GAUSSIAN,right-turn-lane,W_S,LT 10-G,MEDIUM,Y,Y,N,deprecated,770,148,130.296833,0.020625915160522146
NASH|BR|GAUSSIAN,right-turn-lane,W_S,LT 10-G,MEDIUM,Y,Y,N,deprecated,770,148,131.297833,0.0003847215308003804
NASH|BR|GAUSSIAN,right-turn-lane,W_S,GT 30-G,NEAR STATIONARY,N,Y,N,deprecated,770,14,10.01,0.009290569866139409
NASH|BR|GAUSSIAN,right-turn-lane,W_S,GT 30-G,NEAR STATIONARY,Y,Y,N,deprecated,770,14,11.011,0.01259614233313533
NASH|BR|GAUSSIAN,right-turn-lane,W_S,GT 30-G,NEAR STATIONARY,Y,Y,N,deprecated,770,14,12.012,0.005993008105068198
NASH|BR|GAUSSIAN,right-turn-lane,W_S,10-30-G,NEAR STATIONARY,Y,Y,N,deprecated,770,14,13.013,0.01158338380294155
NASH|BR|GAUSSIAN,right-turn-lane,W_S,10-30-G,NEAR STATIONARY,Y,Y,N,deprecated,770,14,14.014,0.003031221707015419
NASH|BR|GAUSSIAN,right-turn-lane,W_S,10-30-G,NEAR STATIONARY,Y,Y,N,deprecated,770,14,16.016,0.01411906176036748
NASH|BR|GAUSSIAN,right-turn-lane,W_S,10-30-G,NEAR STATIONARY,Y,Y,N,deprecated,770,14,17.017,0.002805161723536065
NASH|BR|GAUSSIAN,right-turn-lane,W_S,10-30-G,NEAR STATIONARY,Y,Y,N,deprecated,770,14,18.018,0.036819610990385
NASH|BR|GAUSSIAN,right-turn-lane,W_S,10-30-G,NEAR STATIONARY,Y,Y,N,deprecated,770,14,19.019,0.03651829939135798
NASH|BR|GAUSSIAN,right-turn-lane,W_S,10-30-G,NEAR STATIONARY,Y,Y,N,deprecated,770,14,21.021,0.03821170223301362
NASH|BR|GAUSSIAN,right-turn-lane,W_S,10-30-G,NEAR STATIONARY,Y,Y,N,deprecated,770,14,22.022,0.037116094663466326
NASH|BR|GAUSSIAN,right-turn-lane,W_S,10-30-G,NEAR STATIONARY,Y,Y,N,deprecated,770,14,23.023,0.03492756124975893
NASH|BR|GAUSSIAN,right-turn-lane,W_S,10-30-G,NEAR STATIONARY,Y,Y,N,deprecated,770,14,24.024,0.03837771995151673
NASH|BR|GAUSSIAN,right-turn-lane,W_S,10-30-G,NEAR STATIONARY,Y,Y,N,deprecated,770,14,25.025,0.03640333546938035
NASH|BR|GAUSSIAN,right-turn-lane,W_S,10-30-G,SLOW,Y,Y,N,deprecated,770,14,28.028,0.0
NASH|BR|GAUSSIAN,prep-right-turn,W_S,10-30-G,SLOW,N,Y,N,deprecated,770,14,29.029,0.0
NASH|BR|GAUSSIAN,right-turn-lane,W_S,GT 30-G,NEAR STATIONARY,Y,Y,N,deprecated,770,14,3.003,0.016452651326889667
NASH|BR|GAUSSIAN,prep-right-turn,W_S,10-30-G,MEDIUM,N,Y,N,deprecated,770,14,30.03,0.0
NASH|BR|GAUSSIAN,exec-right-turn,W_S,10-30-G,MEDIUM,N,Y,N,deprecated,770,14,31.031,0.07616048970451739
NASH|BR|GAUSSIAN,right-turn-lane,W_S,GT 30-G,NEAR STATIONARY,Y,Y,N,deprecated,770,14,4.004,0.0035329911849263373
NASH|BR|GAUSSIAN,right-turn-lane,W_S,GT 30-G,NEAR STATIONARY,Y,Y,N,deprecated,770,14,5.005,0.00256758744179586
NASH|BR|GAUSSIAN,right-turn-lane,W_S,GT 30-G,NEAR STATIONARY,Y,Y,N,deprecated,770,14,6.006,0.01029354327862031
NASH|BR|GAUSSIAN,right-turn-lane,W_S,GT 30-G,NEAR STATIONARY,Y,Y,N,deprecated,770,14,7.007,0.007905699352684148
NASH|BR|GAUSSIAN,right-turn-lane,W_S,GT 30-G,NEAR STATIONARY,Y,Y,N,deprecated,770,14,8.008,0.00023901417522109725
NASH|BR|GAUSSIAN,right-turn-lane,W_S,GT 30-G,NEAR STATIONARY,N,Y,N,deprecated,770,14,9.009,0.01774121626180747
NASH|BR|GAUSSIAN,right-turn-lane,W_S,LT 10-G,MEDIUM,Y,N,Y,deprecated,770,152,134.300833,0.3147642540905474
NASH|BR|GAUSSIAN,right-turn-lane,W_S,LT 10-G,MEDIUM,Y,N,Y,deprecated,770,152,135.301833,0.3024108971897148
NASH|BR|GAUSSIAN,right-turn-lane,W_S,LT 10-G,MEDIUM,Y,N,Y,deprecated,770,152,136.302833,0.0
NASH|BR|GAUSSIAN,right-turn-lane,W_S,LT 10-G,MEDIUM,Y,N,Y,deprecated,770,152,137.303833,0.00023492913390343872
NASH|BR|GAUSSIAN,right-turn-lane,W_S,LT 10-G,MEDIUM,Y,N,Y,deprecated,770,152,138.304833,0.0
NASH|BR|GAUSSIAN,right-turn-lane,W_S,LT 10-G,SLOW,Y,N,Y,deprecated,770,152,139.305833,0.0
NASH|BR|GAUSSIAN,right-turn-lane,W_S,GT 30-Y,SLOW,Y,N,Y,deprecated,770,152,140.306833,0.2613446835445503
NASH|BR|GAUSSIAN,right-turn-lane,W_S,GT 30-Y,SLOW,Y,N,Y,deprecated,770,152,141.307833,0.2581191294385573
NASH|BR|GAUSSIAN,prep-right-turn,W_S,GT 30-Y,MEDIUM,Y,N,Y,deprecated,770,152,143.309833,0.26017395292822687
NASH|BR|GAUSSIAN,left-turn-lane,E_S,LT 10-G,MEDIUM,Y,N,Y,deprecated,770,155,136.6365,0.003788986083491208
NASH|BR|GAUSSIAN,left-turn-lane,E_S,LT 10-G,MEDIUM,Y,N,Y,deprecated,770,155,137.6375,0.001129485136454944
NASH|BR|GAUSSIAN,left-turn-lane,E_S,LT 10-G,MEDIUM,Y,N,Y,deprecated,770,155,139.6395,0.0015355735199193976
NASH|BR|GAUSSIAN,left-turn-lane,E_S,10-30-Y,NEAR STATIONARY,Y,Y,Y,deprecated,770,155,150.6505,0.006403255883613457
NASH|BR|GAUSSIAN,left-turn-lane,E_S,10-30-Y,NEAR STATIONARY,Y,Y,Y,deprecated,770,155,151.6515,0.007941884900894647
NASH|BR|GAUSSIAN,left-turn-lane,E_S,10-30-Y,NEAR STATIONARY,Y,Y,Y,deprecated,770,155,152.6525,0.007920002958064498
NASH|BR|GAUSSIAN,left-turn-lane,E_S,10-30-Y,NEAR STATIONARY,Y,Y,Y,deprecated,770,155,153.6535,0.008023045497905779
NASH|BR|GAUSSIAN,left-turn-lane,E_S,10-30-Y,NEAR STATIONARY,Y,Y,Y,deprecated,770,155,154.6545,0.00808265037876632
NASH|BR|GAUSSIAN,left-turn-lane,E_S,10-30-Y,NEAR STATIONARY,Y,Y,Y,deprecated,770,155,155.6555,0.0
NASH|BR|GAUSSIAN,left-turn-lane,E_S,10-30-Y,NEAR STATIONARY,Y,Y,Y,deprecated,770,155,156.6565,0.24694346443689452
NASH|BR|GAUSSIAN,left-turn-lane,E_S,10-30-Y,SLOW,Y,Y,Y,deprecated,770,155,157.6575,0.24549866203861503
NASH|BR|GAUSSIAN,left-turn-lane,E_S,10-30-Y,SLOW,Y,Y,Y,deprecated,770,155,158.6585,0.008721685165436366
NASH|BR|GAUSSIAN,left-turn-lane,E_S,10-30-Y,SLOW,Y,Y,N,deprecated,770,155,159.6595,0.0
NASH|BR|GAUSSIAN,left-turn-lane,E_S,10-30-Y,SLOW,N,Y,N,deprecated,770,155,160.6605,0.0427880969201333
NASH|BR|GAUSSIAN,left-turn-lane,E_S,10-30-Y,NEAR STATIONARY,N,Y,N,deprecated,770,155,161.6615,0.03840015036437339
NASH|BR|GAUSSIAN,left-turn-lane,E_S,10-30-Y,NEAR STATIONARY,Y,Y,N,deprecated,770,155,162.6625,0.04023257113117351
NASH|BR|GAUSSIAN,left-turn-lane,E_S,LT 10-Y,NEAR STATIONARY,Y,Y,N,deprecated,770,155,164.6645,0.04487050415301552
NASH|BR|GAUSSIAN,left-turn-lane,E_S,LT 10-Y,NEAR STATIONARY,Y,Y,N,deprecated,770,155,165.6655,0.04174814385563996
NASH|BR|GAUSSIAN,left-turn-lane,E_S,LT 10-Y,NEAR STATIONARY,Y,Y,N,deprecated,770,155,166.6665,0.03737405066120869
NASH|BR|GAUSSIAN,left-turn-lane,E_S,LT 10-Y,NEAR STATIONARY,Y,Y,N,deprecated,770,155,167.6675,0.04270947590620189
NASH|BR|GAUSSIAN,left-turn-lane,E_S,LT 10-Y,NEAR STATIONARY,Y,Y,N,deprecated,770,155,168.6685,0.023309092235039408
NASH|BR|GAUSSIAN,left-turn-lane,E_S,LT 10-Y,NEAR STATIONARY,Y,Y,N,deprecated,770,155,169.6695,0.03150252418779198
NASH|BR|GAUSSIAN,left-turn-lane,E_S,LT 10-Y,NEAR STATIONARY,Y,Y,N,deprecated,770,155,170.6705,0.03957068921519924
NASH|BR|GAUSSIAN,left-turn-lane,E_S,LT 10-Y,NEAR STATIONARY,Y,Y,N,deprecated,770,155,171.6715,0.36752114987408
NASH|BR|GAUSSIAN,prep-left-turn,E_S,LT 10-R,SLOW,Y,Y,Y,deprecated,770,155,173.6735,0.2591080769022215
NASH|BR|GAUSSIAN,prep-left-turn,E_S,LT 10-R,MEDIUM,Y,Y,Y,deprecated,770,155,174.6745,0.0
NASH|BR|GAUSSIAN,prep-left-turn,E_S,LT 10-R,SLOW,Y,Y,Y,deprecated,770,155,175.6755,0.25745967660326086
NASH|BR|GAUSSIAN,prep-left-turn,E_S,LT 10-R,SLOW,Y,Y,Y,deprecated,770,155,176.6765,0.0
NASH|BR|GAUSSIAN,left-turn-lane,E_S,GT 30-Y,MEDIUM,Y,N,Y,deprecated,770,157,141.6415,0.002253444310625019
NASH|BR|GAUSSIAN,left-turn-lane,E_S,10-30-Y,MEDIUM,Y,N,Y,deprecated,770,157,143.6435,0.0
NASH|BR|GAUSSIAN,left-turn-lane,E_S,10-30-Y,SLOW,Y,N,Y,deprecated,770,157,145.6455,0.0
NASH|BR|GAUSSIAN,left-turn-lane,E_S,10-30-Y,SLOW,Y,N,Y,deprecated,770,157,146.6465,0.0
NASH|BR|GAUSSIAN,left-turn-lane,E_S,10-30-Y,NEAR STATIONARY,Y,N,Y,deprecated,770,157,147.6475,0.008112957893802397
NASH|BR|GAUSSIAN,left-turn-lane,E_S,10-30-Y,NEAR STATIONARY,Y,N,Y,deprecated,770,157,148.6485,0.0005490753684654903
NASH|BR|GAUSSIAN,left-turn-lane,E_S,10-30-Y,NEAR STATIONARY,Y,N,Y,deprecated,770,157,149.6495,0.007386604242472061
NASH|BR|GAUSSIAN,left-turn-lane,E_S,10-30-Y,NEAR STATIONARY,Y,Y,Y,deprecated,770,157,150.6505,0.00040978182393203166
NASH|BR|GAUSSIAN,left-turn-lane,E_S,10-30-Y,NEAR STATIONARY,Y,Y,Y,deprecated,770,157,151.6515,7.06384668224258e-05
NASH|BR|GAUSSIAN,left-turn-lane,E_S,10-30-Y,NEAR STATIONARY,Y,Y,Y,deprecated,770,157,152.6525,0.00021805857647316795
NASH|BR|GAUSSIAN,left-turn-lane,E_S,10-30-Y,NEAR STATIONARY,Y,Y,Y,deprecated,770,157,153.6535,0.0
NASH|BR|GAUSSIAN,left-turn-lane,E_S,10-30-Y,NEAR STATIONARY,Y,Y,Y,deprecated,770,157,155.6555,0.0
NASH|BR|GAUSSIAN,left-turn-lane,E_S,10-30-Y,NEAR STATIONARY,Y,Y,Y,deprecated,770,157,157.6575,0.0
NASH|BR|GAUSSIAN,left-turn-lane,E_S,10-30-Y,NEAR STATIONARY,Y,Y,Y,deprecated,770,157,158.6585,0.0
NASH|BR|GAUSSIAN,left-turn-lane,E_S,10-30-Y,SLOW,N,Y,Y,deprecated,770,157,161.6615,4.3967043043990905e-05
NASH|BR|GAUSSIAN,left-turn-lane,E_S,10-30-Y,SLOW,Y,Y,Y,deprecated,770,157,162.6625,0.00010237498634546593
NASH|BR|GAUSSIAN,left-turn-lane,E_S,LT 10-Y,SLOW,Y,Y,Y,deprecated,770,157,164.6645,0.0006946696289467091
NASH|BR|GAUSSIAN,left-turn-lane,E_S,LT 10-Y,NEAR STATIONARY,Y,Y,Y,deprecated,770,157,165.6655,0.0
NASH|BR|GAUSSIAN,left-turn-lane,E_S,LT 10-Y,NEAR STATIONARY,Y,Y,Y,deprecated,770,157,167.6675,0.00025421787794766004
NASH|BR|GAUSSIAN,left-turn-lane,E_S,LT 10-Y,NEAR STATIONARY,Y,Y,Y,deprecated,770,157,168.6685,0.0001623930637828508
NASH|BR|GAUSSIAN,left-turn-lane,E_S,LT 10-Y,NEAR STATIONARY,Y,Y,Y,deprecated,770,157,169.6695,0.0006655357118185989
NASH|BR|GAUSSIAN,left-turn-lane,E_S,LT 10-Y,NEAR STATIONARY,Y,Y,Y,deprecated,770,157,170.6705,0.0
NASH|BR|GAUSSIAN,left-turn-lane,E_S,LT 10-Y,NEAR STATIONARY,Y,Y,Y,deprecated,770,157,171.6715,0.0
NASH|BR|GAUSSIAN,left-turn-lane,E_S,LT 10-Y,NEAR STATIONARY,Y,Y,Y,deprecated,770,157,172.6725,0.24954861372354342
NASH|BR|GAUSSIAN,left-turn-lane,E_S,LT 10-R,SLOW,Y,N,Y,deprecated,770,157,173.6735,0.2438090543369934
NASH|BR|GAUSSIAN,left-turn-lane,E_S,LT 10-R,SLOW,Y,N,Y,deprecated,770,157,174.6745,0.2436330220627142
NASH|BR|GAUSSIAN,left-turn-lane,E_S,LT 10-R,SLOW,Y,N,Y,deprecated,770,157,175.6755,0.0
NASH|BR|GAUSSIAN,prep-left-turn,E_S,LT 10-R,SLOW,N,N,Y,deprecated,770,157,179.6795,0.25091376623404105
NASH|BR|GAUSSIAN,prep-left-turn,E_S,LT 10-R,SLOW,N,N,Y,deprecated,770,157,180.6805,0.0
NASH|BR|GAUSSIAN,prep-left-turn,E_S,LT 10-R,SLOW,N,N,Y,deprecated,770,157,181.6815,0.0005579749773946263
NASH|BR|GAUSSIAN,prep-left-turn,E_S,LT 10-R,MEDIUM,N,N,Y,deprecated,770,157,182.6825,2.644006553720324e-05
NASH|BR|GAUSSIAN,exec-left-turn,E_S,LT 10-R,MEDIUM,N,N,Y,deprecated,770,157,183.6835,0.008617605033705011
NASH|BR|GAUSSIAN,right-turn-lane,W_S,10-30-Y,MEDIUM,Y,Y,N,deprecated,770,162,150.15,0.24293089836337234
NASH|BR|GAUSSIAN,right-turn-lane,W_S,10-30-Y,MEDIUM,Y,Y,N,deprecated,770,162,151.151,0.0004985928523416616
NASH|BR|GAUSSIAN,right-turn-lane,W_S,10-30-Y,MEDIUM,Y,Y,N,deprecated,770,162,153.153,0.0
NASH|BR|GAUSSIAN,right-turn-lane,W_S,10-30-Y,MEDIUM,Y,Y,N,deprecated,770,162,154.154,0.0024972065446999814
NASH|BR|GAUSSIAN,right-turn-lane,W_S,10-30-Y,MEDIUM,Y,Y,N,deprecated,770,162,155.155,0.0
NASH|BR|GAUSSIAN,right-turn-lane,W_S,10-30-Y,SLOW,Y,Y,N,deprecated,770,162,156.156,0.0
NASH|BR|GAUSSIAN,right-turn-lane,W_S,10-30-Y,SLOW,Y,Y,N,deprecated,770,162,157.157,0.000412885622495196
NASH|BR|GAUSSIAN,prep-right-turn,W_S,10-30-Y,SLOW,Y,Y,N,deprecated,770,162,158.158,0.2169367372623897
NASH|BR|GAUSSIAN,prep-right-turn,W_S,10-30-Y,SLOW,Y,Y,N,deprecated,770,162,159.159,0.2217659719904399
NASH|BR|GAUSSIAN,prep-right-turn,W_S,10-30-Y,SLOW,Y,Y,N,deprecated,770,162,160.16,0.0
NASH|BR|GAUSSIAN,exec-right-turn,W_S,10-30-Y,MEDIUM,Y,Y,N,deprecated,770,162,161.161,0.2412837081610727
NASH|BR|GAUSSIAN,exec-right-turn,W_S,10-30-Y,MEDIUM,Y,Y,N,deprecated,770,162,162.162,0.0
NASH|BR|GAUSSIAN,right-turn-lane,W_S,10-30-Y,MEDIUM,Y,N,Y,deprecated,770,164,151.985167,0.31810028192457995
NASH|BR|GAUSSIAN,right-turn-lane,W_S,10-30-Y,MEDIUM,Y,N,Y,deprecated,770,164,152.986167,0.001926605547099336
NASH|BR|GAUSSIAN,right-turn-lane,W_S,10-30-Y,MEDIUM,Y,N,Y,deprecated,770,164,153.987167,0.0038910160509261216
NASH|BR|GAUSSIAN,right-turn-lane,W_S,10-30-Y,MEDIUM,Y,N,Y,deprecated,770,164,154.988167,0.0003198253817873198
NASH|BR|GAUSSIAN,right-turn-lane,W_S,10-30-Y,MEDIUM,Y,N,Y,deprecated,770,164,155.989167,0.0006122169161183466
NASH|BR|GAUSSIAN,right-turn-lane,W_S,10-30-Y,SLOW,Y,N,Y,deprecated,770,164,156.990167,0.00031223238667632547
NASH|BR|GAUSSIAN,right-turn-lane,W_S,10-30-Y,SLOW,Y,N,Y,deprecated,770,164,157.991167,0.0
NASH|BR|GAUSSIAN,right-turn-lane,W_S,10-30-Y,SLOW,Y,N,Y,deprecated,770,164,158.992167,0.258336810515883
NASH|BR|GAUSSIAN,right-turn-lane,W_S,10-30-Y,SLOW,Y,N,Y,deprecated,770,164,159.993167,0.0004337192045034133
NASH|BR|GAUSSIAN,right-turn-lane,W_S,10-30-Y,SLOW,Y,Y,N,deprecated,770,164,160.994167,2.4952888624252267e-05
NASH|BR|GAUSSIAN,right-turn-lane,W_S,10-30-Y,SLOW,Y,Y,N,deprecated,770,164,161.995167,0.000185388986697399
NASH|BR|GAUSSIAN,right-turn-lane,W_S,10-30-Y,SLOW,Y,Y,N,deprecated,770,164,162.996167,0.0
NASH|BR|GAUSSIAN,right-turn-lane,W_S,LT 10-Y,SLOW,Y,Y,N,deprecated,770,164,163.997167,0.0
NASH|BR|GAUSSIAN,right-turn-lane,W_S,LT 10-Y,SLOW,Y,Y,N,deprecated,770,164,164.998167,0.0
NASH|BR|GAUSSIAN,prep-right-turn,W_S,LT 10-Y,SLOW,Y,Y,N,deprecated,770,164,165.999167,0.0005204822874201875
NASH|BR|GAUSSIAN,prep-right-turn,W_S,LT 10-Y,SLOW,Y,Y,N,deprecated,770,164,167.000167,0.0014044778317774398
NASH|BR|GAUSSIAN,prep-right-turn,W_S,LT 10-Y,SLOW,Y,Y,N,deprecated,770,164,168.001167,0.0
NASH|BR|GAUSSIAN,prep-right-turn,W_S,LT 10-Y,SLOW,Y,Y,N,deprecated,770,164,169.002167,0.0
NASH|BR|GAUSSIAN,exec-right-turn,W_S,LT 10-Y,MEDIUM,Y,Y,N,deprecated,770,164,170.003167,0.0008293227156344063
NASH|BR|GAUSSIAN,exec-right-turn,W_S,LT 10-Y,MEDIUM,Y,Y,N,deprecated,770,164,171.004167,0.24764707141368647
NASH|BR|GAUSSIAN,left-turn-lane,W_N,10-30-Y,MEDIUM,Y,Y,N,deprecated,770,165,152.986167,0.0
NASH|BR|GAUSSIAN,left-turn-lane,W_N,10-30-Y,MEDIUM,Y,Y,N,deprecated,770,165,153.987167,0.032045067141715955
NASH|BR|GAUSSIAN,left-turn-lane,W_N,10-30-Y,MEDIUM,Y,Y,N,deprecated,770,165,154.988167,0.029227777949077827
NASH|BR|GAUSSIAN,left-turn-lane,W_N,10-30-Y,MEDIUM,Y,Y,N,deprecated,770,165,155.989167,0.038551170303091076
NASH|BR|GAUSSIAN,left-turn-lane,W_N,10-30-Y,MEDIUM,Y,Y,N,deprecated,770,165,156.990167,0.035754737189020114
NASH|BR|GAUSSIAN,prep-left-turn,W_N,10-30-Y,SLOW,Y,Y,N,deprecated,770,165,158.992167,0.028216292695648626
NASH|BR|GAUSSIAN,prep-left-turn,W_N,10-30-Y,NEAR STATIONARY,Y,Y,N,deprecated,770,165,161.995167,0.024319979478304443
NASH|BR|GAUSSIAN,prep-left-turn,W_N,10-30-Y,NEAR STATIONARY,Y,Y,N,deprecated,770,165,162.996167,0.0
NASH|BR|GAUSSIAN,prep-left-turn,W_N,LT 10-Y,NEAR STATIONARY,Y,Y,N,deprecated,770,165,163.997167,0.0
NASH|BR|GAUSSIAN,prep-left-turn,W_N,LT 10-Y,SLOW,Y,Y,N,deprecated,770,165,164.998167,0.2084487190234896
NASH|BR|GAUSSIAN,exec-left-turn,W_N,LT 10-Y,SLOW,Y,Y,N,deprecated,770,165,167.000167,0.46822472981861385
NASH|BR|GAUSSIAN,right-turn-lane,W_S,10-30-Y,MEDIUM,Y,N,Y,deprecated,770,167,154.154,0.31809018816861945
NASH|BR|GAUSSIAN,right-turn-lane,W_S,10-30-Y,MEDIUM,Y,N,Y,deprecated,770,167,155.155,0.00042868451540833963
NASH|BR|GAUSSIAN,right-turn-lane,W_S,10-30-Y,MEDIUM,Y,N,Y,deprecated,770,167,156.156,0.0022892700107599584
NASH|BR|GAUSSIAN,right-turn-lane,W_S,10-30-Y,MEDIUM,Y,N,Y,deprecated,770,167,157.157,0.0
NASH|BR|GAUSSIAN,right-turn-lane,W_S,10-30-Y,SLOW,Y,N,Y,deprecated,770,167,158.158,0.004134898917869334
NASH|BR|GAUSSIAN,right-turn-lane,W_S,10-30-Y,SLOW,Y,N,Y,deprecated,770,167,159.159,0.0022215076129346034
NASH|BR|GAUSSIAN,right-turn-lane,W_S,10-30-Y,SLOW,Y,N,Y,deprecated,770,167,160.16,0.2699620246823957
NASH|BR|GAUSSIAN,right-turn-lane,W_S,10-30-Y,SLOW,Y,N,Y,deprecated,770,167,161.161,0.2718364934948442
NASH|BR|GAUSSIAN,right-turn-lane,W_S,10-30-Y,SLOW,Y,N,Y,deprecated,770,167,162.162,0.26170651000783096
NASH|BR|GAUSSIAN,right-turn-lane,W_S,10-30-Y,SLOW,Y,N,Y,deprecated,770,167,163.163,0.0022143466624391372
NASH|BR|GAUSSIAN,right-turn-lane,W_S,LT 10-Y,SLOW,Y,N,Y,deprecated,770,167,164.164,0.0
NASH|BR|GAUSSIAN,right-turn-lane,W_S,LT 10-Y,SLOW,Y,N,Y,deprecated,770,167,165.165,0.25035171585791116
NASH|BR|GAUSSIAN,right-turn-lane,W_S,LT 10-Y,SLOW,Y,N,Y,deprecated,770,167,166.166,0.0
NASH|BR|GAUSSIAN,right-turn-lane,W_S,LT 10-Y,SLOW,Y,N,Y,deprecated,770,167,167.167,0.25181767902731556
NASH|BR|GAUSSIAN,right-turn-lane,W_S,LT 10-Y,SLOW,Y,N,Y,deprecated,770,167,168.168,0.2518691985341045
NASH|BR|GAUSSIAN,right-turn-lane,W_S,LT 10-Y,SLOW,Y,N,Y,deprecated,770,167,169.169,0.25833897926859106
NASH|BR|GAUSSIAN,right-turn-lane,W_S,LT 10-Y,MEDIUM,Y,Y,N,deprecated,770,167,170.17,0.0026384990045410506
NASH|BR|GAUSSIAN,prep-right-turn,W_S,LT 10-Y,MEDIUM,Y,Y,Y,deprecated,770,167,171.171,0.2596579891721992
NASH|BR|GAUSSIAN,exec-right-turn,W_S,LT 10-Y,MEDIUM,Y,Y,Y,deprecated,770,167,172.172,0.019127180198417637
NASH|BR|GAUSSIAN,exec-right-turn,W_S,LT 10-Y,MEDIUM,Y,Y,N,deprecated,770,167,173.173,0.2509613825861049
NASH|BR|GAUSSIAN,left-turn-lane,W_N,10-30-G,NEAR STATIONARY,N,N,Y,deprecated,770,16,10.01,0.0
NASH|BR|GAUSSIAN,left-turn-lane,W_N,10-30-G,NEAR STATIONARY,N,N,Y,deprecated,770,16,11.011,0.0
NASH|BR|GAUSSIAN,left-turn-lane,W_N,10-30-G,NEAR STATIONARY,N,N,Y,deprecated,770,16,12.012,0.0
NASH|BR|GAUSSIAN,left-turn-lane,W_N,10-30-G,NEAR STATIONARY,N,N,Y,deprecated,770,16,13.013,0.0008995312378589082
NASH|BR|GAUSSIAN,left-turn-lane,W_N,10-30-G,SLOW,N,N,Y,deprecated,770,16,14.014,0.0007063992213710568
NASH|BR|GAUSSIAN,left-turn-lane,W_N,10-30-G,SLOW,N,N,Y,deprecated,770,16,15.015,0.0
NASH|BR|GAUSSIAN,left-turn-lane,W_N,10-30-G,MEDIUM,N,N,Y,deprecated,770,16,16.016,0.0
NASH|BR|GAUSSIAN,left-turn-lane,W_N,10-30-G,MEDIUM,N,N,Y,deprecated,770,16,17.017,0.0005935321436331131
NASH|BR|GAUSSIAN,left-turn-lane,W_N,10-30-G,MEDIUM,N,N,Y,deprecated,770,16,18.018,0.0025452665237448713
NASH|BR|GAUSSIAN,left-turn-lane,W_N,10-30-G,MEDIUM,N,N,Y,deprecated,770,16,19.019,0.0
NASH|BR|GAUSSIAN,left-turn-lane,W_N,10-30-G,SLOW,N,N,Y,deprecated,770,16,3.003,0.0036863659306296537
NASH|BR|GAUSSIAN,left-turn-lane,W_N,10-30-G,NEAR STATIONARY,N,N,Y,deprecated,770,16,6.006,0.0
NASH|BR|GAUSSIAN,left-turn-lane,W_N,10-30-G,NEAR STATIONARY,N,N,Y,deprecated,770,16,7.007,0.0014363150184362183
NASH|BR|GAUSSIAN,left-turn-lane,W_N,10-30-G,NEAR STATIONARY,N,N,Y,deprecated,770,16,8.008,0.0
NASH|BR|GAUSSIAN,left-turn-lane,W_N,10-30-G,NEAR STATIONARY,N,N,Y,deprecated,770,16,9.009,0.0004780441817502368
NASH|BR|GAUSSIAN,left-turn-lane,W_N,LT 10-Y,MEDIUM,N,Y,N,deprecated,770,179,172.839333,0.03648971061063344
NASH|BR|GAUSSIAN,prep-left-turn,W_N,LT 10-R,MEDIUM,N,Y,N,deprecated,770,179,173.840333,0.02718081924524407
NASH|BR|GAUSSIAN,prep-left-turn,W_N,LT 10-R,SLOW,N,Y,N,deprecated,770,179,174.841333,0.02241369225177714
NASH|BR|GAUSSIAN,prep-left-turn,W_N,LT 10-R,SLOW,N,Y,Y,deprecated,770,179,175.842333,6.654821164031599e-05
NASH|BR|GAUSSIAN,prep-left-turn,W_N,LT 10-R,SLOW,N,Y,Y,deprecated,770,179,176.843333,0.0
NASH|BR|GAUSSIAN,exec-left-turn,W_N,10-30-R,SLOW,N,Y,N,deprecated,770,179,177.844333,0.007958911172907257
NASH|BR|GAUSSIAN,exec-left-turn,W_N,LT 10-R,SLOW,N,Y,N,deprecated,770,179,181.848333,0.0014399417083520438
NASH|BR|GAUSSIAN,left-turn-lane,W_N,LT 10-R,HIGH,N,N,Y,deprecated,770,180,174.007167,0.2092743139897767
NASH|BR|GAUSSIAN,left-turn-lane,W_N,LT 10-R,HIGH,N,N,Y,deprecated,770,180,175.008167,0.2322769235711286
NASH|BR|GAUSSIAN,left-turn-lane,S_W,10-30-Y,SLOW,N,Y,N,deprecated,770,181,202.202,0.0728658368822287
NASH|BR|GAUSSIAN,prep-left-turn,S_W,10-30-Y,SLOW,N,Y,N,deprecated,770,181,203.203,0.018615462482221012
NASH|BR|GAUSSIAN,prep-left-turn,S_W,10-30-Y,SLOW,N,Y,N,deprecated,770,181,204.204,0.00042272200239168445
NASH|BR|GAUSSIAN,prep-left-turn,S_W,10-30-Y,SLOW,N,Y,N,deprecated,770,181,205.205,0.0007334202590704164
NASH|BR|GAUSSIAN,prep-left-turn,S_W,10-30-Y,SLOW,N,Y,N,deprecated,770,181,206.206,0.0
NASH|BR|GAUSSIAN,prep-left-turn,S_W,10-30-Y,SLOW,N,Y,N,deprecated,770,181,207.207,0.004114135510880357
NASH|BR|GAUSSIAN,prep-left-turn,S_W,10-30-Y,MEDIUM,N,Y,N,deprecated,770,181,208.208,0.0034756318227924243
NASH|BR|GAUSSIAN,exec-left-turn,S_W,10-30-Y,MEDIUM,N,Y,N,deprecated,770,181,209.209,0.0
NASH|BR|GAUSSIAN,exec-left-turn,S_W,10-30-Y,MEDIUM,N,Y,N,deprecated,770,181,210.21,0.0
NASH|BR|GAUSSIAN,exec-left-turn,S_W,10-30-Y,MEDIUM,N,Y,N,deprecated,770,181,211.211,0.0
NASH|BR|GAUSSIAN,right-turn-lane,W_S,LT 10-R,MEDIUM,Y,Y,N,deprecated,770,183,176.176,0.2650410067871777
NASH|BR|GAUSSIAN,right-turn-lane,W_S,LT 10-R,MEDIUM,Y,Y,N,deprecated,770,183,177.177,0.0028471274355764686
NASH|BR|GAUSSIAN,right-turn-lane,W_S,10-30-R,MEDIUM,Y,Y,N,deprecated,770,183,178.178,8.918581566508266e-05
NASH|BR|GAUSSIAN,prep-right-turn,W_S,LT 10-R,MEDIUM,N,Y,N,deprecated,770,183,180.18,0.023213385908974482
NASH|BR|GAUSSIAN,left-turn-lane,E_S,LT 10-R,MEDIUM,Y,N,Y,deprecated,770,185,177.343833,0.0001908884429451252
NASH|BR|GAUSSIAN,left-turn-lane,E_S,10-30-R,MEDIUM,Y,N,Y,deprecated,770,185,178.344833,0.0
NASH|BR|GAUSSIAN,left-turn-lane,E_S,10-30-R,MEDIUM,N,N,Y,deprecated,770,185,179.345833,0.0
NASH|BR|GAUSSIAN,left-turn-lane,E_S,GT 30-G,MEDIUM,N,N,Y,deprecated,770,190,184.184,0.0
NASH|BR|GAUSSIAN,left-turn-lane,E_S,GT 30-G,MEDIUM,N,N,Y,deprecated,770,190,185.185,0.0
NASH|BR|GAUSSIAN,left-turn-lane,E_S,GT 30-G,SLOW,N,N,Y,deprecated,770,190,186.186,0.0
NASH|BR|GAUSSIAN,left-turn-lane,E_S,GT 30-G,SLOW,N,N,Y,deprecated,770,190,187.187,0.0
NASH|BR|GAUSSIAN,left-turn-lane,E_S,GT 30-G,NEAR STATIONARY,N,N,Y,deprecated,770,190,188.188,0.0028993753457733362
NASH|BR|GAUSSIAN,left-turn-lane,E_S,GT 30-G,NEAR STATIONARY,N,N,Y,deprecated,770,190,189.189,0.0005823634067227967
NASH|BR|GAUSSIAN,left-turn-lane,E_S,GT 30-G,NEAR STATIONARY,N,N,Y,deprecated,770,190,190.19,0.0
NASH|BR|GAUSSIAN,left-turn-lane,E_S,GT 30-G,NEAR STATIONARY,N,N,Y,deprecated,770,190,191.191,0.0
NASH|BR|GAUSSIAN,left-turn-lane,E_S,GT 30-G,NEAR STATIONARY,N,N,Y,deprecated,770,190,192.192,0.0
NASH|BR|GAUSSIAN,left-turn-lane,E_S,GT 30-G,NEAR STATIONARY,N,N,Y,deprecated,770,190,193.193,0.002078018845009133
NASH|BR|GAUSSIAN,left-turn-lane,E_S,GT 30-G,NEAR STATIONARY,N,N,Y,deprecated,770,190,194.194,0.0
NASH|BR|GAUSSIAN,left-turn-lane,E_S,GT 30-G,NEAR STATIONARY,N,N,Y,deprecated,770,190,195.195,0.0
NASH|BR|GAUSSIAN,left-turn-lane,E_S,GT 30-G,NEAR STATIONARY,N,N,Y,deprecated,770,190,196.196,0.0
NASH|BR|GAUSSIAN,left-turn-lane,E_S,GT 30-G,NEAR STATIONARY,N,N,Y,deprecated,770,190,197.197,0.0008836772895034484
NASH|BR|GAUSSIAN,left-turn-lane,E_S,GT 30-G,NEAR STATIONARY,N,N,Y,deprecated,770,190,198.198,0.0
NASH|BR|GAUSSIAN,left-turn-lane,E_S,GT 30-G,NEAR STATIONARY,N,N,Y,deprecated,770,190,199.199,0.0
NASH|BR|GAUSSIAN,left-turn-lane,E_S,GT 30-G,NEAR STATIONARY,N,N,Y,deprecated,770,190,200.2,0.0020840656218836795
NASH|BR|GAUSSIAN,left-turn-lane,E_S,GT 30-G,NEAR STATIONARY,N,N,Y,deprecated,770,190,201.201,0.0
NASH|BR|GAUSSIAN,left-turn-lane,E_S,GT 30-G,NEAR STATIONARY,N,N,Y,deprecated,770,190,202.202,0.0
NASH|BR|GAUSSIAN,left-turn-lane,E_S,10-30-G,NEAR STATIONARY,N,N,Y,deprecated,770,190,203.203,0.0
NASH|BR|GAUSSIAN,left-turn-lane,E_S,10-30-G,NEAR STATIONARY,N,N,Y,deprecated,770,190,204.204,0.0
NASH|BR|GAUSSIAN,left-turn-lane,E_S,10-30-G,NEAR STATIONARY,N,N,Y,deprecated,770,190,205.205,0.0
NASH|BR|GAUSSIAN,left-turn-lane,E_S,10-30-G,NEAR STATIONARY,N,N,Y,deprecated,770,190,206.206,0.002355201338239299
NASH|BR|GAUSSIAN,left-turn-lane,E_S,10-30-G,NEAR STATIONARY,N,N,Y,deprecated,770,190,207.207,0.0
NASH|BR|GAUSSIAN,left-turn-lane,E_S,10-30-G,NEAR STATIONARY,N,N,Y,deprecated,770,190,208.208,0.0
NASH|BR|GAUSSIAN,left-turn-lane,E_S,10-30-G,NEAR STATIONARY,N,N,Y,deprecated,770,190,209.209,0.0
NASH|BR|GAUSSIAN,left-turn-lane,E_S,10-30-G,NEAR STATIONARY,N,N,Y,deprecated,770,190,210.21,0.0
NASH|BR|GAUSSIAN,left-turn-lane,E_S,10-30-G,NEAR STATIONARY,N,N,Y,deprecated,770,190,211.211,0.002113422628396977
NASH|BR|GAUSSIAN,left-turn-lane,E_S,10-30-G,NEAR STATIONARY,N,N,Y,deprecated,770,190,212.212,0.0
NASH|BR|GAUSSIAN,left-turn-lane,E_S,10-30-G,NEAR STATIONARY,N,N,Y,deprecated,770,190,213.213,0.0
NASH|BR|GAUSSIAN,left-turn-lane,E_S,10-30-G,NEAR STATIONARY,Y,N,Y,deprecated,770,190,214.214,0.0
NASH|BR|GAUSSIAN,left-turn-lane,E_S,10-30-G,NEAR STATIONARY,Y,N,Y,deprecated,770,190,215.215,0.0
NASH|BR|GAUSSIAN,left-turn-lane,E_S,10-30-G,NEAR STATIONARY,Y,N,Y,deprecated,770,190,216.216,9.868125080825241e-05
NASH|BR|GAUSSIAN,left-turn-lane,E_S,10-30-G,NEAR STATIONARY,Y,N,Y,deprecated,770,190,217.217,0.0
NASH|BR|GAUSSIAN,left-turn-lane,E_S,10-30-G,NEAR STATIONARY,Y,N,Y,deprecated,770,190,218.218,0.0
NASH|BR|GAUSSIAN,left-turn-lane,E_S,10-30-G,NEAR STATIONARY,Y,N,Y,deprecated,770,190,219.219,0.00361534541959585
NASH|BR|GAUSSIAN,left-turn-lane,E_S,10-30-G,NEAR STATIONARY,Y,N,Y,deprecated,770,190,220.22,0.002568132250468258
NASH|BR|GAUSSIAN,left-turn-lane,E_S,10-30-G,NEAR STATIONARY,Y,N,Y,deprecated,770,190,221.221,0.0
NASH|BR|GAUSSIAN,left-turn-lane,E_S,10-30-G,NEAR STATIONARY,Y,N,Y,deprecated,770,190,222.222,0.0036596715231818067
NASH|BR|GAUSSIAN,left-turn-lane,E_S,LT 10-G,NEAR STATIONARY,Y,N,Y,deprecated,770,190,223.223,0.0005183698493518296
NASH|BR|GAUSSIAN,left-turn-lane,E_S,LT 10-G,NEAR STATIONARY,Y,N,Y,deprecated,770,190,224.224,0.0
NASH|BR|GAUSSIAN,left-turn-lane,E_S,LT 10-G,NEAR STATIONARY,Y,N,Y,deprecated,770,190,225.225,0.00332536341302081
NASH|BR|GAUSSIAN,left-turn-lane,E_S,LT 10-G,NEAR STATIONARY,Y,N,Y,deprecated,770,190,226.226,0.0004081034052861865
NASH|BR|GAUSSIAN,left-turn-lane,E_S,LT 10-G,NEAR STATIONARY,Y,N,Y,deprecated,770,190,227.227,0.001986777222414471
NASH|BR|GAUSSIAN,left-turn-lane,E_S,LT 10-G,NEAR STATIONARY,Y,N,Y,deprecated,770,190,228.228,0.0
NASH|BR|GAUSSIAN,left-turn-lane,E_S,LT 10-G,NEAR STATIONARY,Y,N,Y,deprecated,770,190,229.229,0.00042502895826557197
NASH|BR|GAUSSIAN,left-turn-lane,E_S,LT 10-G,NEAR STATIONARY,Y,N,Y,deprecated,770,190,231.231,0.0
NASH|BR|GAUSSIAN,left-turn-lane,E_S,LT 10-G,NEAR STATIONARY,Y,N,Y,deprecated,770,190,232.232,0.004689425270266723
NASH|BR|GAUSSIAN,left-turn-lane,E_S,GT 30-Y,NEAR STATIONARY,Y,N,Y,deprecated,770,190,233.233,0.0051687192058851306
NASH|BR|GAUSSIAN,left-turn-lane,E_S,GT 30-Y,NEAR STATIONARY,Y,N,Y,deprecated,770,190,234.234,0.0
NASH|BR|GAUSSIAN,left-turn-lane,E_S,GT 30-Y,SLOW,Y,N,Y,deprecated,770,190,235.235,0.0005423728202319511
NASH|BR|GAUSSIAN,left-turn-lane,E_S,GT 30-Y,NEAR STATIONARY,Y,N,Y,deprecated,770,190,237.237,0.0027351408721920656
NASH|BR|GAUSSIAN,left-turn-lane,E_S,GT 30-Y,NEAR STATIONARY,Y,N,Y,deprecated,770,190,238.238,0.0010299072841920554
NASH|BR|GAUSSIAN,left-turn-lane,E_S,GT 30-Y,NEAR STATIONARY,Y,N,Y,deprecated,770,190,239.239,0.0025150997558135435
NASH|BR|GAUSSIAN,left-turn-lane,E_S,10-30-Y,NEAR STATIONARY,Y,N,Y,deprecated,770,190,240.24,0.0
NASH|BR|GAUSSIAN,left-turn-lane,E_S,10-30-Y,NEAR STATIONARY,Y,N,Y,deprecated,770,190,241.241,0.2500341171483499
NASH|BR|GAUSSIAN,left-turn-lane,E_S,10-30-Y,SLOW,Y,N,Y,deprecated,770,190,242.242,0.25547351746532154
NASH|BR|GAUSSIAN,left-turn-lane,E_S,10-30-Y,MEDIUM,Y,N,Y,deprecated,770,190,243.243,0.2486643299995891
NASH|BR|GAUSSIAN,prep-left-turn,E_S,10-30-Y,MEDIUM,Y,N,Y,deprecated,770,190,245.245,0.26081012912010126
NASH|BR|GAUSSIAN,prep-left-turn,E_S,10-30-Y,MEDIUM,Y,N,Y,deprecated,770,190,246.246,0.2605550783230398
NASH|BR|GAUSSIAN,exec-left-turn,E_S,10-30-Y,MEDIUM,Y,N,Y,deprecated,770,190,247.247,0.018213493732394115
NASH|BR|GAUSSIAN,left-turn-lane,W_N,GT 30-G,MEDIUM,N,N,Y,deprecated,770,193,189.522667,0.0
NASH|BR|GAUSSIAN,left-turn-lane,W_N,GT 30-G,MEDIUM,N,N,Y,deprecated,770,193,190.523667,0.00025675239437139563
NASH|BR|GAUSSIAN,left-turn-lane,W_N,GT 30-G,MEDIUM,N,N,Y,deprecated,770,193,191.524667,0.0027291974475123215
NASH|BR|GAUSSIAN,left-turn-lane,W_N,GT 30-G,MEDIUM,N,N,Y,deprecated,770,193,192.525667,0.0010734315390704685
NASH|BR|GAUSSIAN,left-turn-lane,W_N,GT 30-G,SLOW,N,N,Y,deprecated,770,193,193.526667,0.0009820987233740697
NASH|BR|GAUSSIAN,left-turn-lane,W_N,GT 30-G,SLOW,N,N,Y,deprecated,770,193,194.527667,0.00028412127549404254
NASH|BR|GAUSSIAN,left-turn-lane,W_N,GT 30-G,NEAR STATIONARY,N,N,Y,deprecated,770,193,195.528667,0.0001404236719879659
NASH|BR|GAUSSIAN,left-turn-lane,W_N,GT 30-G,NEAR STATIONARY,N,N,Y,deprecated,770,193,196.529667,0.0005980080346182914
NASH|BR|GAUSSIAN,left-turn-lane,W_N,GT 30-G,NEAR STATIONARY,N,N,Y,deprecated,770,193,197.530667,0.0
NASH|BR|GAUSSIAN,left-turn-lane,W_N,GT 30-G,NEAR STATIONARY,N,N,Y,deprecated,770,193,198.531667,0.0
NASH|BR|GAUSSIAN,left-turn-lane,W_N,GT 30-G,NEAR STATIONARY,N,N,Y,deprecated,770,193,199.532667,0.0
NASH|BR|GAUSSIAN,left-turn-lane,W_N,GT 30-G,NEAR STATIONARY,N,N,Y,deprecated,770,193,200.533667,0.0
NASH|BR|GAUSSIAN,left-turn-lane,W_N,GT 30-G,NEAR STATIONARY,N,N,Y,deprecated,770,193,201.534667,0.0
NASH|BR|GAUSSIAN,left-turn-lane,W_N,GT 30-G,NEAR STATIONARY,N,N,Y,deprecated,770,193,202.535667,0.0
NASH|BR|GAUSSIAN,left-turn-lane,W_N,10-30-G,NEAR STATIONARY,N,N,Y,deprecated,770,193,203.536667,0.0
NASH|BR|GAUSSIAN,left-turn-lane,W_N,10-30-G,NEAR STATIONARY,N,N,Y,deprecated,770,193,204.537667,0.0
NASH|BR|GAUSSIAN,left-turn-lane,W_N,10-30-G,NEAR STATIONARY,N,N,Y,deprecated,770,193,205.538667,0.0
NASH|BR|GAUSSIAN,left-turn-lane,W_N,10-30-G,NEAR STATIONARY,N,N,Y,deprecated,770,193,206.539667,0.0
NASH|BR|GAUSSIAN,left-turn-lane,W_N,10-30-G,NEAR STATIONARY,N,N,Y,deprecated,770,193,207.540667,0.0
NASH|BR|GAUSSIAN,left-turn-lane,W_N,10-30-G,NEAR STATIONARY,N,N,Y,deprecated,770,193,208.541667,0.0
NASH|BR|GAUSSIAN,left-turn-lane,W_N,10-30-G,NEAR STATIONARY,N,N,Y,deprecated,770,193,209.542667,0.0
NASH|BR|GAUSSIAN,left-turn-lane,W_N,10-30-G,NEAR STATIONARY,N,N,Y,deprecated,770,193,210.543667,0.0
NASH|BR|GAUSSIAN,left-turn-lane,W_N,10-30-G,NEAR STATIONARY,N,N,Y,deprecated,770,193,211.544667,0.0
NASH|BR|GAUSSIAN,left-turn-lane,W_N,10-30-G,NEAR STATIONARY,N,N,Y,deprecated,770,193,212.545667,0.0
NASH|BR|GAUSSIAN,left-turn-lane,W_N,10-30-G,NEAR STATIONARY,N,N,Y,deprecated,770,193,213.546667,0.0
NASH|BR|GAUSSIAN,left-turn-lane,W_N,10-30-G,NEAR STATIONARY,N,N,Y,deprecated,770,193,214.547667,0.0
NASH|BR|GAUSSIAN,left-turn-lane,W_N,10-30-G,NEAR STATIONARY,N,N,Y,deprecated,770,193,215.548667,0.0
NASH|BR|GAUSSIAN,left-turn-lane,W_N,10-30-G,NEAR STATIONARY,N,N,Y,deprecated,770,193,216.549667,0.0
NASH|BR|GAUSSIAN,left-turn-lane,W_N,10-30-G,NEAR STATIONARY,N,N,Y,deprecated,770,193,217.550667,0.0
NASH|BR|GAUSSIAN,left-turn-lane,W_N,10-30-G,NEAR STATIONARY,N,N,Y,deprecated,770,193,218.551667,0.0
NASH|BR|GAUSSIAN,left-turn-lane,W_N,10-30-G,NEAR STATIONARY,N,N,Y,deprecated,770,193,219.552667,0.0
NASH|BR|GAUSSIAN,left-turn-lane,W_N,10-30-G,NEAR STATIONARY,N,N,Y,deprecated,770,193,220.553667,0.0
NASH|BR|GAUSSIAN,left-turn-lane,W_N,10-30-G,NEAR STATIONARY,N,N,Y,deprecated,770,193,221.554667,0.0
NASH|BR|GAUSSIAN,left-turn-lane,W_N,10-30-G,NEAR STATIONARY,N,N,Y,deprecated,770,193,222.555667,0.0
NASH|BR|GAUSSIAN,left-turn-lane,W_N,LT 10-G,NEAR STATIONARY,N,N,Y,deprecated,770,193,223.556667,0.0
NASH|BR|GAUSSIAN,left-turn-lane,W_N,LT 10-G,NEAR STATIONARY,Y,N,Y,deprecated,770,193,224.557667,0.0
NASH|BR|GAUSSIAN,left-turn-lane,W_N,LT 10-G,NEAR STATIONARY,Y,N,Y,deprecated,770,193,225.558667,0.0
NASH|BR|GAUSSIAN,left-turn-lane,W_N,LT 10-G,NEAR STATIONARY,Y,N,Y,deprecated,770,193,226.559667,0.0
NASH|BR|GAUSSIAN,left-turn-lane,W_N,LT 10-G,NEAR STATIONARY,Y,N,Y,deprecated,770,193,227.560667,0.0
NASH|BR|GAUSSIAN,left-turn-lane,W_N,LT 10-G,NEAR STATIONARY,Y,N,Y,deprecated,770,193,228.561667,0.0
NASH|BR|GAUSSIAN,left-turn-lane,W_N,LT 10-G,NEAR STATIONARY,Y,N,Y,deprecated,770,193,229.562667,0.0
NASH|BR|GAUSSIAN,left-turn-lane,W_N,LT 10-G,NEAR STATIONARY,Y,N,Y,deprecated,770,193,230.563667,0.0
NASH|BR|GAUSSIAN,left-turn-lane,W_N,LT 10-G,NEAR STATIONARY,Y,N,Y,deprecated,770,193,231.564667,0.0
NASH|BR|GAUSSIAN,left-turn-lane,W_N,GT 30-Y,NEAR STATIONARY,Y,N,Y,deprecated,770,193,232.565667,0.0
NASH|BR|GAUSSIAN,left-turn-lane,W_N,GT 30-Y,NEAR STATIONARY,Y,N,Y,deprecated,770,193,233.566667,0.0
NASH|BR|GAUSSIAN,left-turn-lane,W_N,GT 30-Y,NEAR STATIONARY,Y,N,Y,deprecated,770,193,234.567667,0.0
NASH|BR|GAUSSIAN,left-turn-lane,W_N,GT 30-Y,NEAR STATIONARY,Y,N,Y,deprecated,770,193,235.568667,0.0
NASH|BR|GAUSSIAN,left-turn-lane,W_N,GT 30-Y,NEAR STATIONARY,Y,N,Y,deprecated,770,193,236.569667,0.0
NASH|BR|GAUSSIAN,left-turn-lane,W_N,GT 30-Y,NEAR STATIONARY,Y,N,Y,deprecated,770,193,237.570667,0.0
NASH|BR|GAUSSIAN,left-turn-lane,W_N,GT 30-Y,NEAR STATIONARY,Y,N,Y,deprecated,770,193,238.571667,0.0
NASH|BR|GAUSSIAN,left-turn-lane,W_N,10-30-Y,NEAR STATIONARY,Y,N,Y,deprecated,770,193,239.572667,0.0
NASH|BR|GAUSSIAN,left-turn-lane,W_N,10-30-Y,NEAR STATIONARY,Y,N,Y,deprecated,770,193,240.573667,0.0
NASH|BR|GAUSSIAN,left-turn-lane,W_N,10-30-Y,NEAR STATIONARY,Y,N,Y,deprecated,770,193,241.574667,0.2496415149540797
NASH|BR|GAUSSIAN,left-turn-lane,W_N,10-30-Y,MEDIUM,Y,N,Y,deprecated,770,193,243.576667,0.2507621071673626
NASH|BR|GAUSSIAN,exec-left-turn,N_E,GT 30-Y,MEDIUM,N,N,Y,deprecated,770,197,192.192,0.2709402239709692
NASH|BR|GAUSSIAN,exec-left-turn,N_E,GT 30-Y,MEDIUM,N,Y,Y,deprecated,770,197,193.193,0.08973635769023425
NASH|BR|GAUSSIAN,exec-left-turn,N_E,GT 30-Y,MEDIUM,N,Y,Y,deprecated,770,197,194.194,0.07435663567243067
NASH|BR|GAUSSIAN,exec-left-turn,N_E,GT 30-Y,MEDIUM,N,Y,Y,deprecated,770,197,195.195,0.04034142070135105
NASH|BR|GAUSSIAN,exec-left-turn,N_E,GT 30-Y,MEDIUM,N,Y,Y,deprecated,770,197,196.196,0.021351011996110114
NASH|BR|GAUSSIAN,prep-left-turn,N_E,GT 30-Y,MEDIUM,N,N,Y,deprecated,770,198,193.193,0.2611473084613919
NASH|BR|GAUSSIAN,exec-left-turn,N_E,GT 30-Y,MEDIUM,N,N,Y,deprecated,770,198,194.194,0.0002493123136658726
NASH|BR|GAUSSIAN,exec-left-turn,N_E,GT 30-Y,MEDIUM,N,N,Y,deprecated,770,198,195.195,0.0006374300205088668
NASH|BR|GAUSSIAN,left-turn-lane,W_N,GT 30-G,MEDIUM,N,N,Y,deprecated,770,200,193.026167,0.0005940752672812799
NASH|BR|GAUSSIAN,left-turn-lane,W_N,GT 30-G,MEDIUM,N,N,Y,deprecated,770,200,194.027167,0.00017264798030347528
NASH|BR|GAUSSIAN,left-turn-lane,W_N,GT 30-G,MEDIUM,N,N,Y,deprecated,770,200,195.028167,0.004399521199023315
NASH|BR|GAUSSIAN,left-turn-lane,W_N,GT 30-G,SLOW,N,N,Y,deprecated,770,200,196.029167,0.0010440213107971719
NASH|BR|GAUSSIAN,left-turn-lane,W_N,GT 30-G,SLOW,N,N,Y,deprecated,770,200,197.030167,0.0004008417957117594
NASH|BR|GAUSSIAN,left-turn-lane,W_N,GT 30-G,NEAR STATIONARY,N,N,Y,deprecated,770,200,198.031167,0.0
NASH|BR|GAUSSIAN,left-turn-lane,W_N,GT 30-G,NEAR STATIONARY,N,Y,Y,deprecated,770,200,199.032167,0.00047689365975700504
NASH|BR|GAUSSIAN,left-turn-lane,W_N,GT 30-G,NEAR STATIONARY,N,Y,Y,deprecated,770,200,200.033167,0.0
NASH|BR|GAUSSIAN,left-turn-lane,W_N,GT 30-G,NEAR STATIONARY,N,Y,Y,deprecated,770,200,201.034167,0.0
NASH|BR|GAUSSIAN,left-turn-lane,W_N,GT 30-G,NEAR STATIONARY,N,Y,Y,deprecated,770,200,202.035167,0.0033898559024275743
NASH|BR|GAUSSIAN,left-turn-lane,W_N,10-30-G,NEAR STATIONARY,N,Y,Y,deprecated,770,200,203.036167,0.0
NASH|BR|GAUSSIAN,left-turn-lane,W_N,10-30-G,NEAR STATIONARY,N,Y,Y,deprecated,770,200,204.037167,0.0
NASH|BR|GAUSSIAN,left-turn-lane,W_N,10-30-G,NEAR STATIONARY,N,Y,Y,deprecated,770,200,205.038167,0.0
NASH|BR|GAUSSIAN,left-turn-lane,W_N,10-30-G,NEAR STATIONARY,N,Y,Y,deprecated,770,200,206.039167,0.007030311543880563
NASH|BR|GAUSSIAN,left-turn-lane,W_N,10-30-G,NEAR STATIONARY,N,Y,Y,deprecated,770,200,207.040167,0.0030930010936383034
NASH|BR|GAUSSIAN,left-turn-lane,W_N,10-30-G,NEAR STATIONARY,N,Y,Y,deprecated,770,200,208.041167,0.0
NASH|BR|GAUSSIAN,left-turn-lane,W_N,10-30-G,NEAR STATIONARY,N,Y,Y,deprecated,770,200,209.042167,0.0
NASH|BR|GAUSSIAN,left-turn-lane,W_N,10-30-G,NEAR STATIONARY,N,Y,Y,deprecated,770,200,210.043167,0.0
NASH|BR|GAUSSIAN,left-turn-lane,W_N,10-30-G,NEAR STATIONARY,N,Y,Y,deprecated,770,200,211.044167,0.0
NASH|BR|GAUSSIAN,left-turn-lane,W_N,10-30-G,NEAR STATIONARY,N,Y,Y,deprecated,770,200,212.045167,0.016830868605039462
NASH|BR|GAUSSIAN,left-turn-lane,W_N,10-30-G,NEAR STATIONARY,N,Y,Y,deprecated,770,200,213.046167,0.0
NASH|BR|GAUSSIAN,left-turn-lane,W_N,10-30-G,NEAR STATIONARY,N,Y,Y,deprecated,770,200,214.047167,0.0018774086899925324
NASH|BR|GAUSSIAN,left-turn-lane,W_N,10-30-G,NEAR STATIONARY,N,Y,Y,deprecated,770,200,215.048167,0.0
NASH|BR|GAUSSIAN,left-turn-lane,W_N,10-30-G,NEAR STATIONARY,N,Y,Y,deprecated,770,200,216.049167,0.0
NASH|BR|GAUSSIAN,left-turn-lane,W_N,10-30-G,NEAR STATIONARY,N,Y,Y,deprecated,770,200,217.050167,0.0025347692927755183
NASH|BR|GAUSSIAN,left-turn-lane,W_N,10-30-G,NEAR STATIONARY,N,Y,Y,deprecated,770,200,218.051167,0.0
NASH|BR|GAUSSIAN,left-turn-lane,W_N,10-30-G,NEAR STATIONARY,N,Y,Y,deprecated,770,200,219.052167,0.0
NASH|BR|GAUSSIAN,left-turn-lane,W_N,10-30-G,NEAR STATIONARY,N,Y,Y,deprecated,770,200,220.053167,0.0
NASH|BR|GAUSSIAN,left-turn-lane,W_N,10-30-G,NEAR STATIONARY,N,Y,Y,deprecated,770,200,221.054167,0.0
NASH|BR|GAUSSIAN,left-turn-lane,W_N,10-30-G,NEAR STATIONARY,N,Y,Y,deprecated,770,200,222.055167,0.00021324345411832812
NASH|BR|GAUSSIAN,left-turn-lane,W_N,LT 10-G,NEAR STATIONARY,N,Y,Y,deprecated,770,200,223.056167,0.0008695627460795219
NASH|BR|GAUSSIAN,left-turn-lane,W_N,LT 10-G,NEAR STATIONARY,N,Y,Y,deprecated,770,200,224.057167,0.0
NASH|BR|GAUSSIAN,left-turn-lane,W_N,LT 10-G,NEAR STATIONARY,Y,Y,Y,deprecated,770,200,225.058167,0.010537694973583256
NASH|BR|GAUSSIAN,left-turn-lane,W_N,LT 10-G,NEAR STATIONARY,Y,Y,Y,deprecated,770,200,226.059167,0.0
NASH|BR|GAUSSIAN,left-turn-lane,W_N,LT 10-G,NEAR STATIONARY,Y,Y,Y,deprecated,770,200,227.060167,0.002650744338955624
NASH|BR|GAUSSIAN,left-turn-lane,W_N,LT 10-G,NEAR STATIONARY,Y,Y,Y,deprecated,770,200,228.061167,0.0
NASH|BR|GAUSSIAN,left-turn-lane,W_N,LT 10-G,NEAR STATIONARY,Y,Y,Y,deprecated,770,200,229.062167,0.0
NASH|BR|GAUSSIAN,left-turn-lane,W_N,LT 10-G,NEAR STATIONARY,Y,Y,Y,deprecated,770,200,230.063167,0.009835468554350246
NASH|BR|GAUSSIAN,left-turn-lane,W_N,LT 10-G,NEAR STATIONARY,Y,Y,Y,deprecated,770,200,231.064167,0.0
NASH|BR|GAUSSIAN,left-turn-lane,W_N,LT 10-G,NEAR STATIONARY,Y,Y,Y,deprecated,770,200,232.065167,0.010719981987147964
NASH|BR|GAUSSIAN,left-turn-lane,W_N,GT 30-Y,NEAR STATIONARY,Y,Y,Y,deprecated,770,200,233.066167,0.004215736601521414
NASH|BR|GAUSSIAN,left-turn-lane,W_N,GT 30-Y,NEAR STATIONARY,Y,Y,Y,deprecated,770,200,234.067167,0.0
NASH|BR|GAUSSIAN,left-turn-lane,W_N,GT 30-Y,NEAR STATIONARY,Y,Y,Y,deprecated,770,200,235.068167,0.0
NASH|BR|GAUSSIAN,left-turn-lane,W_N,GT 30-Y,NEAR STATIONARY,Y,Y,Y,deprecated,770,200,236.069167,0.0
NASH|BR|GAUSSIAN,left-turn-lane,W_N,GT 30-Y,SLOW,Y,Y,Y,deprecated,770,200,237.070167,0.0
NASH|BR|GAUSSIAN,left-turn-lane,W_N,GT 30-Y,NEAR STATIONARY,Y,Y,Y,deprecated,770,200,238.071167,0.0
NASH|BR|GAUSSIAN,left-turn-lane,W_N,GT 30-Y,NEAR STATIONARY,Y,Y,Y,deprecated,770,200,239.072167,0.0
NASH|BR|GAUSSIAN,left-turn-lane,W_N,10-30-Y,NEAR STATIONARY,Y,Y,Y,deprecated,770,200,240.073167,0.0
NASH|BR|GAUSSIAN,left-turn-lane,W_N,10-30-Y,NEAR STATIONARY,Y,Y,Y,deprecated,770,200,241.074167,5.743040811290179e-05
NASH|BR|GAUSSIAN,left-turn-lane,W_N,10-30-Y,NEAR STATIONARY,Y,Y,Y,deprecated,770,200,242.075167,0.2501672050293543
NASH|BR|GAUSSIAN,left-turn-lane,W_N,10-30-Y,SLOW,Y,Y,Y,deprecated,770,200,243.076167,0.25110991403622307
NASH|BR|GAUSSIAN,left-turn-lane,W_N,10-30-Y,SLOW,Y,Y,Y,deprecated,770,200,244.077167,0.258396601248033
NASH|BR|GAUSSIAN,left-turn-lane,W_N,10-30-Y,MEDIUM,Y,Y,Y,deprecated,770,200,245.078167,0.25981179514391184
NASH|BR|GAUSSIAN,left-turn-lane,W_N,10-30-Y,MEDIUM,Y,Y,Y,deprecated,770,200,246.079167,0.0
NASH|BR|GAUSSIAN,prep-left-turn,W_N,10-30-Y,MEDIUM,Y,Y,Y,deprecated,770,200,248.081167,4.533570011500121e-05
NASH|BR|GAUSSIAN,exec-left-turn,W_N,10-30-Y,MEDIUM,Y,N,Y,deprecated,770,200,249.082167,0.0
NASH|BR|GAUSSIAN,exec-left-turn,W_N,10-30-Y,MEDIUM,Y,Y,N,deprecated,770,200,250.083167,0.012674232196673074
NASH|BR|GAUSSIAN,left-turn-lane,S_W,LT 10-G,NEAR STATIONARY,N,N,Y,deprecated,770,203,195.195,0.00033402899712009493
NASH|BR|GAUSSIAN,left-turn-lane,S_W,GT 30-Y,NEAR STATIONARY,N,N,Y,deprecated,770,203,196.196,0.0
NASH|BR|GAUSSIAN,left-turn-lane,S_W,GT 30-Y,NEAR STATIONARY,N,N,Y,deprecated,770,203,197.197,0.0010598770275157543
NASH|BR|GAUSSIAN,left-turn-lane,S_W,GT 30-Y,NEAR STATIONARY,N,N,Y,deprecated,770,203,198.198,0.0
NASH|BR|GAUSSIAN,left-turn-lane,S_W,10-30-Y,NEAR STATIONARY,N,N,Y,deprecated,770,203,199.199,0.00017459461167512735
NASH|BR|GAUSSIAN,left-turn-lane,S_W,10-30-Y,SLOW,N,N,Y,deprecated,770,203,200.2,0.0004322623388027802
NASH|BR|GAUSSIAN,left-turn-lane,S_W,10-30-Y,NEAR STATIONARY,N,Y,Y,deprecated,770,203,202.202,8.221117064177719e-05
NASH|BR|GAUSSIAN,left-turn-lane,S_W,10-30-Y,NEAR STATIONARY,N,Y,Y,deprecated,770,203,203.203,0.0
NASH|BR|GAUSSIAN,left-turn-lane,S_W,10-30-Y,SLOW,N,Y,Y,deprecated,770,203,204.204,0.13851890586503846
NASH|BR|GAUSSIAN,left-turn-lane,S_W,10-30-Y,SLOW,N,Y,Y,deprecated,770,203,205.205,0.0
NASH|BR|GAUSSIAN,left-turn-lane,S_W,10-30-Y,SLOW,N,Y,Y,deprecated,770,203,206.206,1.418823052856677e-05
NASH|BR|GAUSSIAN,left-turn-lane,S_W,10-30-Y,SLOW,N,Y,Y,deprecated,770,203,207.207,3.5551647372900064e-05
NASH|BR|GAUSSIAN,left-turn-lane,S_W,10-30-Y,SLOW,N,Y,Y,deprecated,770,203,208.208,0.19916965706553724
NASH|BR|GAUSSIAN,left-turn-lane,S_W,10-30-Y,SLOW,N,Y,N,deprecated,770,203,209.209,0.42078164682031505
NASH|BR|GAUSSIAN,prep-left-turn,S_W,10-30-Y,MEDIUM,N,Y,Y,deprecated,770,203,211.211,9.589837449719418e-05
NASH|BR|GAUSSIAN,prep-left-turn,S_W,10-30-Y,SLOW,N,Y,N,deprecated,770,203,212.212,0.034831393704966906
NASH|BR|GAUSSIAN,exec-left-turn,S_W,10-30-Y,SLOW,N,Y,N,deprecated,770,203,214.214,0.040438507509655164
NASH|BR|GAUSSIAN,exec-left-turn,S_W,10-30-Y,SLOW,N,Y,N,deprecated,770,203,215.215,0.278886783789377
NASH|BR|GAUSSIAN,exec-left-turn,S_W,10-30-Y,SLOW,N,Y,N,deprecated,770,203,216.216,0.33954675064818335
NASH|BR|GAUSSIAN,exec-left-turn,S_W,10-30-Y,SLOW,N,Y,N,deprecated,770,203,217.217,0.4665504811940798
NASH|BR|GAUSSIAN,left-turn-lane,W_N,GT 30-G,SLOW,N,N,Y,deprecated,770,207,199.032167,0.002690981603560627
NASH|BR|GAUSSIAN,left-turn-lane,W_N,GT 30-G,SLOW,N,N,Y,deprecated,770,207,201.034167,0.000759105141275862
NASH|BR|GAUSSIAN,left-turn-lane,W_N,GT 30-G,NEAR STATIONARY,N,N,Y,deprecated,770,207,202.035167,0.0
NASH|BR|GAUSSIAN,left-turn-lane,W_N,10-30-G,NEAR STATIONARY,N,N,Y,deprecated,770,207,203.036167,0.0
NASH|BR|GAUSSIAN,left-turn-lane,W_N,10-30-G,NEAR STATIONARY,N,N,Y,deprecated,770,207,205.038167,0.009833245309393668
NASH|BR|GAUSSIAN,left-turn-lane,W_N,10-30-G,NEAR STATIONARY,N,N,Y,deprecated,770,207,206.039167,0.005971127313064928
NASH|BR|GAUSSIAN,left-turn-lane,W_N,10-30-G,NEAR STATIONARY,N,N,Y,deprecated,770,207,207.040167,0.011201545913481104
NASH|BR|GAUSSIAN,left-turn-lane,W_N,10-30-G,NEAR STATIONARY,N,N,Y,deprecated,770,207,208.041167,0.005540914473379677
NASH|BR|GAUSSIAN,left-turn-lane,W_N,10-30-G,NEAR STATIONARY,N,N,Y,deprecated,770,207,209.042167,0.0
NASH|BR|GAUSSIAN,left-turn-lane,W_N,10-30-G,NEAR STATIONARY,N,N,Y,deprecated,770,207,211.044167,0.021925184411407672
NASH|BR|GAUSSIAN,left-turn-lane,W_N,10-30-G,NEAR STATIONARY,N,N,Y,deprecated,770,207,212.045167,0.013179106319041511
NASH|BR|GAUSSIAN,left-turn-lane,W_N,10-30-G,NEAR STATIONARY,N,N,Y,deprecated,770,207,213.046167,0.023977318702097405
NASH|BR|GAUSSIAN,left-turn-lane,W_N,10-30-G,NEAR STATIONARY,N,N,Y,deprecated,770,207,214.047167,0.0
NASH|BR|GAUSSIAN,left-turn-lane,W_N,10-30-G,NEAR STATIONARY,N,N,Y,deprecated,770,207,215.048167,0.027377497895949343
NASH|BR|GAUSSIAN,left-turn-lane,W_N,10-30-G,NEAR STATIONARY,N,N,Y,deprecated,770,207,218.051167,0.005250814977087237
NASH|BR|GAUSSIAN,left-turn-lane,W_N,10-30-G,NEAR STATIONARY,N,N,Y,deprecated,770,207,219.052167,0.0
NASH|BR|GAUSSIAN,left-turn-lane,W_N,10-30-G,NEAR STATIONARY,N,N,Y,deprecated,770,207,220.053167,0.005232929837309164
NASH|BR|GAUSSIAN,left-turn-lane,W_N,10-30-G,NEAR STATIONARY,N,N,Y,deprecated,770,207,221.054167,0.004285667069553911
NASH|BR|GAUSSIAN,left-turn-lane,W_N,10-30-G,NEAR STATIONARY,N,N,Y,deprecated,770,207,222.055167,0.0
NASH|BR|GAUSSIAN,left-turn-lane,W_N,LT 10-G,NEAR STATIONARY,N,N,Y,deprecated,770,207,223.056167,0.003793682804918208
NASH|BR|GAUSSIAN,left-turn-lane,W_N,LT 10-G,NEAR STATIONARY,N,N,Y,deprecated,770,207,224.057167,0.007249221074226098
NASH|BR|GAUSSIAN,left-turn-lane,W_N,LT 10-G,NEAR STATIONARY,Y,N,Y,deprecated,770,207,225.058167,0.006304605700197419
NASH|BR|GAUSSIAN,left-turn-lane,W_N,LT 10-G,NEAR STATIONARY,Y,N,Y,deprecated,770,207,226.059167,0.008186963500860123
NASH|BR|GAUSSIAN,left-turn-lane,W_N,LT 10-G,NEAR STATIONARY,Y,N,Y,deprecated,770,207,227.060167,0.013908765055801187
NASH|BR|GAUSSIAN,left-turn-lane,W_N,LT 10-G,NEAR STATIONARY,Y,N,Y,deprecated,770,207,228.061167,0.00588904076744412
NASH|BR|GAUSSIAN,left-turn-lane,W_N,LT 10-G,NEAR STATIONARY,Y,N,Y,deprecated,770,207,229.062167,0.0002043532530533465
NASH|BR|GAUSSIAN,left-turn-lane,W_N,LT 10-G,NEAR STATIONARY,Y,N,Y,deprecated,770,207,230.063167,0.03003419344225544
NASH|BR|GAUSSIAN,left-turn-lane,W_N,LT 10-G,NEAR STATIONARY,Y,N,Y,deprecated,770,207,232.065167,0.020030783000561603
NASH|BR|GAUSSIAN,left-turn-lane,W_N,GT 30-Y,NEAR STATIONARY,Y,N,Y,deprecated,770,207,233.066167,0.009312043409588355
NASH|BR|GAUSSIAN,left-turn-lane,W_N,GT 30-Y,NEAR STATIONARY,Y,N,Y,deprecated,770,207,234.067167,0.0052589550252951645
NASH|BR|GAUSSIAN,left-turn-lane,W_N,GT 30-Y,NEAR STATIONARY,Y,N,Y,deprecated,770,207,235.068167,0.0
NASH|BR|GAUSSIAN,left-turn-lane,W_N,GT 30-Y,NEAR STATIONARY,Y,N,Y,deprecated,770,207,236.069167,0.010654835005616703
NASH|BR|GAUSSIAN,left-turn-lane,W_N,GT 30-Y,NEAR STATIONARY,Y,N,Y,deprecated,770,207,238.071167,0.016618868866497216
NASH|BR|GAUSSIAN,left-turn-lane,W_N,GT 30-Y,NEAR STATIONARY,Y,N,Y,deprecated,770,207,239.072167,0.00018064109005266893
NASH|BR|GAUSSIAN,left-turn-lane,W_N,10-30-Y,NEAR STATIONARY,Y,N,Y,deprecated,770,207,240.073167,0.0
NASH|BR|GAUSSIAN,left-turn-lane,W_N,10-30-Y,NEAR STATIONARY,Y,N,Y,deprecated,770,207,241.074167,0.0005480283314968082
NASH|BR|GAUSSIAN,left-turn-lane,W_N,10-30-Y,NEAR STATIONARY,Y,N,Y,deprecated,770,207,242.075167,0.0
NASH|BR|GAUSSIAN,left-turn-lane,W_N,10-30-Y,NEAR STATIONARY,Y,N,Y,deprecated,770,207,243.076167,0.24949717361162482
NASH|BR|GAUSSIAN,left-turn-lane,W_N,10-30-Y,SLOW,Y,N,Y,deprecated,770,207,244.077167,0.2509508940890316
NASH|BR|GAUSSIAN,left-turn-lane,W_N,10-30-Y,MEDIUM,Y,N,Y,deprecated,770,207,245.078167,0.25921603557465656
NASH|BR|GAUSSIAN,left-turn-lane,W_N,10-30-Y,MEDIUM,Y,N,Y,deprecated,770,207,246.079167,0.2599684799853098
NASH|BR|GAUSSIAN,left-turn-lane,W_N,10-30-Y,MEDIUM,Y,N,Y,deprecated,770,207,248.081167,5.189215229073341e-06
NASH|BR|GAUSSIAN,right-turn-lane,W_S,10-30-G,MEDIUM,N,Y,N,deprecated,770,214,204.370833,0.036292659263862714
NASH|BR|GAUSSIAN,right-turn-lane,W_S,10-30-G,MEDIUM,N,Y,N,deprecated,770,214,205.371833,0.0
NASH|BR|GAUSSIAN,right-turn-lane,W_S,10-30-G,MEDIUM,N,Y,N,deprecated,770,214,206.372833,0.01944187425987387
NASH|BR|GAUSSIAN,right-turn-lane,W_S,10-30-G,MEDIUM,N,Y,N,deprecated,770,214,207.373833,0.015207321903671578
NASH|BR|GAUSSIAN,right-turn-lane,W_S,10-30-G,MEDIUM,N,Y,N,deprecated,770,214,208.374833,0.0105104125507135
NASH|BR|GAUSSIAN,right-turn-lane,W_S,10-30-G,SLOW,N,Y,N,deprecated,770,214,209.375833,0.00017616958028221497
NASH|BR|GAUSSIAN,right-turn-lane,W_S,10-30-G,SLOW,N,Y,N,deprecated,770,214,210.376833,0.035375921733419746
NASH|BR|GAUSSIAN,prep-right-turn,W_S,10-30-G,SLOW,N,Y,N,deprecated,770,214,211.377833,0.034373078451281125
NASH|BR|GAUSSIAN,prep-right-turn,W_S,10-30-G,SLOW,N,Y,N,deprecated,770,214,212.378833,0.335995979895059
NASH|BR|GAUSSIAN,prep-right-turn,W_S,10-30-G,SLOW,N,Y,N,deprecated,770,214,213.379833,0.0
NASH|BR|GAUSSIAN,prep-right-turn,W_S,10-30-G,MEDIUM,Y,Y,N,deprecated,770,214,214.380833,0.0
NASH|BR|GAUSSIAN,exec-right-turn,W_S,10-30-G,MEDIUM,Y,Y,Y,deprecated,770,214,215.381833,0.02496246234177768
NASH|BR|GAUSSIAN,right-turn-lane,W_S,10-30-G,MEDIUM,N,N,Y,deprecated,770,217,206.372833,0.0
NASH|BR|GAUSSIAN,right-turn-lane,W_S,10-30-G,MEDIUM,N,N,Y,deprecated,770,217,207.373833,0.0
NASH|BR|GAUSSIAN,right-turn-lane,W_S,10-30-G,MEDIUM,N,N,Y,deprecated,770,217,208.374833,0.0
NASH|BR|GAUSSIAN,right-turn-lane,W_S,10-30-G,MEDIUM,N,N,Y,deprecated,770,217,209.375833,0.0
NASH|BR|GAUSSIAN,right-turn-lane,W_S,10-30-G,SLOW,N,N,Y,deprecated,770,217,210.376833,0.0
NASH|BR|GAUSSIAN,right-turn-lane,W_S,10-30-G,SLOW,N,N,Y,deprecated,770,217,211.377833,0.000484892491278921
NASH|BR|GAUSSIAN,right-turn-lane,W_S,10-30-G,SLOW,N,N,Y,deprecated,770,217,212.378833,4.823604077985877e-05
NASH|BR|GAUSSIAN,right-turn-lane,W_S,10-30-G,SLOW,N,N,Y,deprecated,770,217,213.379833,0.2519085386035901
NASH|BR|GAUSSIAN,right-turn-lane,W_S,10-30-G,SLOW,Y,N,Y,deprecated,770,217,214.380833,0.25109977891214597
NASH|BR|GAUSSIAN,right-turn-lane,W_S,10-30-G,SLOW,Y,Y,N,deprecated,770,217,215.381833,0.0238029240473272
NASH|BR|GAUSSIAN,right-turn-lane,W_S,10-30-G,SLOW,Y,Y,N,deprecated,770,217,216.382833,0.015517746003470334
NASH|BR|GAUSSIAN,right-turn-lane,W_S,10-30-G,SLOW,Y,Y,N,deprecated,770,217,217.383833,0.0018901128421354718
NASH|BR|GAUSSIAN,prep-right-turn,W_S,10-30-G,SLOW,Y,Y,N,deprecated,770,217,218.384833,0.0005971226826166909
NASH|BR|GAUSSIAN,prep-left-turn,S_W,LT 10-Y,SLOW,N,Y,N,deprecated,770,230,225.391833,0.07467787280610416
NASH|BR|GAUSSIAN,exec-left-turn,S_W,LT 10-Y,SLOW,N,Y,N,deprecated,770,230,226.392833,0.0
NASH|BR|GAUSSIAN,exec-left-turn,S_W,LT 10-Y,SLOW,N,Y,N,deprecated,770,230,227.393833,0.1325938713448832
NASH|BR|GAUSSIAN,exec-left-turn,S_W,LT 10-Y,MEDIUM,N,Y,N,deprecated,770,230,228.394833,0.19030599530868908
NASH|BR|GAUSSIAN,left-turn-lane,E_S,GT 30-Y,SLOW,Y,N,Y,deprecated,770,242,237.570667,0.013779202447325778
NASH|BR|GAUSSIAN,left-turn-lane,E_S,GT 30-Y,NEAR STATIONARY,Y,N,Y,deprecated,770,242,238.571667,0.0006603341905336846
NASH|BR|GAUSSIAN,left-turn-lane,E_S,10-30-Y,NEAR STATIONARY,Y,N,Y,deprecated,770,242,239.572667,0.0
NASH|BR|GAUSSIAN,left-turn-lane,E_S,10-30-Y,NEAR STATIONARY,Y,N,Y,deprecated,770,242,240.573667,2.279840736718608e-05
NASH|BR|GAUSSIAN,left-turn-lane,E_S,10-30-Y,NEAR STATIONARY,Y,N,Y,deprecated,770,242,241.574667,0.24994364417365045
NASH|BR|GAUSSIAN,left-turn-lane,E_S,10-30-Y,SLOW,Y,N,Y,deprecated,770,242,242.575667,0.2507722863672641
NASH|BR|GAUSSIAN,left-turn-lane,E_S,10-30-Y,MEDIUM,Y,N,Y,deprecated,770,242,243.576667,0.25946924641603375
NASH|BR|GAUSSIAN,left-turn-lane,E_S,10-30-Y,MEDIUM,Y,N,Y,deprecated,770,242,244.577667,0.2600484275986944
NASH|BR|GAUSSIAN,left-turn-lane,E_S,10-30-Y,MEDIUM,Y,N,Y,deprecated,770,242,245.578667,0.2507983440787981
NASH|BR|GAUSSIAN,left-turn-lane,E_S,10-30-Y,MEDIUM,Y,N,Y,deprecated,770,242,246.579667,0.00017800178940996503
NASH|BR|GAUSSIAN,prep-left-turn,E_S,10-30-Y,MEDIUM,Y,N,Y,deprecated,770,242,247.580667,0.0
NASH|BR|GAUSSIAN,prep-left-turn,E_S,10-30-Y,MEDIUM,Y,N,Y,deprecated,770,242,248.581667,0.0
NASH|BR|GAUSSIAN,exec-left-turn,E_S,10-30-Y,MEDIUM,Y,N,Y,deprecated,770,242,249.582667,0.2651193449616943
NASH|BR|GAUSSIAN,exec-left-turn,E_S,10-30-Y,MEDIUM,Y,Y,Y,deprecated,770,242,250.583667,0.013532339179079811
NASH|BR|GAUSSIAN,exec-left-turn,E_S,10-30-Y,MEDIUM,Y,Y,N,deprecated,770,242,251.584667,0.00031380528569857624
NASH|BR|GAUSSIAN,right-turn-lane,S_E,10-30-G,SLOW,Y,Y,N,deprecated,770,243,251.084167,0.019114272868602566
NASH|BR|GAUSSIAN,right-turn-lane,S_E,10-30-G,NEAR STATIONARY,Y,Y,N,deprecated,770,243,252.085167,0.012765680759336928
NASH|BR|GAUSSIAN,right-turn-lane,S_E,10-30-G,NEAR STATIONARY,Y,Y,N,deprecated,770,243,254.087167,0.008322516666046331
NASH|BR|GAUSSIAN,right-turn-lane,S_E,10-30-G,NEAR STATIONARY,Y,Y,N,deprecated,770,243,257.090167,0.004358170308471299
NASH|BR|GAUSSIAN,right-turn-lane,S_E,10-30-G,NEAR STATIONARY,Y,Y,N,deprecated,770,243,258.091167,0.015493978855487311
NASH|BR|GAUSSIAN,right-turn-lane,S_E,10-30-G,NEAR STATIONARY,Y,Y,N,deprecated,770,243,260.093167,0.009212133775689413
NASH|BR|GAUSSIAN,right-turn-lane,S_E,10-30-G,NEAR STATIONARY,Y,Y,N,deprecated,770,243,261.094167,0.0029383580567996503
NASH|BR|GAUSSIAN,right-turn-lane,S_E,10-30-G,NEAR STATIONARY,Y,Y,N,deprecated,770,243,262.095167,0.011132524404190325
NASH|BR|GAUSSIAN,right-turn-lane,S_E,LT 10-G,NEAR STATIONARY,Y,Y,N,deprecated,770,243,267.100167,0.007507649752431567
NASH|BR|GAUSSIAN,right-turn-lane,S_E,LT 10-G,NEAR STATIONARY,Y,Y,N,deprecated,770,243,268.101167,0.002801800585141012
NASH|BR|GAUSSIAN,right-turn-lane,S_E,LT 10-G,NEAR STATIONARY,Y,Y,N,deprecated,770,243,269.102167,0.00800271223010518
NASH|BR|GAUSSIAN,right-turn-lane,S_E,LT 10-G,NEAR STATIONARY,Y,Y,N,deprecated,770,243,270.103167,0.007434327578337063
NASH|BR|GAUSSIAN,right-turn-lane,S_E,LT 10-G,SLOW,Y,Y,N,deprecated,770,243,271.104167,0.0
NASH|BR|GAUSSIAN,prep-right-turn,S_E,LT 10-G,SLOW,Y,Y,N,deprecated,770,243,272.105167,0.0
NASH|BR|GAUSSIAN,prep-right-turn,S_E,LT 10-G,MEDIUM,Y,Y,N,deprecated,770,243,273.106167,0.0
NASH|BR|GAUSSIAN,left-turn-lane,S_W,10-30-R,NEAR STATIONARY,Y,Y,N,deprecated,770,24,10.844167,8.803773811916216e-05
NASH|BR|GAUSSIAN,left-turn-lane,S_W,10-30-R,NEAR STATIONARY,Y,Y,N,deprecated,770,24,11.845167,0.007241561947702424
NASH|BR|GAUSSIAN,left-turn-lane,S_W,10-30-R,NEAR STATIONARY,Y,Y,N,deprecated,770,24,13.847167,0.0
NASH|BR|GAUSSIAN,left-turn-lane,S_W,10-30-R,NEAR STATIONARY,Y,Y,N,deprecated,770,24,14.848167,0.11540297329051463
NASH|BR|GAUSSIAN,left-turn-lane,S_W,10-30-R,SLOW,Y,Y,N,deprecated,770,24,15.849167,0.0
NASH|BR|GAUSSIAN,prep-left-turn,S_W,10-30-R,SLOW,Y,Y,N,deprecated,770,24,18.852167,0.07249301585515044
NASH|BR|GAUSSIAN,prep-left-turn,S_W,10-30-R,SLOW,Y,Y,N,deprecated,770,24,19.853167,0.0705404744209791
NASH|BR|GAUSSIAN,left-turn-lane,S_W,GT 30-R,SLOW,Y,Y,N,deprecated,770,24,2.836167,0.0014793467098128676
NASH|BR|GAUSSIAN,prep-left-turn,S_W,10-30-R,SLOW,Y,Y,N,deprecated,770,24,20.854167,0.0
NASH|BR|GAUSSIAN,prep-left-turn,S_W,10-30-R,SLOW,Y,Y,N,deprecated,770,24,21.855167,0.07689025673364513
NASH|BR|GAUSSIAN,prep-left-turn,S_W,10-30-R,NEAR STATIONARY,Y,Y,N,deprecated,770,24,22.856167,0.07460201546645062
NASH|BR|GAUSSIAN,prep-left-turn,S_W,LT 10-R,NEAR STATIONARY,Y,Y,N,deprecated,770,24,23.857167,0.07734611312137529
NASH|BR|GAUSSIAN,prep-left-turn,S_W,LT 10-R,NEAR STATIONARY,Y,Y,N,deprecated,770,24,24.858167,0.07675169626913281
NASH|BR|GAUSSIAN,prep-left-turn,S_W,LT 10-R,NEAR STATIONARY,Y,Y,N,deprecated,770,24,26.860167,0.07694265194691519
NASH|BR|GAUSSIAN,prep-left-turn,S_W,LT 10-R,NEAR STATIONARY,N,Y,N,deprecated,770,24,28.862167,0.22727375708406117
NASH|BR|GAUSSIAN,exec-left-turn,S_W,LT 10-R,SLOW,N,Y,N,deprecated,770,24,29.863167,0.44667455847728166
NASH|BR|GAUSSIAN,left-turn-lane,S_W,10-30-R,SLOW,Y,Y,N,deprecated,770,24,3.837167,0.0
NASH|BR|GAUSSIAN,exec-left-turn,S_W,LT 10-R,MEDIUM,N,Y,N,deprecated,770,24,30.864167,0.0018136008046216734
NASH|BR|GAUSSIAN,left-turn-lane,S_W,10-30-R,SLOW,Y,Y,N,deprecated,770,24,4.838167,0.0
NASH|BR|GAUSSIAN,left-turn-lane,S_W,10-30-R,SLOW,Y,Y,N,deprecated,770,24,5.839167,0.010874351736185117
NASH|BR|GAUSSIAN,left-turn-lane,S_W,10-30-R,SLOW,Y,Y,N,deprecated,770,24,6.840167,0.0
NASH|BR|GAUSSIAN,left-turn-lane,S_W,10-30-R,SLOW,Y,Y,N,deprecated,770,24,7.841167,0.0
NASH|BR|GAUSSIAN,left-turn-lane,S_W,10-30-R,NEAR STATIONARY,N,Y,N,deprecated,770,24,8.842167,0.024847595655732135
NASH|BR|GAUSSIAN,left-turn-lane,S_W,10-30-R,NEAR STATIONARY,N,Y,N,deprecated,770,24,9.843167,0.0
NASH|BR|GAUSSIAN,right-turn-lane,S_E,10-30-G,SLOW,Y,N,Y,deprecated,770,252,258.591667,0.0007500083693982029
NASH|BR|GAUSSIAN,right-turn-lane,S_E,10-30-G,SLOW,Y,N,Y,deprecated,770,252,259.592667,0.0
NASH|BR|GAUSSIAN,right-turn-lane,S_E,10-30-G,NEAR STATIONARY,Y,N,Y,deprecated,770,252,260.593667,0.0001675178599589433
NASH|BR|GAUSSIAN,right-turn-lane,S_E,10-30-G,NEAR STATIONARY,Y,N,Y,deprecated,770,252,261.594667,0.00021769351060707542
NASH|BR|GAUSSIAN,right-turn-lane,S_E,10-30-G,NEAR STATIONARY,Y,N,Y,deprecated,770,252,262.595667,0.0
NASH|BR|GAUSSIAN,right-turn-lane,S_E,LT 10-G,NEAR STATIONARY,Y,N,Y,deprecated,770,252,263.596667,0.0
NASH|BR|GAUSSIAN,right-turn-lane,S_E,LT 10-G,NEAR STATIONARY,Y,N,Y,deprecated,770,252,264.597667,0.00012682434465438597
NASH|BR|GAUSSIAN,right-turn-lane,S_E,LT 10-G,NEAR STATIONARY,Y,N,Y,deprecated,770,252,265.598667,8.41879999464723e-05
NASH|BR|GAUSSIAN,right-turn-lane,S_E,LT 10-G,NEAR STATIONARY,Y,N,Y,deprecated,770,252,266.599667,0.00014536463352610163
NASH|BR|GAUSSIAN,right-turn-lane,S_E,LT 10-G,NEAR STATIONARY,Y,N,Y,deprecated,770,252,267.600667,0.0
NASH|BR|GAUSSIAN,right-turn-lane,S_E,LT 10-G,NEAR STATIONARY,Y,N,Y,deprecated,770,252,268.601667,0.00012179288940006305
NASH|BR|GAUSSIAN,right-turn-lane,S_E,LT 10-G,NEAR STATIONARY,Y,N,Y,deprecated,770,252,269.602667,0.0
NASH|BR|GAUSSIAN,right-turn-lane,S_E,LT 10-G,NEAR STATIONARY,Y,N,Y,deprecated,770,252,270.603667,0.2560440370380517
NASH|BR|GAUSSIAN,right-turn-lane,S_E,LT 10-G,SLOW,Y,N,Y,deprecated,770,252,271.604667,0.25115359166146234
NASH|BR|GAUSSIAN,right-turn-lane,S_E,LT 10-G,SLOW,Y,N,Y,deprecated,770,252,272.605667,0.2481844448820868
NASH|BR|GAUSSIAN,right-turn-lane,S_E,,SLOW,Y,N,Y,deprecated,770,252,273.606667,0.00017151400837300823
NASH|BR|GAUSSIAN,right-turn-lane,S_E,,SLOW,Y,Y,N,deprecated,770,252,274.607667,0.0
NASH|BR|GAUSSIAN,prep-right-turn,S_E,,SLOW,N,Y,N,deprecated,770,252,276.609667,0.0
NASH|BR|GAUSSIAN,prep-right-turn,S_E,,MEDIUM,N,Y,N,deprecated,770,252,277.610667,0.007699517710752057
NASH|BR|GAUSSIAN,exec-right-turn,S_E,,MEDIUM,N,Y,N,deprecated,770,252,279.612667,0.0
NASH|BR|GAUSSIAN,right-turn-lane,S_E,,SLOW,Y,N,Y,deprecated,770,268,274.274,0.2564869082137471
NASH|BR|GAUSSIAN,right-turn-lane,S_E,,SLOW,Y,N,Y,deprecated,770,268,275.275,0.2570183080792562
NASH|BR|GAUSSIAN,right-turn-lane,S_E,,SLOW,Y,N,Y,deprecated,770,268,276.276,8.505761679655777e-06
NASH|BR|GAUSSIAN,right-turn-lane,S_E,,SLOW,N,N,Y,deprecated,770,268,277.277,0.0001377866153704499
NASH|BR|GAUSSIAN,right-turn-lane,S_E,,SLOW,N,N,Y,deprecated,770,268,278.278,0.2581202106969245
NASH|BR|GAUSSIAN,right-turn-lane,S_E,,SLOW,N,Y,N,deprecated,770,268,279.279,0.13399715957409408
NASH|BR|GAUSSIAN,prep-right-turn,S_E,,MEDIUM,N,N,Y,deprecated,770,268,280.28,0.254321003415635
NASH|BR|GAUSSIAN,prep-right-turn,S_E,,MEDIUM,N,Y,N,deprecated,770,268,281.281,0.23975367248358448
NASH|BR|GAUSSIAN,exec-right-turn,S_E,,MEDIUM,N,Y,Y,deprecated,770,268,282.282,0.035760184057690214
NASH|BR|GAUSSIAN,exec-right-turn,S_E,,MEDIUM,N,N,Y,deprecated,770,268,283.283,0.014514650905988469
NASH|BR|GAUSSIAN,right-turn-lane,S_E,,SLOW,N,N,Y,deprecated,770,275,279.7795,0.2465518760175447
NASH|BR|GAUSSIAN,right-turn-lane,S_E,,SLOW,N,N,Y,deprecated,770,275,280.7805,0.24811434345429473
NASH|BR|GAUSSIAN,right-turn-lane,S_E,,MEDIUM,N,Y,N,deprecated,770,275,281.7815,0.005553351474540058
NASH|BR|GAUSSIAN,right-turn-lane,S_E,,MEDIUM,N,Y,N,deprecated,770,275,282.7825,0.002575880935456243
NASH|BR|GAUSSIAN,prep-right-turn,S_E,,SLOW,N,Y,N,deprecated,770,275,283.7835,0.001381992792523823
NASH|BR|GAUSSIAN,exec-right-turn,S_E,,MEDIUM,N,Y,N,deprecated,770,275,287.7875,0.0
NASH|BR|GAUSSIAN,prep-left-turn,N_E,10-30-R,SLOW,N,N,Y,deprecated,770,30,10.677333,0.0
NASH|BR|GAUSSIAN,prep-left-turn,N_E,10-30-R,SLOW,N,N,Y,deprecated,770,30,11.678333,0.0001103685129065779
NASH|BR|GAUSSIAN,prep-left-turn,N_E,10-30-R,SLOW,N,N,Y,deprecated,770,30,12.679333,4.019621431838871e-05
NASH|BR|GAUSSIAN,prep-left-turn,N_E,10-30-R,SLOW,N,N,Y,deprecated,770,30,13.680333,0.0
NASH|BR|GAUSSIAN,prep-left-turn,N_E,10-30-R,SLOW,N,N,Y,deprecated,770,30,14.681333,0.2503517083685537
NASH|BR|GAUSSIAN,exec-left-turn,N_E,10-30-R,SLOW,N,N,Y,deprecated,770,30,15.682333,0.0
NASH|BR|GAUSSIAN,exec-left-turn,N_E,10-30-R,SLOW,N,N,Y,deprecated,770,30,16.683333,8.959970461863698e-05
NASH|BR|GAUSSIAN,exec-left-turn,N_E,10-30-R,SLOW,N,N,Y,deprecated,770,30,17.684333,0.04981561297952686
NASH|BR|GAUSSIAN,left-turn-lane,N_E,10-30-R,NEAR STATIONARY,N,N,Y,deprecated,770,30,6.673333,0.25038520013476295
NASH|BR|GAUSSIAN,left-turn-lane,N_E,10-30-R,SLOW,N,N,Y,deprecated,770,41,12.178833,0.2500354839283273
NASH|BR|GAUSSIAN,left-turn-lane,N_E,10-30-R,SLOW,N,N,Y,deprecated,770,41,14.180833,0.0
NASH|BR|GAUSSIAN,left-turn-lane,N_E,10-30-R,NEAR STATIONARY,N,N,Y,deprecated,770,41,15.181833,0.00015170490310889573
NASH|BR|GAUSSIAN,prep-left-turn,N_E,10-30-R,MEDIUM,N,N,Y,deprecated,770,41,20.186833,0.0001213127075947451
NASH|BR|GAUSSIAN,prep-left-turn,N_E,10-30-R,SLOW,N,N,Y,deprecated,770,41,21.187833,0.0
NASH|BR|GAUSSIAN,prep-left-turn,N_E,10-30-R,NEAR STATIONARY,N,N,Y,deprecated,770,41,22.188833,0.0002920385407366721
NASH|BR|GAUSSIAN,prep-left-turn,N_E,LT 10-R,NEAR STATIONARY,N,N,Y,deprecated,770,41,23.189833,0.00024259290560602054
NASH|BR|GAUSSIAN,prep-left-turn,N_E,LT 10-R,NEAR STATIONARY,N,N,Y,deprecated,770,41,24.190833,0.00020400077254900673
NASH|BR|GAUSSIAN,prep-left-turn,N_E,LT 10-R,NEAR STATIONARY,N,N,Y,deprecated,770,41,25.191833,0.0001005792373253156
NASH|BR|GAUSSIAN,prep-left-turn,N_E,LT 10-R,NEAR STATIONARY,N,N,Y,deprecated,770,41,26.192833,0.00011071103168591723
NASH|BR|GAUSSIAN,prep-left-turn,N_E,LT 10-R,NEAR STATIONARY,N,N,Y,deprecated,770,41,27.193833,8.278531770189446e-05
NASH|BR|GAUSSIAN,prep-left-turn,N_E,LT 10-R,NEAR STATIONARY,N,N,Y,deprecated,770,41,28.194833,0.00023998802047575651
NASH|BR|GAUSSIAN,prep-left-turn,N_E,LT 10-R,NEAR STATIONARY,N,N,Y,deprecated,770,41,29.195833,0.0003729167422191759
NASH|BR|GAUSSIAN,prep-left-turn,N_E,LT 10-R,NEAR STATIONARY,N,N,Y,deprecated,770,41,30.196833,0.00011806273585079907
NASH|BR|GAUSSIAN,prep-left-turn,N_E,LT 10-R,NEAR STATIONARY,N,N,Y,deprecated,770,41,31.197833,0.00028745729607415615
NASH|BR|GAUSSIAN,prep-left-turn,N_E,LT 10-R,NEAR STATIONARY,N,N,Y,deprecated,770,41,32.198833,0.00036132471897099006
NASH|BR|GAUSSIAN,prep-left-turn,N_E,LT 10-R,NEAR STATIONARY,N,N,Y,deprecated,770,41,33.199833,0.0002653748728133065
NASH|BR|GAUSSIAN,prep-left-turn,N_E,LT 10-R,NEAR STATIONARY,N,N,Y,deprecated,770,41,34.200833,0.0003283796476910572
NASH|BR|GAUSSIAN,prep-left-turn,N_E,LT 10-R,NEAR STATIONARY,N,N,Y,deprecated,770,41,35.201833,0.06766753956575622
NASH|BR|GAUSSIAN,prep-left-turn,N_E,LT 10-R,NEAR STATIONARY,N,N,Y,deprecated,770,41,36.202833,0.004670513162911005
NASH|BR|GAUSSIAN,prep-left-turn,N_E,LT 10-R,NEAR STATIONARY,N,N,Y,deprecated,770,41,37.203833,0.0
NASH|BR|GAUSSIAN,prep-left-turn,N_E,LT 10-R,NEAR STATIONARY,N,N,Y,deprecated,770,41,38.204833,0.005018767676821523
NASH|BR|GAUSSIAN,prep-left-turn,N_E,LT 10-R,NEAR STATIONARY,N,N,Y,deprecated,770,41,39.205833,0.0
NASH|BR|GAUSSIAN,left-turn-lane,W_N,10-30-G,MEDIUM,N,N,Y,deprecated,770,44,13.179833,0.0
NASH|BR|GAUSSIAN,left-turn-lane,W_N,10-30-G,MEDIUM,N,N,Y,deprecated,770,44,14.180833,0.0
NASH|BR|GAUSSIAN,left-turn-lane,W_N,10-30-G,MEDIUM,N,N,Y,deprecated,770,44,15.181833,0.003124105925288445
NASH|BR|GAUSSIAN,left-turn-lane,W_N,10-30-G,SLOW,N,N,Y,deprecated,770,44,17.183833,0.0008010365556321286
NASH|BR|GAUSSIAN,left-turn-lane,W_N,10-30-G,NEAR STATIONARY,N,N,Y,deprecated,770,44,20.186833,0.002793709900343888
NASH|BR|GAUSSIAN,left-turn-lane,W_N,10-30-G,NEAR STATIONARY,N,N,Y,deprecated,770,44,21.187833,0.001341834606969905
NASH|BR|GAUSSIAN,left-turn-lane,W_N,10-30-G,NEAR STATIONARY,N,N,Y,deprecated,770,44,22.188833,0.0
NASH|BR|GAUSSIAN,left-turn-lane,W_N,LT 10-G,NEAR STATIONARY,N,N,Y,deprecated,770,44,24.190833,0.0
NASH|BR|GAUSSIAN,left-turn-lane,W_N,LT 10-G,NEAR STATIONARY,N,N,Y,deprecated,770,44,25.191833,0.0006049051669454464
NASH|BR|GAUSSIAN,left-turn-lane,W_N,LT 10-G,NEAR STATIONARY,N,N,Y,deprecated,770,44,26.192833,0.0020776502989634515
NASH|BR|GAUSSIAN,left-turn-lane,W_N,LT 10-G,NEAR STATIONARY,N,N,Y,deprecated,770,44,27.193833,0.002368666011370424
NASH|BR|GAUSSIAN,left-turn-lane,W_N,LT 10-G,NEAR STATIONARY,N,N,Y,deprecated,770,44,28.194833,0.0005038213756427545
NASH|BR|GAUSSIAN,left-turn-lane,W_N,LT 10-G,NEAR STATIONARY,N,N,Y,deprecated,770,44,30.196833,0.0025261173307886686
NASH|BR|GAUSSIAN,left-turn-lane,W_N,LT 10-G,NEAR STATIONARY,N,N,Y,deprecated,770,44,31.197833,0.0010464701129799803
NASH|BR|GAUSSIAN,left-turn-lane,W_N,LT 10-G,NEAR STATIONARY,N,N,Y,deprecated,770,44,32.198833,0.0023424106054145133
NASH|BR|GAUSSIAN,left-turn-lane,W_N,LT 10-G,NEAR STATIONARY,N,N,Y,deprecated,770,44,33.199833,0.0013732929722556353
NASH|BR|GAUSSIAN,left-turn-lane,W_N,LT 10-G,NEAR STATIONARY,N,N,Y,deprecated,770,44,34.200833,0.0
NASH|BR|GAUSSIAN,left-turn-lane,W_N,LT 10-G,NEAR STATIONARY,N,N,Y,deprecated,770,44,35.201833,9.171827777798569e-05
NASH|BR|GAUSSIAN,left-turn-lane,W_N,LT 10-G,NEAR STATIONARY,N,N,Y,deprecated,770,44,36.202833,0.0
NASH|BR|GAUSSIAN,left-turn-lane,W_N,LT 10-G,NEAR STATIONARY,N,N,Y,deprecated,770,44,38.204833,0.001430259626197361
NASH|BR|GAUSSIAN,left-turn-lane,W_N,GT 30-R,NEAR STATIONARY,N,N,Y,deprecated,770,44,41.207833,0.2500243708267508
NASH|BR|GAUSSIAN,left-turn-lane,W_N,GT 30-R,SLOW,N,N,Y,deprecated,770,44,42.208833,0.25665940708078716
NASH|BR|GAUSSIAN,left-turn-lane,W_N,10-30-R,MEDIUM,N,N,Y,deprecated,770,44,43.209833,0.25989885472937224
NASH|BR|GAUSSIAN,prep-left-turn,W_N,10-30-R,MEDIUM,N,N,Y,deprecated,770,44,45.211833,0.2604295709368152
NASH|BR|GAUSSIAN,exec-left-turn,W_N,10-30-R,MEDIUM,N,N,Y,deprecated,770,44,46.212833,0.2614343566616685
NASH|BR|GAUSSIAN,exec-left-turn,W_N,10-30-R,MEDIUM,N,N,Y,deprecated,770,44,47.213833,0.0011643180401149644
NASH|BR|GAUSSIAN,left-turn-lane,W_N,10-30-G,MEDIUM,N,N,Y,deprecated,770,46,15.348667,0.0004910619790625681
NASH|BR|GAUSSIAN,left-turn-lane,W_N,10-30-G,MEDIUM,N,N,Y,deprecated,770,46,16.349667,0.003960839951890005
NASH|BR|GAUSSIAN,left-turn-lane,W_N,10-30-G,MEDIUM,N,N,Y,deprecated,770,46,17.350667,0.0001211333745260168
NASH|BR|GAUSSIAN,left-turn-lane,W_N,10-30-G,MEDIUM,N,N,Y,deprecated,770,46,18.351667,0.003163063976531877
NASH|BR|GAUSSIAN,left-turn-lane,W_N,10-30-G,NEAR STATIONARY,N,N,Y,deprecated,770,46,20.353667,0.0
NASH|BR|GAUSSIAN,left-turn-lane,W_N,LT 10-G,NEAR STATIONARY,N,N,Y,deprecated,770,46,23.356667,0.006041472853459906
NASH|BR|GAUSSIAN,left-turn-lane,W_N,LT 10-G,NEAR STATIONARY,N,N,Y,deprecated,770,46,24.357667,0.006954314368778913
NASH|BR|GAUSSIAN,left-turn-lane,W_N,LT 10-G,NEAR STATIONARY,N,N,Y,deprecated,770,46,26.359667,0.009099762725048643
NASH|BR|GAUSSIAN,left-turn-lane,W_N,LT 10-G,NEAR STATIONARY,N,N,Y,deprecated,770,46,27.360667,0.0
NASH|BR|GAUSSIAN,left-turn-lane,W_N,LT 10-G,NEAR STATIONARY,N,N,Y,deprecated,770,46,28.361667,0.0
NASH|BR|GAUSSIAN,left-turn-lane,W_N,LT 10-G,NEAR STATIONARY,N,N,Y,deprecated,770,46,29.362667,0.005965511149974567
NASH|BR|GAUSSIAN,left-turn-lane,W_N,LT 10-G,NEAR STATIONARY,N,N,Y,deprecated,770,46,30.363667,0.004363484491837211
NASH|BR|GAUSSIAN,left-turn-lane,W_N,LT 10-G,NEAR STATIONARY,N,N,Y,deprecated,770,46,32.365667,0.00705112108451833
NASH|BR|GAUSSIAN,left-turn-lane,W_N,LT 10-G,NEAR STATIONARY,N,N,Y,deprecated,770,46,33.366667,0.012084789397882156
NASH|BR|GAUSSIAN,left-turn-lane,W_N,LT 10-G,NEAR STATIONARY,N,N,Y,deprecated,770,46,34.367667,0.0024553562399147744
NASH|BR|GAUSSIAN,left-turn-lane,W_N,LT 10-G,NEAR STATIONARY,N,N,Y,deprecated,770,46,35.368667,0.005444294897072988
NASH|BR|GAUSSIAN,left-turn-lane,W_N,LT 10-G,NEAR STATIONARY,N,N,Y,deprecated,770,46,36.369667,0.0013918731517280625
NASH|BR|GAUSSIAN,left-turn-lane,W_N,LT 10-G,NEAR STATIONARY,N,N,Y,deprecated,770,46,37.370667,0.0023016201234403733
NASH|BR|GAUSSIAN,left-turn-lane,W_N,LT 10-G,NEAR STATIONARY,N,N,Y,deprecated,770,46,38.371667,0.0062659673003920835
NASH|BR|GAUSSIAN,left-turn-lane,W_N,LT 10-G,NEAR STATIONARY,N,N,Y,deprecated,770,46,39.372667,0.0
NASH|BR|GAUSSIAN,left-turn-lane,W_N,LT 10-G,NEAR STATIONARY,N,N,Y,deprecated,770,46,40.373667,0.008849059810315252
NASH|BR|GAUSSIAN,left-turn-lane,W_N,GT 30-R,NEAR STATIONARY,N,N,Y,deprecated,770,46,41.374667,0.24992347127380043
NASH|BR|GAUSSIAN,left-turn-lane,W_N,GT 30-R,SLOW,N,N,Y,deprecated,770,46,42.375667,0.25440263036591537
NASH|BR|GAUSSIAN,left-turn-lane,W_N,10-30-R,MEDIUM,N,N,Y,deprecated,770,46,43.376667,0.25944285961642644
NASH|BR|GAUSSIAN,left-turn-lane,W_N,10-30-R,MEDIUM,N,N,Y,deprecated,770,46,44.377667,0.26015958569443753
NASH|BR|GAUSSIAN,prep-left-turn,W_N,10-30-R,MEDIUM,N,N,Y,deprecated,770,46,47.380667,1.8333046677865283e-05
NASH|BR|GAUSSIAN,exec-left-turn,W_N,10-30-R,MEDIUM,N,N,Y,deprecated,770,46,48.381667,0.0
NASH|BR|GAUSSIAN,exec-left-turn,W_N,10-30-R,MEDIUM,N,N,Y,deprecated,770,46,49.382667,0.26245616040530595
NASH|BR|GAUSSIAN,left-turn-lane,E_S,10-30-R,SLOW,N,Y,N,deprecated,770,48,51.885167,0.00031585231903086264
NASH|BR|GAUSSIAN,left-turn-lane,E_S,10-30-R,SLOW,N,Y,N,deprecated,770,48,52.886167,0.029560716677243137
NASH|BR|GAUSSIAN,prep-left-turn,E_S,10-30-R,SLOW,N,Y,N,deprecated,770,48,54.888167,0.0419167415656414
NASH|BR|GAUSSIAN,prep-left-turn,E_S,10-30-R,SLOW,N,Y,N,deprecated,770,48,55.889167,0.0
NASH|BR|GAUSSIAN,prep-left-turn,E_S,10-30-R,SLOW,N,Y,N,deprecated,770,48,57.891167,0.030877360875714466
NASH|BR|GAUSSIAN,prep-left-turn,E_S,10-30-R,SLOW,N,Y,N,deprecated,770,48,58.892167,0.030530587393984843
NASH|BR|GAUSSIAN,prep-left-turn,E_S,10-30-R,SLOW,N,Y,N,deprecated,770,48,59.893167,0.01547263286751055
NASH|BR|GAUSSIAN,prep-left-turn,E_S,10-30-R,SLOW,N,Y,N,deprecated,770,48,60.894167,0.0
NASH|BR|GAUSSIAN,prep-left-turn,E_S,10-30-R,SLOW,N,Y,N,deprecated,770,48,62.896167,0.025274261046478008
NASH|BR|GAUSSIAN,exec-left-turn,E_S,LT 10-R,NEAR STATIONARY,N,Y,N,deprecated,770,48,64.898167,0.005959753592996275
NASH|BR|GAUSSIAN,exec-left-turn,E_S,LT 10-R,NEAR STATIONARY,N,Y,N,deprecated,770,48,65.899167,0.000630124215587391
NASH|BR|GAUSSIAN,exec-left-turn,E_S,LT 10-R,NEAR STATIONARY,N,Y,N,deprecated,770,48,66.900167,0.012063308682444207
NASH|BR|GAUSSIAN,exec-left-turn,E_S,LT 10-R,SLOW,N,Y,N,deprecated,770,48,67.901167,0.08602179278126332
NASH|BR|GAUSSIAN,exec-left-turn,E_S,LT 10-R,SLOW,N,Y,N,deprecated,770,48,68.902167,0.0
NASH|BR|GAUSSIAN,exec-left-turn,E_S,LT 10-R,MEDIUM,N,Y,N,deprecated,770,48,69.903167,0.09584990124651682
NASH|BR|GAUSSIAN,exec-left-turn,E_S,LT 10-R,MEDIUM,N,Y,N,deprecated,770,48,70.904167,0.0
NASH|BR|GAUSSIAN,exec-left-turn,E_S,LT 10-R,MEDIUM,N,Y,N,deprecated,770,48,72.906167,0.004806743402825608
NASH|BR|GAUSSIAN,exec-left-turn,N_E,10-30-R,SLOW,N,N,Y,deprecated,770,5,10.01,0.0002640864207952287
NASH|BR|GAUSSIAN,exec-left-turn,N_E,10-30-R,SLOW,N,N,Y,deprecated,770,5,11.011,0.0
NASH|BR|GAUSSIAN,exec-left-turn,N_E,10-30-R,SLOW,N,N,Y,deprecated,770,5,12.012,0.0008049080434594513
NASH|BR|GAUSSIAN,prep-left-turn,N_E,10-30-R,MEDIUM,N,N,Y,deprecated,770,5,5.005,0.0
NASH|BR|GAUSSIAN,prep-left-turn,N_E,10-30-R,SLOW,N,N,Y,deprecated,770,5,6.006,0.00022953511944279192
NASH|BR|GAUSSIAN,prep-left-turn,N_E,10-30-R,SLOW,N,N,Y,deprecated,770,5,7.007,0.25032537848745384
NASH|BR|GAUSSIAN,prep-left-turn,N_E,10-30-R,MEDIUM,N,N,Y,deprecated,770,5,8.008,9.38588610654989e-05
NASH|BR|GAUSSIAN,exec-left-turn,N_E,10-30-R,SLOW,N,N,Y,deprecated,770,5,9.009,0.0
NASH|BR|GAUSSIAN,left-turn-lane,W_N,10-30-R,MEDIUM,N,Y,N,deprecated,770,69,51.384667,0.0
NASH|BR|GAUSSIAN,left-turn-lane,W_N,10-30-R,MEDIUM,N,Y,N,deprecated,770,69,53.386667,0.03316884704409895
NASH|BR|GAUSSIAN,left-turn-lane,W_N,10-30-R,MEDIUM,N,Y,N,deprecated,770,69,54.387667,0.03119964842693157
NASH|BR|GAUSSIAN,left-turn-lane,W_N,10-30-R,MEDIUM,N,Y,N,deprecated,770,69,55.388667,0.03409251772294375
NASH|BR|GAUSSIAN,left-turn-lane,W_N,10-30-R,SLOW,N,Y,N,deprecated,770,69,57.390667,0.04235783437378171
NASH|BR|GAUSSIAN,prep-left-turn,W_N,10-30-R,SLOW,N,Y,N,deprecated,770,69,58.391667,0.03071680549925826
NASH|BR|GAUSSIAN,prep-left-turn,W_N,10-30-R,NEAR STATIONARY,N,Y,N,deprecated,770,69,59.392667,0.031942094934672816
NASH|BR|GAUSSIAN,prep-left-turn,W_N,10-30-R,NEAR STATIONARY,N,Y,N,deprecated,770,69,60.393667,0.032773395827319085
NASH|BR|GAUSSIAN,prep-left-turn,W_N,LT 10-R,NEAR STATIONARY,N,Y,N,deprecated,770,69,63.396667,0.03259796012258476
NASH|BR|GAUSSIAN,prep-left-turn,W_N,LT 10-R,NEAR STATIONARY,N,Y,N,deprecated,770,69,64.397667,0.03305361339289381
NASH|BR|GAUSSIAN,prep-left-turn,W_N,LT 10-R,NEAR STATIONARY,N,Y,N,deprecated,770,69,66.399667,0.03759826743656525
NASH|BR|GAUSSIAN,prep-left-turn,W_N,LT 10-R,NEAR STATIONARY,N,Y,N,deprecated,770,69,67.400667,0.03454015188577919
NASH|BR|GAUSSIAN,prep-left-turn,W_N,LT 10-R,NEAR STATIONARY,N,Y,N,deprecated,770,69,68.401667,0.03219889098451878
NASH|BR|GAUSSIAN,prep-left-turn,W_N,LT 10-R,NEAR STATIONARY,N,Y,N,deprecated,770,69,69.402667,0.03327582402816287
NASH|BR|GAUSSIAN,prep-left-turn,W_N,LT 10-R,NEAR STATIONARY,N,Y,N,deprecated,770,69,71.404667,0.03248311992363173
NASH|BR|GAUSSIAN,prep-left-turn,W_N,LT 10-R,NEAR STATIONARY,N,Y,N,deprecated,770,69,72.405667,0.03235957384463428
NASH|BR|GAUSSIAN,prep-left-turn,W_N,LT 10-R,NEAR STATIONARY,N,Y,N,deprecated,770,69,73.406667,0.031937909885224935
NASH|BR|GAUSSIAN,prep-left-turn,W_N,LT 10-R,NEAR STATIONARY,N,Y,N,deprecated,770,69,74.407667,0.032828789763160615
NASH|BR|GAUSSIAN,prep-left-turn,W_N,LT 10-R,NEAR STATIONARY,N,Y,N,deprecated,770,69,75.408667,0.05424567372624156
NASH|BR|GAUSSIAN,prep-left-turn,W_N,LT 10-R,SLOW,N,Y,N,deprecated,770,69,77.410667,0.030741027458601522
NASH|BR|GAUSSIAN,prep-left-turn,W_N,GT 30-R,SLOW,N,Y,N,deprecated,770,69,78.411667,0.0020171075915722536
NASH|BR|GAUSSIAN,prep-left-turn,W_N,GT 30-R,SLOW,N,Y,N,deprecated,770,69,79.412667,0.43403631108254487
NASH|BR|GAUSSIAN,exec-left-turn,W_N,GT 30-R,MEDIUM,N,Y,N,deprecated,770,69,81.414667,0.0
NASH|BR|GAUSSIAN,right-turn-lane,W_S,10-30-Y,MEDIUM,N,Y,N,deprecated,770,78,59.225833,0.2616214793948841
NASH|BR|GAUSSIAN,right-turn-lane,W_S,10-30-Y,MEDIUM,N,Y,N,deprecated,770,78,60.226833,0.0018418676844926818
NASH|BR|GAUSSIAN,right-turn-lane,W_S,10-30-Y,MEDIUM,N,Y,N,deprecated,770,78,61.227833,0.00035146950412989764
NASH|BR|GAUSSIAN,right-turn-lane,W_S,10-30-Y,MEDIUM,N,Y,N,deprecated,770,78,62.228833,0.0
NASH|BR|GAUSSIAN,right-turn-lane,W_S,LT 10-Y,MEDIUM,N,Y,N,deprecated,770,78,63.229833,0.21873107226066102
NASH|BR|GAUSSIAN,exec-right-turn,W_S,LT 10-Y,MEDIUM,N,Y,N,deprecated,770,78,64.230833,0.0015279960283239857
NASH|BR|GAUSSIAN,left-turn-lane,W_N,10-30-R,MEDIUM,N,Y,Y,deprecated,770,80,60.894167,0.0009276987891561062
NASH|BR|GAUSSIAN,left-turn-lane,W_N,10-30-R,MEDIUM,N,Y,Y,deprecated,770,80,61.895167,0.016661451129193816
NASH|BR|GAUSSIAN,left-turn-lane,W_N,10-30-R,MEDIUM,N,Y,Y,deprecated,770,80,62.896167,0.010259734019043898
NASH|BR|GAUSSIAN,left-turn-lane,W_N,LT 10-R,MEDIUM,N,Y,Y,deprecated,770,80,63.897167,0.007704738743359751
NASH|BR|GAUSSIAN,left-turn-lane,W_N,LT 10-R,MEDIUM,N,Y,Y,deprecated,770,80,64.898167,0.006870402936407172
NASH|BR|GAUSSIAN,left-turn-lane,W_N,LT 10-R,SLOW,N,Y,Y,deprecated,770,80,65.899167,0.0
NASH|BR|GAUSSIAN,left-turn-lane,W_N,LT 10-R,NEAR STATIONARY,N,Y,Y,deprecated,770,80,66.900167,0.0
NASH|BR|GAUSSIAN,left-turn-lane,W_N,LT 10-R,NEAR STATIONARY,N,Y,Y,deprecated,770,80,67.901167,0.0004231178730442764
NASH|BR|GAUSSIAN,left-turn-lane,W_N,LT 10-R,NEAR STATIONARY,N,Y,Y,deprecated,770,80,68.902167,0.0
NASH|BR|GAUSSIAN,left-turn-lane,W_N,LT 10-R,NEAR STATIONARY,N,Y,Y,deprecated,770,80,69.903167,0.0
NASH|BR|GAUSSIAN,left-turn-lane,W_N,LT 10-R,NEAR STATIONARY,N,Y,Y,deprecated,770,80,71.905167,2.3525073365116e-05
NASH|BR|GAUSSIAN,left-turn-lane,W_N,LT 10-R,NEAR STATIONARY,N,Y,Y,deprecated,770,80,72.906167,0.00045432736660422357
NASH|BR|GAUSSIAN,left-turn-lane,W_N,LT 10-R,NEAR STATIONARY,N,Y,Y,deprecated,770,80,73.907167,0.0002722473723448804
NASH|BR|GAUSSIAN,left-turn-lane,W_N,LT 10-R,NEAR STATIONARY,N,Y,Y,deprecated,770,80,74.908167,0.0
NASH|BR|GAUSSIAN,left-turn-lane,W_N,LT 10-R,NEAR STATIONARY,N,Y,Y,deprecated,770,80,75.909167,0.007596507924865437
NASH|BR|GAUSSIAN,left-turn-lane,W_N,LT 10-R,SLOW,N,Y,Y,deprecated,770,80,76.910167,0.25141249724316683
NASH|BR|GAUSSIAN,left-turn-lane,W_N,GT 30-R,SLOW,N,Y,Y,deprecated,770,80,78.912167,4.682834767066879e-06
NASH|BR|GAUSSIAN,right-turn-lane,S_E,10-30-G,MEDIUM,N,Y,N,deprecated,770,87,66.900167,0.007151940059019424
NASH|BR|GAUSSIAN,right-turn-lane,S_E,10-30-G,SLOW,N,Y,N,deprecated,770,87,67.901167,0.015070528095085245
NASH|BR|GAUSSIAN,right-turn-lane,S_E,LT 10-G,SLOW,N,Y,N,deprecated,770,87,68.902167,0.00616543312924156
NASH|BR|GAUSSIAN,right-turn-lane,S_E,LT 10-G,SLOW,N,Y,N,deprecated,770,87,69.903167,0.0
NASH|BR|GAUSSIAN,right-turn-lane,S_E,LT 10-G,SLOW,N,Y,N,deprecated,770,87,70.904167,0.01926624940906363
NASH|BR|GAUSSIAN,prep-right-turn,S_E,LT 10-G,SLOW,N,Y,N,deprecated,770,87,74.908167,0.017763456209723416
NASH|BR|GAUSSIAN,prep-right-turn,S_E,LT 10-G,SLOW,N,Y,N,deprecated,770,87,75.909167,0.0
NASH|BR|GAUSSIAN,prep-right-turn,S_E,LT 10-G,SLOW,Y,Y,N,deprecated,770,87,76.910167,0.0
NASH|BR|GAUSSIAN,exec-right-turn,S_E,LT 10-G,MEDIUM,Y,Y,N,deprecated,770,87,77.911167,0.0
NASH|BR|GAUSSIAN,left-turn-lane,S_W,LT 10-G,NEAR STATIONARY,N,N,Y,deprecated,770,94,75.241833,0.0
NASH|BR|GAUSSIAN,left-turn-lane,S_W,LT 10-G,NEAR STATIONARY,N,N,Y,deprecated,770,94,76.242833,0.0001035196121155213
NASH|BR|GAUSSIAN,left-turn-lane,S_W,LT 10-G,NEAR STATIONARY,N,N,Y,deprecated,770,94,77.243833,0.0004194051285818512
NASH|BR|GAUSSIAN,left-turn-lane,S_W,GT 30-Y,NEAR STATIONARY,N,N,Y,deprecated,770,94,78.244833,0.001004290216091941
NASH|BR|GAUSSIAN,left-turn-lane,S_W,GT 30-Y,NEAR STATIONARY,N,N,Y,deprecated,770,94,79.245833,0.00013122076415383876
NASH|BR|GAUSSIAN,left-turn-lane,S_W,GT 30-Y,NEAR STATIONARY,N,N,Y,deprecated,770,94,81.247833,0.0
NASH|BR|GAUSSIAN,left-turn-lane,S_W,GT 30-Y,NEAR STATIONARY,N,N,Y,deprecated,770,94,82.248833,9.363162921038892e-05
NASH|BR|GAUSSIAN,left-turn-lane,S_W,GT 30-Y,NEAR STATIONARY,N,N,Y,deprecated,770,94,83.249833,0.00041995482170664733
NASH|BR|GAUSSIAN,left-turn-lane,S_W,GT 30-Y,NEAR STATIONARY,N,N,Y,deprecated,770,94,84.250833,0.00014122075434341852
NASH|BR|GAUSSIAN,left-turn-lane,S_W,GT 30-Y,NEAR STATIONARY,N,N,Y,deprecated,770,94,85.251833,0.0009218436744760083
NASH|BR|GAUSSIAN,left-turn-lane,S_W,GT 30-Y,NEAR STATIONARY,N,N,Y,deprecated,770,94,86.252833,0.0003426336633501892
NASH|BR|GAUSSIAN,left-turn-lane,S_W,GT 30-Y,NEAR STATIONARY,N,N,Y,deprecated,770,94,87.253833,0.2501844153651088
NASH|BR|GAUSSIAN,left-turn-lane,S_W,GT 30-Y,SLOW,N,N,Y,deprecated,770,94,88.254833,0.2504002060956554
NASH|BR|GAUSSIAN,left-turn-lane,S_W,GT 30-Y,SLOW,N,N,Y,deprecated,770,94,89.255833,0.25848484427425045
NASH|BR|GAUSSIAN,left-turn-lane,S_W,GT 30-Y,MEDIUM,N,N,Y,deprecated,770,94,90.256833,0.259844904304804
NASH|BR|GAUSSIAN,prep-left-turn,S_W,GT 30-Y,MEDIUM,N,N,Y,deprecated,770,94,92.258833,5.175539683710539e-06
NASH|BR|GAUSSIAN,prep-left-turn,S_W,GT 30-Y,MEDIUM,N,N,Y,deprecated,770,94,93.259833,0.26043169929393206
NASH|BR|GAUSSIAN,exec-left-turn,S_W,GT 30-Y,MEDIUM,N,N,Y,deprecated,770,94,94.260833,0.0583925019764826
NASH|BR|GAUSSIAN,exec-right-turn,S_E,10-30-Y,MEDIUM,Y,Y,N,deprecated,770,97,100.1,0.00017937928429534455
NASH|BR|GAUSSIAN,right-turn-lane,S_E,GT 30-Y,NEAR STATIONARY,Y,Y,N,deprecated,770,97,87.087,6.565983904893713e-05
NASH|BR|GAUSSIAN,right-turn-lane,S_E,GT 30-Y,NEAR STATIONARY,Y,Y,N,deprecated,770,97,88.088,0.0
NASH|BR|GAUSSIAN,right-turn-lane,S_E,GT 30-Y,NEAR STATIONARY,Y,Y,N,deprecated,770,97,89.089,0.0
NASH|BR|GAUSSIAN,right-turn-lane,S_E,GT 30-Y,NEAR STATIONARY,Y,Y,N,deprecated,770,97,90.09,1.8659989090119566e-05
NASH|BR|GAUSSIAN,right-turn-lane,S_E,GT 30-Y,NEAR STATIONARY,Y,Y,N,deprecated,770,97,91.091,3.2905807317185065e-05
NASH|BR|GAUSSIAN,right-turn-lane,S_E,GT 30-Y,NEAR STATIONARY,Y,Y,N,deprecated,770,97,93.093,0.24816136857202498
NASH|BR|GAUSSIAN,right-turn-lane,S_E,GT 30-Y,SLOW,Y,Y,N,deprecated,770,97,94.094,0.0021009747684713753
NASH|BR|GAUSSIAN,prep-right-turn,S_E,GT 30-Y,SLOW,Y,Y,N,deprecated,770,97,95.095,0.0
NASH|BR|GAUSSIAN,prep-right-turn,S_E,GT 30-Y,SLOW,Y,Y,N,deprecated,770,97,96.096,0.0
NASH|BR|GAUSSIAN,prep-right-turn,S_E,10-30-Y,SLOW,Y,Y,N,deprecated,770,97,97.097,0.0
NASH|BR|GAUSSIAN,exec-right-turn,S_E,10-30-Y,MEDIUM,Y,Y,N,deprecated,770,97,99.099,0.009109561974684821
NASH|BR|GAUSSIAN,prep-left-turn,E_S,10-30-Y,NEAR STATIONARY,Y,Y,N,deprecated,770,99,151.317833,0.0
NASH|BR|GAUSSIAN,prep-left-turn,E_S,10-30-Y,SLOW,Y,Y,N,deprecated,770,99,152.318833,0.0
NASH|BR|GAUSSIAN,prep-left-turn,E_S,10-30-Y,SLOW,Y,Y,N,deprecated,770,99,154.320833,0.0
NASH|BR|GAUSSIAN,prep-left-turn,E_S,10-30-Y,SLOW,Y,Y,N,deprecated,770,99,156.322833,0.026442356691822044
NASH|BR|GAUSSIAN,prep-left-turn,E_S,10-30-Y,SLOW,Y,Y,N,deprecated,770,99,157.323833,0.0
NASH|BR|GAUSSIAN,prep-left-turn,E_S,10-30-Y,SLOW,Y,Y,N,deprecated,770,99,159.325833,4.499058704954262e-05
NASH|BR|GAUSSIAN,exec-left-turn,E_S,10-30-Y,NEAR STATIONARY,N,Y,N,deprecated,770,99,160.326833,0.0
NASH|BR|GAUSSIAN,exec-left-turn,E_S,10-30-Y,NEAR STATIONARY,N,Y,N,deprecated,770,99,161.327833,0.0028508593307143837
NASH|BR|GAUSSIAN,exec-left-turn,E_S,10-30-Y,NEAR STATIONARY,Y,Y,N,deprecated,770,99,162.328833,0.007504797098013105
NASH|BR|GAUSSIAN,exec-left-turn,E_S,10-30-Y,NEAR STATIONARY,Y,Y,N,deprecated,770,99,163.329833,0.0144759738864082
NASH|BR|GAUSSIAN,exec-left-turn,E_S,LT 10-Y,NEAR STATIONARY,Y,Y,N,deprecated,770,99,164.330833,0.007387102340076224
NASH|BR|GAUSSIAN,exec-left-turn,E_S,LT 10-Y,NEAR STATIONARY,Y,Y,N,deprecated,770,99,165.331833,0.0017608608391677105
NASH|BR|GAUSSIAN,exec-left-turn,E_S,LT 10-Y,NEAR STATIONARY,Y,Y,N,deprecated,770,99,166.332833,0.006891875555316007
NASH|BR|GAUSSIAN,exec-left-turn,E_S,LT 10-Y,NEAR STATIONARY,Y,Y,N,deprecated,770,99,170.336833,0.29221761679279723
NASH|BR|GAUSSIAN,exec-left-turn,E_S,LT 10-Y,SLOW,Y,Y,N,deprecated,770,99,171.337833,0.2139561313438334
NASH|BR|GAUSSIAN,exec-left-turn,E_S,LT 10-Y,SLOW,Y,Y,N,deprecated,770,99,172.338833,0.1212161851062683
NASH|BR|GAUSSIAN,exec-left-turn,S_W,GT 30-R,MEDIUM,Y,Y,N,deprecated,770,9,1.001,0.0
NASH|BR|GAUSSIAN,exec-left-turn,S_W,GT 30-R,MEDIUM,Y,Y,N,deprecated,770,9,2.002,0.0
