EQ_TYPE,SEGMENT,TASK,NEXT_CHANGE,SPEED,PEDESTRIAN,RELEV_VEHICLE,ACTIONS,AGGRESSIVE,FILE_ID,TRACK_ID,TIME,ON_EQ
L1MAXMIN|BR|GAUSSIAN,prep-left-turn,S_W,<10-Y/R,LOW  SPEED,PEDESTRIAN,  RL  <EQ  2,acts-1,N,782,103,91.091,0.07778400000000008
L1MAXMIN|BR|GAUSSIAN,prep-left-turn,S_W,<10-Y/R,LOW  SPEED,PEDESTRIAN,  RL  <EQ  2,acts-1,N,782,103,91.091,0.09667100000000006
L1MAXMIN|BR|GAUSSIAN,prep-left-turn,S_W,<10-Y/R,LOW  SPEED,PEDESTRIAN,  RL  <EQ  2,acts-1,N,782,103,95.095,0.033918000000000004
L1MAXMIN|BR|GAUSSIAN,prep-left-turn,S_W,<10-Y/R,LOW  SPEED,PEDESTRIAN,  RL  <EQ  2,acts-1,N,782,103,95.095,0.04863700000000004
L1MAXMIN|BR|GAUSSIAN,prep-left-turn,S_W,<10-Y/R,LOW  SPEED,PEDESTRIAN,  RL  <EQ  2,acts-1,N,782,103,96.096,0.015453999999999968
L1MAXMIN|BR|GAUSSIAN,prep-left-turn,S_W,<10-Y/R,LOW  SPEED,PEDESTRIAN,  RL  <EQ  2,acts-1,N,782,103,96.096,0.015449999999999964
L1MAXMIN|BR|GAUSSIAN,prep-left-turn,S_W,<10-Y/R,LOW  SPEED,PEDESTRIAN,  RL  >  2,acts-1,N,782,103,92.092,0.06065799999999999
L1MAXMIN|BR|GAUSSIAN,prep-left-turn,S_W,<10-Y/R,LOW  SPEED,PEDESTRIAN,  RL  >  2,acts-1,N,782,103,92.092,0.056889999999999996
L1MAXMIN|BR|GAUSSIAN,prep-left-turn,S_W,<10-Y/R,LOW  SPEED,PEDESTRIAN,  RL  >  2,acts-1,N,782,103,93.093,0.076233
L1MAXMIN|BR|GAUSSIAN,prep-left-turn,S_W,<10-Y/R,LOW  SPEED,PEDESTRIAN,  RL  >  2,acts-1,N,782,103,93.093,0.07616200000000006
L1MAXMIN|BR|GAUSSIAN,prep-left-turn,S_W,<10-Y/R,LOW  SPEED,PEDESTRIAN,  RL  >  2,acts-1,N,782,103,94.094,0.03730800000000001
L1MAXMIN|BR|GAUSSIAN,prep-left-turn,S_W,<10-Y/R,LOW  SPEED,PEDESTRIAN,  RL  >  2,acts-1,N,782,103,94.094,0.03692399999999996
L1MAXMIN|BR|GAUSSIAN,prep-left-turn,S_W,<10-Y/R,LOW  SPEED,NO  PEDESTRIAN,  RL  <EQ  2,acts-2,Y,782,169,193.526667,0
L1MAXMIN|BR|GAUSSIAN,prep-left-turn,S_W,<10-Y/R,LOW  SPEED,NO  PEDESTRIAN,  RL  <EQ  2,acts-3,N,782,197,195.6955,0.000132000000000021
L1MAXMIN|BR|GAUSSIAN,prep-left-turn,S_W,<10-Y/R,LOW  SPEED,NO  PEDESTRIAN,  RL  <EQ  2,acts-3,Y,782,197,196.6965,0.0015200000000000768
L1MAXMIN|BR|GAUSSIAN,prep-left-turn,S_W,<10-Y/R,LOW  SPEED,NO  PEDESTRIAN,  RL  >  2,acts-2,N,782,169,189.522667,0
L1MAXMIN|BR|GAUSSIAN,prep-left-turn,S_W,<10-Y/R,LOW  SPEED,NO  PEDESTRIAN,  RL  >  2,acts-2,Y,782,169,190.523667,0.0046359999999999735
L1MAXMIN|BR|GAUSSIAN,prep-left-turn,S_W,<10-Y/R,LOW  SPEED,NO  PEDESTRIAN,  RL  >  2,acts-2,Y,782,169,191.524667,0
L1MAXMIN|BR|GAUSSIAN,prep-left-turn,S_W,<10-G,LOW  SPEED,PEDESTRIAN,  RL  <EQ  2,acts-1,N,782,103,91.091,0.07778400000000008
L1MAXMIN|BR|GAUSSIAN,prep-left-turn,S_W,<10-G,LOW  SPEED,PEDESTRIAN,  RL  <EQ  2,acts-1,N,782,103,91.091,0.09667100000000006
L1MAXMIN|BR|GAUSSIAN,prep-left-turn,S_W,<10-G,LOW  SPEED,PEDESTRIAN,  RL  <EQ  2,acts-1,N,782,103,95.095,0.033918000000000004
L1MAXMIN|BR|GAUSSIAN,prep-left-turn,S_W,<10-G,LOW  SPEED,PEDESTRIAN,  RL  <EQ  2,acts-1,N,782,103,95.095,0.04863700000000004
L1MAXMIN|BR|GAUSSIAN,prep-left-turn,S_W,<10-G,LOW  SPEED,PEDESTRIAN,  RL  <EQ  2,acts-1,N,782,103,96.096,0.015453999999999968
L1MAXMIN|BR|GAUSSIAN,prep-left-turn,S_W,<10-G,LOW  SPEED,PEDESTRIAN,  RL  <EQ  2,acts-1,N,782,103,96.096,0.015449999999999964
L1MAXMIN|BR|GAUSSIAN,prep-left-turn,S_W,<10-G,LOW  SPEED,PEDESTRIAN,  RL  >  2,acts-1,N,782,103,92.092,0.06065799999999999
L1MAXMIN|BR|GAUSSIAN,prep-left-turn,S_W,<10-G,LOW  SPEED,PEDESTRIAN,  RL  >  2,acts-1,N,782,103,92.092,0.056889999999999996
L1MAXMIN|BR|GAUSSIAN,prep-left-turn,S_W,<10-G,LOW  SPEED,PEDESTRIAN,  RL  >  2,acts-1,N,782,103,93.093,0.076233
L1MAXMIN|BR|GAUSSIAN,prep-left-turn,S_W,<10-G,LOW  SPEED,PEDESTRIAN,  RL  >  2,acts-1,N,782,103,93.093,0.07616200000000006
L1MAXMIN|BR|GAUSSIAN,prep-left-turn,S_W,<10-G,LOW  SPEED,PEDESTRIAN,  RL  >  2,acts-1,N,782,103,94.094,0.03730800000000001
L1MAXMIN|BR|GAUSSIAN,prep-left-turn,S_W,<10-G,LOW  SPEED,PEDESTRIAN,  RL  >  2,acts-1,N,782,103,94.094,0.03692399999999996
L1MAXMIN|BR|GAUSSIAN,prep-left-turn,S_W,<10-G,LOW  SPEED,NO  PEDESTRIAN,  RL  <EQ  2,acts-2,Y,782,169,193.526667,0
L1MAXMIN|BR|GAUSSIAN,prep-left-turn,S_W,<10-G,LOW  SPEED,NO  PEDESTRIAN,  RL  <EQ  2,acts-3,N,782,197,195.6955,0.000132000000000021
L1MAXMIN|BR|GAUSSIAN,prep-left-turn,S_W,<10-G,LOW  SPEED,NO  PEDESTRIAN,  RL  <EQ  2,acts-3,Y,782,197,196.6965,0.0015200000000000768
L1MAXMIN|BR|GAUSSIAN,prep-left-turn,S_W,<10-G,LOW  SPEED,NO  PEDESTRIAN,  RL  >  2,acts-2,N,782,169,189.522667,0
L1MAXMIN|BR|GAUSSIAN,prep-left-turn,S_W,<10-G,LOW  SPEED,NO  PEDESTRIAN,  RL  >  2,acts-2,Y,782,169,190.523667,0.0046359999999999735
L1MAXMIN|BR|GAUSSIAN,prep-left-turn,S_W,<10-G,LOW  SPEED,NO  PEDESTRIAN,  RL  >  2,acts-2,Y,782,169,191.524667,0
L1MAXMIN|BR|GAUSSIAN,prep-left-turn,S_W,>EQ  10-Y/R,LOW  SPEED,PEDESTRIAN,RL  0,acts-1,Y,782,38,54.721333,0
L1MAXMIN|BR|GAUSSIAN,prep-left-turn,S_W,>EQ  10-Y/R,LOW  SPEED,PEDESTRIAN,RL  0,acts-1,Y,782,38,55.722333,0.0022920000000000718
L1MAXMIN|BR|GAUSSIAN,prep-left-turn,S_W,>EQ  10-Y/R,LOW  SPEED,PEDESTRIAN,RL  0,acts-1,N,782,80,60.727333,0.078341
L1MAXMIN|BR|GAUSSIAN,prep-left-turn,S_W,>EQ  10-Y/R,LOW  SPEED,PEDESTRIAN,RL  0,acts-1,N,782,80,60.727333,0.07835599999999998
L1MAXMIN|BR|GAUSSIAN,prep-left-turn,S_W,>EQ  10-Y/R,LOW  SPEED,PEDESTRIAN,  RL  <EQ  2,acts-1,N,782,103,81.081,0
L1MAXMIN|BR|GAUSSIAN,prep-left-turn,S_W,>EQ  10-Y/R,LOW  SPEED,PEDESTRIAN,  RL  <EQ  2,acts-1,N,782,103,81.081,0.0
L1MAXMIN|BR|GAUSSIAN,prep-left-turn,S_W,>EQ  10-Y/R,LOW  SPEED,PEDESTRIAN,  RL  <EQ  2,acts-1,N,782,103,85.085,0.10553299999999999
L1MAXMIN|BR|GAUSSIAN,prep-left-turn,S_W,>EQ  10-Y/R,LOW  SPEED,PEDESTRIAN,  RL  <EQ  2,acts-1,N,782,103,85.085,0.153872
L1MAXMIN|BR|GAUSSIAN,prep-left-turn,S_W,>EQ  10-Y/R,LOW  SPEED,PEDESTRIAN,  RL  <EQ  2,acts-1,N,782,103,88.088,0.2011139999999999
L1MAXMIN|BR|GAUSSIAN,prep-left-turn,S_W,>EQ  10-Y/R,LOW  SPEED,PEDESTRIAN,  RL  <EQ  2,acts-1,N,782,103,88.088,0.17898599999999998
L1MAXMIN|BR|GAUSSIAN,prep-left-turn,S_W,>EQ  10-Y/R,LOW  SPEED,PEDESTRIAN,  RL  <EQ  2,acts-1,N,782,169,179.512667,0.08669700000000002
L1MAXMIN|BR|GAUSSIAN,prep-left-turn,S_W,>EQ  10-Y/R,LOW  SPEED,PEDESTRIAN,  RL  <EQ  2,acts-1,N,782,169,179.512667,0.067137
L1MAXMIN|BR|GAUSSIAN,prep-left-turn,S_W,>EQ  10-Y/R,LOW  SPEED,PEDESTRIAN,  RL  <EQ  2,acts-1,N,782,169,180.513667,0.14048899999999998
L1MAXMIN|BR|GAUSSIAN,prep-left-turn,S_W,>EQ  10-Y/R,LOW  SPEED,PEDESTRIAN,  RL  <EQ  2,acts-1,N,782,169,180.513667,0.14762599999999992
L1MAXMIN|BR|GAUSSIAN,prep-left-turn,S_W,>EQ  10-Y/R,LOW  SPEED,PEDESTRIAN,  RL  <EQ  2,acts-1,N,782,169,181.514667,0.10414099999999993
L1MAXMIN|BR|GAUSSIAN,prep-left-turn,S_W,>EQ  10-Y/R,LOW  SPEED,PEDESTRIAN,  RL  <EQ  2,acts-1,N,782,169,181.514667,0.057387999999999995
L1MAXMIN|BR|GAUSSIAN,prep-left-turn,S_W,>EQ  10-Y/R,LOW  SPEED,PEDESTRIAN,  RL  <EQ  2,acts-1,N,782,169,183.516667,0.07874199999999998
L1MAXMIN|BR|GAUSSIAN,prep-left-turn,S_W,>EQ  10-Y/R,LOW  SPEED,PEDESTRIAN,  RL  <EQ  2,acts-1,N,782,169,183.516667,0.07857999999999998
L1MAXMIN|BR|GAUSSIAN,prep-left-turn,S_W,>EQ  10-Y/R,LOW  SPEED,PEDESTRIAN,  RL  <EQ  2,acts-1,N,782,169,184.517667,0.07950400000000002
L1MAXMIN|BR|GAUSSIAN,prep-left-turn,S_W,>EQ  10-Y/R,LOW  SPEED,PEDESTRIAN,  RL  <EQ  2,acts-1,N,782,169,184.517667,0.08157799999999993
L1MAXMIN|BR|GAUSSIAN,prep-left-turn,S_W,>EQ  10-Y/R,LOW  SPEED,PEDESTRIAN,  RL  >  2,acts-1,Y,782,103,78.078,0.08092299999999997
L1MAXMIN|BR|GAUSSIAN,prep-left-turn,S_W,>EQ  10-Y/R,LOW  SPEED,PEDESTRIAN,  RL  >  2,acts-1,Y,782,103,78.078,0.09444600000000003
L1MAXMIN|BR|GAUSSIAN,prep-left-turn,S_W,>EQ  10-Y/R,LOW  SPEED,PEDESTRIAN,  RL  >  2,acts-1,Y,782,103,79.079,0.10995299999999997
L1MAXMIN|BR|GAUSSIAN,prep-left-turn,S_W,>EQ  10-Y/R,LOW  SPEED,PEDESTRIAN,  RL  >  2,acts-1,Y,782,103,79.079,0.10994599999999999
L1MAXMIN|BR|GAUSSIAN,prep-left-turn,S_W,>EQ  10-Y/R,LOW  SPEED,PEDESTRIAN,  RL  >  2,acts-1,N,782,103,80.08,0.08551600000000004
L1MAXMIN|BR|GAUSSIAN,prep-left-turn,S_W,>EQ  10-Y/R,LOW  SPEED,PEDESTRIAN,  RL  >  2,acts-1,N,782,103,80.08,0.06932700000000003
L1MAXMIN|BR|GAUSSIAN,prep-left-turn,S_W,>EQ  10-Y/R,LOW  SPEED,PEDESTRIAN,  RL  >  2,acts-1,N,782,103,82.082,0.13895000000000002
L1MAXMIN|BR|GAUSSIAN,prep-left-turn,S_W,>EQ  10-Y/R,LOW  SPEED,PEDESTRIAN,  RL  >  2,acts-1,N,782,103,82.082,0.07162900000000005
L1MAXMIN|BR|GAUSSIAN,prep-left-turn,S_W,>EQ  10-Y/R,LOW  SPEED,PEDESTRIAN,  RL  >  2,acts-1,N,782,103,83.083,0.10675299999999999
L1MAXMIN|BR|GAUSSIAN,prep-left-turn,S_W,>EQ  10-Y/R,LOW  SPEED,PEDESTRIAN,  RL  >  2,acts-1,N,782,103,83.083,0.1110279999999999
L1MAXMIN|BR|GAUSSIAN,prep-left-turn,S_W,>EQ  10-Y/R,LOW  SPEED,PEDESTRIAN,  RL  >  2,acts-1,N,782,103,84.084,0.00944900000000004
L1MAXMIN|BR|GAUSSIAN,prep-left-turn,S_W,>EQ  10-Y/R,LOW  SPEED,PEDESTRIAN,  RL  >  2,acts-1,N,782,103,84.084,0.012541000000000024
L1MAXMIN|BR|GAUSSIAN,prep-left-turn,S_W,>EQ  10-Y/R,LOW  SPEED,PEDESTRIAN,  RL  >  2,acts-1,N,782,103,86.086,0.16940100000000002
L1MAXMIN|BR|GAUSSIAN,prep-left-turn,S_W,>EQ  10-Y/R,LOW  SPEED,PEDESTRIAN,  RL  >  2,acts-1,N,782,103,86.086,0.13079299999999994
L1MAXMIN|BR|GAUSSIAN,prep-left-turn,S_W,>EQ  10-Y/R,LOW  SPEED,PEDESTRIAN,  RL  >  2,acts-1,N,782,103,87.087,0.08173199999999992
L1MAXMIN|BR|GAUSSIAN,prep-left-turn,S_W,>EQ  10-Y/R,LOW  SPEED,PEDESTRIAN,  RL  >  2,acts-1,N,782,103,87.087,0.140972
L1MAXMIN|BR|GAUSSIAN,prep-left-turn,S_W,>EQ  10-Y/R,LOW  SPEED,NO  PEDESTRIAN,  RL  <EQ  2,acts-2,N,782,169,185.518667,0.01808299999999996
L1MAXMIN|BR|GAUSSIAN,prep-left-turn,S_W,>EQ  10-Y/R,LOW  SPEED,NO  PEDESTRIAN,  RL  <EQ  2,acts-2,N,782,169,186.519667,0.013437000000000032
L1MAXMIN|BR|GAUSSIAN,prep-left-turn,S_W,>EQ  10-Y/R,LOW  SPEED,NO  PEDESTRIAN,  RL  <EQ  2,acts-2,N,782,169,187.520667,0.08084400000000003
L1MAXMIN|BR|GAUSSIAN,prep-left-turn,S_W,>EQ  10-Y/R,LOW  SPEED,NO  PEDESTRIAN,  RL  <EQ  2,acts-2,N,782,169,188.521667,0.075847
L1MAXMIN|BR|GAUSSIAN,prep-left-turn,S_W,>EQ  10-G,LOW  SPEED,PEDESTRIAN,RL  0,acts-1,Y,782,38,54.721333,0
L1MAXMIN|BR|GAUSSIAN,prep-left-turn,S_W,>EQ  10-G,LOW  SPEED,PEDESTRIAN,RL  0,acts-1,Y,782,38,55.722333,0.0022920000000000718
L1MAXMIN|BR|GAUSSIAN,prep-left-turn,S_W,>EQ  10-G,LOW  SPEED,PEDESTRIAN,RL  0,acts-1,N,782,80,60.727333,0.078341
L1MAXMIN|BR|GAUSSIAN,prep-left-turn,S_W,>EQ  10-G,LOW  SPEED,PEDESTRIAN,RL  0,acts-1,N,782,80,60.727333,0.07835599999999998
L1MAXMIN|BR|GAUSSIAN,prep-left-turn,S_W,>EQ  10-G,LOW  SPEED,PEDESTRIAN,  RL  <EQ  2,acts-1,N,782,103,81.081,0
L1MAXMIN|BR|GAUSSIAN,prep-left-turn,S_W,>EQ  10-G,LOW  SPEED,PEDESTRIAN,  RL  <EQ  2,acts-1,N,782,103,81.081,0.0
L1MAXMIN|BR|GAUSSIAN,prep-left-turn,S_W,>EQ  10-G,LOW  SPEED,PEDESTRIAN,  RL  <EQ  2,acts-1,N,782,103,85.085,0.10553299999999999
L1MAXMIN|BR|GAUSSIAN,prep-left-turn,S_W,>EQ  10-G,LOW  SPEED,PEDESTRIAN,  RL  <EQ  2,acts-1,N,782,103,85.085,0.153872
L1MAXMIN|BR|GAUSSIAN,prep-left-turn,S_W,>EQ  10-G,LOW  SPEED,PEDESTRIAN,  RL  <EQ  2,acts-1,N,782,103,88.088,0.2011139999999999
L1MAXMIN|BR|GAUSSIAN,prep-left-turn,S_W,>EQ  10-G,LOW  SPEED,PEDESTRIAN,  RL  <EQ  2,acts-1,N,782,103,88.088,0.17898599999999998
L1MAXMIN|BR|GAUSSIAN,prep-left-turn,S_W,>EQ  10-G,LOW  SPEED,PEDESTRIAN,  RL  <EQ  2,acts-1,N,782,169,179.512667,0.08669700000000002
L1MAXMIN|BR|GAUSSIAN,prep-left-turn,S_W,>EQ  10-G,LOW  SPEED,PEDESTRIAN,  RL  <EQ  2,acts-1,N,782,169,179.512667,0.067137
L1MAXMIN|BR|GAUSSIAN,prep-left-turn,S_W,>EQ  10-G,LOW  SPEED,PEDESTRIAN,  RL  <EQ  2,acts-1,N,782,169,180.513667,0.14048899999999998
L1MAXMIN|BR|GAUSSIAN,prep-left-turn,S_W,>EQ  10-G,LOW  SPEED,PEDESTRIAN,  RL  <EQ  2,acts-1,N,782,169,180.513667,0.14762599999999992
L1MAXMIN|BR|GAUSSIAN,prep-left-turn,S_W,>EQ  10-G,LOW  SPEED,PEDESTRIAN,  RL  <EQ  2,acts-1,N,782,169,181.514667,0.10414099999999993
L1MAXMIN|BR|GAUSSIAN,prep-left-turn,S_W,>EQ  10-G,LOW  SPEED,PEDESTRIAN,  RL  <EQ  2,acts-1,N,782,169,181.514667,0.057387999999999995
L1MAXMIN|BR|GAUSSIAN,prep-left-turn,S_W,>EQ  10-G,LOW  SPEED,PEDESTRIAN,  RL  <EQ  2,acts-1,N,782,169,183.516667,0.07874199999999998
L1MAXMIN|BR|GAUSSIAN,prep-left-turn,S_W,>EQ  10-G,LOW  SPEED,PEDESTRIAN,  RL  <EQ  2,acts-1,N,782,169,183.516667,0.07857999999999998
L1MAXMIN|BR|GAUSSIAN,prep-left-turn,S_W,>EQ  10-G,LOW  SPEED,PEDESTRIAN,  RL  <EQ  2,acts-1,N,782,169,184.517667,0.07950400000000002
L1MAXMIN|BR|GAUSSIAN,prep-left-turn,S_W,>EQ  10-G,LOW  SPEED,PEDESTRIAN,  RL  <EQ  2,acts-1,N,782,169,184.517667,0.08157799999999993
L1MAXMIN|BR|GAUSSIAN,prep-left-turn,S_W,>EQ  10-G,LOW  SPEED,PEDESTRIAN,  RL  >  2,acts-1,Y,782,103,78.078,0.08092299999999997
L1MAXMIN|BR|GAUSSIAN,prep-left-turn,S_W,>EQ  10-G,LOW  SPEED,PEDESTRIAN,  RL  >  2,acts-1,Y,782,103,78.078,0.09444600000000003
L1MAXMIN|BR|GAUSSIAN,prep-left-turn,S_W,>EQ  10-G,LOW  SPEED,PEDESTRIAN,  RL  >  2,acts-1,Y,782,103,79.079,0.10995299999999997
L1MAXMIN|BR|GAUSSIAN,prep-left-turn,S_W,>EQ  10-G,LOW  SPEED,PEDESTRIAN,  RL  >  2,acts-1,Y,782,103,79.079,0.10994599999999999
L1MAXMIN|BR|GAUSSIAN,prep-left-turn,S_W,>EQ  10-G,LOW  SPEED,PEDESTRIAN,  RL  >  2,acts-1,N,782,103,80.08,0.08551600000000004
L1MAXMIN|BR|GAUSSIAN,prep-left-turn,S_W,>EQ  10-G,LOW  SPEED,PEDESTRIAN,  RL  >  2,acts-1,N,782,103,80.08,0.06932700000000003
L1MAXMIN|BR|GAUSSIAN,prep-left-turn,S_W,>EQ  10-G,LOW  SPEED,PEDESTRIAN,  RL  >  2,acts-1,N,782,103,82.082,0.13895000000000002
L1MAXMIN|BR|GAUSSIAN,prep-left-turn,S_W,>EQ  10-G,LOW  SPEED,PEDESTRIAN,  RL  >  2,acts-1,N,782,103,82.082,0.07162900000000005
L1MAXMIN|BR|GAUSSIAN,prep-left-turn,S_W,>EQ  10-G,LOW  SPEED,PEDESTRIAN,  RL  >  2,acts-1,N,782,103,83.083,0.10675299999999999
L1MAXMIN|BR|GAUSSIAN,prep-left-turn,S_W,>EQ  10-G,LOW  SPEED,PEDESTRIAN,  RL  >  2,acts-1,N,782,103,83.083,0.1110279999999999
L1MAXMIN|BR|GAUSSIAN,prep-left-turn,S_W,>EQ  10-G,LOW  SPEED,PEDESTRIAN,  RL  >  2,acts-1,N,782,103,84.084,0.00944900000000004
L1MAXMIN|BR|GAUSSIAN,prep-left-turn,S_W,>EQ  10-G,LOW  SPEED,PEDESTRIAN,  RL  >  2,acts-1,N,782,103,84.084,0.012541000000000024
L1MAXMIN|BR|GAUSSIAN,prep-left-turn,S_W,>EQ  10-G,LOW  SPEED,PEDESTRIAN,  RL  >  2,acts-1,N,782,103,86.086,0.16940100000000002
L1MAXMIN|BR|GAUSSIAN,prep-left-turn,S_W,>EQ  10-G,LOW  SPEED,PEDESTRIAN,  RL  >  2,acts-1,N,782,103,86.086,0.13079299999999994
L1MAXMIN|BR|GAUSSIAN,prep-left-turn,S_W,>EQ  10-G,LOW  SPEED,PEDESTRIAN,  RL  >  2,acts-1,N,782,103,87.087,0.08173199999999992
L1MAXMIN|BR|GAUSSIAN,prep-left-turn,S_W,>EQ  10-G,LOW  SPEED,PEDESTRIAN,  RL  >  2,acts-1,N,782,103,87.087,0.140972
L1MAXMIN|BR|GAUSSIAN,prep-left-turn,S_W,>EQ  10-G,LOW  SPEED,NO  PEDESTRIAN,  RL  <EQ  2,acts-2,N,782,169,185.518667,0.01808299999999996
L1MAXMIN|BR|GAUSSIAN,prep-left-turn,S_W,>EQ  10-G,LOW  SPEED,NO  PEDESTRIAN,  RL  <EQ  2,acts-2,N,782,169,186.519667,0.013437000000000032
L1MAXMIN|BR|GAUSSIAN,prep-left-turn,S_W,>EQ  10-G,LOW  SPEED,NO  PEDESTRIAN,  RL  <EQ  2,acts-2,N,782,169,187.520667,0.08084400000000003
L1MAXMIN|BR|GAUSSIAN,prep-left-turn,S_W,>EQ  10-G,LOW  SPEED,NO  PEDESTRIAN,  RL  <EQ  2,acts-2,N,782,169,188.521667,0.075847
L1MAXMIN|BR|GAUSSIAN,prep-left-turn,N_E,<10-Y/R,MEDIUM  SPEED,NO  PEDESTRIAN,RL  0,acts-2,N,782,215,198.031167,0.07589999999999997
L1MAXMIN|BR|GAUSSIAN,prep-left-turn,N_E,<10-G,MEDIUM  SPEED,NO  PEDESTRIAN,RL  0,acts-2,N,782,215,198.031167,0.07589999999999997
L1MAXMIN|BR|GAUSSIAN,prep-left-turn,N_E,>EQ  10-Y/R,LOW  SPEED,PEDESTRIAN,RL  0,acts-1,N,782,63,72.238833,0.0012799999999999478
L1MAXMIN|BR|GAUSSIAN,prep-left-turn,N_E,>EQ  10-Y/R,LOW  SPEED,PEDESTRIAN,RL  0,acts-1,N,782,63,73.239833,0.07372599999999996
L1MAXMIN|BR|GAUSSIAN,prep-left-turn,N_E,>EQ  10-Y/R,LOW  SPEED,PEDESTRIAN,RL  0,acts-1,N,782,63,73.239833,0.07350299999999999
L1MAXMIN|BR|GAUSSIAN,prep-left-turn,N_E,>EQ  10-Y/R,LOW  SPEED,NO  PEDESTRIAN,RL  0,acts-2,N,782,143,151.985167,0.0066149999999999265
L1MAXMIN|BR|GAUSSIAN,prep-left-turn,N_E,>EQ  10-Y/R,LOW  SPEED,NO  PEDESTRIAN,RL  0,acts-2,N,782,143,152.986167,0.007651999999999992
L1MAXMIN|BR|GAUSSIAN,prep-left-turn,N_E,>EQ  10-Y/R,LOW  SPEED,NO  PEDESTRIAN,RL  0,acts-2,N,782,143,153.987167,0.07404200000000005
L1MAXMIN|BR|GAUSSIAN,prep-left-turn,N_E,>EQ  10-Y/R,LOW  SPEED,NO  PEDESTRIAN,RL  0,acts-2,Y,782,143,154.988167,0
L1MAXMIN|BR|GAUSSIAN,prep-left-turn,N_E,>EQ  10-Y/R,LOW  SPEED,NO  PEDESTRIAN,RL  0,acts-2,Y,782,183,161.6615,0.072353
L1MAXMIN|BR|GAUSSIAN,prep-left-turn,N_E,>EQ  10-Y/R,LOW  SPEED,NO  PEDESTRIAN,RL  0,acts-2,Y,782,183,162.6625,0.07343199999999994
L1MAXMIN|BR|GAUSSIAN,prep-left-turn,N_E,>EQ  10-G,LOW  SPEED,PEDESTRIAN,RL  0,acts-1,N,782,63,72.238833,0.0012799999999999478
L1MAXMIN|BR|GAUSSIAN,prep-left-turn,N_E,>EQ  10-G,LOW  SPEED,PEDESTRIAN,RL  0,acts-1,N,782,63,73.239833,0.07372599999999996
L1MAXMIN|BR|GAUSSIAN,prep-left-turn,N_E,>EQ  10-G,LOW  SPEED,PEDESTRIAN,RL  0,acts-1,N,782,63,73.239833,0.07350299999999999
L1MAXMIN|BR|GAUSSIAN,prep-left-turn,N_E,>EQ  10-G,LOW  SPEED,NO  PEDESTRIAN,RL  0,acts-2,N,782,143,151.985167,0.0066149999999999265
L1MAXMIN|BR|GAUSSIAN,prep-left-turn,N_E,>EQ  10-G,LOW  SPEED,NO  PEDESTRIAN,RL  0,acts-2,N,782,143,152.986167,0.007651999999999992
L1MAXMIN|BR|GAUSSIAN,prep-left-turn,N_E,>EQ  10-G,LOW  SPEED,NO  PEDESTRIAN,RL  0,acts-2,N,782,143,153.987167,0.07404200000000005
L1MAXMIN|BR|GAUSSIAN,prep-left-turn,N_E,>EQ  10-G,LOW  SPEED,NO  PEDESTRIAN,RL  0,acts-2,Y,782,143,154.988167,0
L1MAXMIN|BR|GAUSSIAN,prep-left-turn,N_E,>EQ  10-G,LOW  SPEED,NO  PEDESTRIAN,RL  0,acts-2,Y,782,183,161.6615,0.072353
L1MAXMIN|BR|GAUSSIAN,prep-left-turn,N_E,>EQ  10-G,LOW  SPEED,NO  PEDESTRIAN,RL  0,acts-2,Y,782,183,162.6625,0.07343199999999994
L1MAXMIN|BR|GAUSSIAN,prep-left-turn,W_N,<10-Y/R,LOW  SPEED,NO  PEDESTRIAN,  RL  <EQ  2,acts-3,N,782,230,239.906333,0.0005950000000000122
L1MAXMIN|BR|GAUSSIAN,prep-left-turn,W_N,<10-Y/R,LOW  SPEED,NO  PEDESTRIAN,  RL  <EQ  2,acts-3,Y,782,230,240.907333,0.0008859999999999424
L1MAXMIN|BR|GAUSSIAN,prep-left-turn,W_N,<10-Y/R,LOW  SPEED,NO  PEDESTRIAN,  RL  <EQ  2,acts-3,Y,782,230,241.908333,6.899999999998574e-05
L1MAXMIN|BR|GAUSSIAN,prep-left-turn,W_N,<10-Y/R,LOW  SPEED,NO  PEDESTRIAN,  RL  >  2,acts-2,Y,782,58,36.369667,0.028853999999999935
L1MAXMIN|BR|GAUSSIAN,prep-left-turn,W_N,<10-Y/R,LOW  SPEED,NO  PEDESTRIAN,  RL  >  2,acts-2,N,782,58,37.370667,0.029133999999999993
L1MAXMIN|BR|GAUSSIAN,prep-left-turn,W_N,<10-Y/R,LOW  SPEED,NO  PEDESTRIAN,  RL  >  2,acts-2,N,782,58,38.371667,0.029000000000000026
L1MAXMIN|BR|GAUSSIAN,prep-left-turn,W_N,<10-Y/R,LOW  SPEED,NO  PEDESTRIAN,  RL  >  2,acts-2,N,782,58,39.372667,0.034163000000000054
L1MAXMIN|BR|GAUSSIAN,prep-left-turn,W_N,<10-Y/R,LOW  SPEED,NO  PEDESTRIAN,  RL  >  2,acts-2,N,782,58,40.373667,0.027992000000000017
L1MAXMIN|BR|GAUSSIAN,prep-left-turn,W_N,<10-Y/R,LOW  SPEED,NO  PEDESTRIAN,  RL  >  2,acts-2,N,782,58,41.374667,0.032577999999999996
L1MAXMIN|BR|GAUSSIAN,prep-left-turn,W_N,<10-Y/R,LOW  SPEED,NO  PEDESTRIAN,  RL  >  2,acts-2,N,782,58,42.375667,0.03819499999999998
L1MAXMIN|BR|GAUSSIAN,prep-left-turn,W_N,<10-Y/R,LOW  SPEED,NO  PEDESTRIAN,  RL  >  2,acts-2,N,782,58,43.376667,0.03418699999999997
L1MAXMIN|BR|GAUSSIAN,prep-left-turn,W_N,<10-Y/R,LOW  SPEED,NO  PEDESTRIAN,  RL  >  2,acts-2,N,782,58,44.377667,0.029980000000000007
L1MAXMIN|BR|GAUSSIAN,prep-left-turn,W_N,<10-Y/R,LOW  SPEED,NO  PEDESTRIAN,  RL  >  2,acts-2,Y,782,58,45.378667,0.004769999999999941
L1MAXMIN|BR|GAUSSIAN,prep-left-turn,W_N,<10-G,LOW  SPEED,NO  PEDESTRIAN,  RL  <EQ  2,acts-3,N,782,230,239.906333,0.0005950000000000122
L1MAXMIN|BR|GAUSSIAN,prep-left-turn,W_N,<10-G,LOW  SPEED,NO  PEDESTRIAN,  RL  <EQ  2,acts-3,Y,782,230,240.907333,0.0008859999999999424
L1MAXMIN|BR|GAUSSIAN,prep-left-turn,W_N,<10-G,LOW  SPEED,NO  PEDESTRIAN,  RL  <EQ  2,acts-3,Y,782,230,241.908333,6.899999999998574e-05
L1MAXMIN|BR|GAUSSIAN,prep-left-turn,W_N,<10-G,LOW  SPEED,NO  PEDESTRIAN,  RL  >  2,acts-2,Y,782,58,36.369667,0.028853999999999935
L1MAXMIN|BR|GAUSSIAN,prep-left-turn,W_N,<10-G,LOW  SPEED,NO  PEDESTRIAN,  RL  >  2,acts-2,N,782,58,37.370667,0.029133999999999993
L1MAXMIN|BR|GAUSSIAN,prep-left-turn,W_N,<10-G,LOW  SPEED,NO  PEDESTRIAN,  RL  >  2,acts-2,N,782,58,38.371667,0.029000000000000026
L1MAXMIN|BR|GAUSSIAN,prep-left-turn,W_N,<10-G,LOW  SPEED,NO  PEDESTRIAN,  RL  >  2,acts-2,N,782,58,39.372667,0.034163000000000054
L1MAXMIN|BR|GAUSSIAN,prep-left-turn,W_N,<10-G,LOW  SPEED,NO  PEDESTRIAN,  RL  >  2,acts-2,N,782,58,40.373667,0.027992000000000017
L1MAXMIN|BR|GAUSSIAN,prep-left-turn,W_N,<10-G,LOW  SPEED,NO  PEDESTRIAN,  RL  >  2,acts-2,N,782,58,41.374667,0.032577999999999996
L1MAXMIN|BR|GAUSSIAN,prep-left-turn,W_N,<10-G,LOW  SPEED,NO  PEDESTRIAN,  RL  >  2,acts-2,N,782,58,42.375667,0.03819499999999998
L1MAXMIN|BR|GAUSSIAN,prep-left-turn,W_N,<10-G,LOW  SPEED,NO  PEDESTRIAN,  RL  >  2,acts-2,N,782,58,43.376667,0.03418699999999997
L1MAXMIN|BR|GAUSSIAN,prep-left-turn,W_N,<10-G,LOW  SPEED,NO  PEDESTRIAN,  RL  >  2,acts-2,N,782,58,44.377667,0.029980000000000007
L1MAXMIN|BR|GAUSSIAN,prep-left-turn,W_N,<10-G,LOW  SPEED,NO  PEDESTRIAN,  RL  >  2,acts-2,Y,782,58,45.378667,0.004769999999999941
L1MAXMIN|BR|GAUSSIAN,prep-left-turn,W_N,>EQ  10-Y/R,LOW  SPEED,NO  PEDESTRIAN,RL  0,acts-2,Y,782,17,8.008,0
L1MAXMIN|BR|GAUSSIAN,prep-left-turn,W_N,>EQ  10-Y/R,LOW  SPEED,NO  PEDESTRIAN,RL  0,acts-2,Y,782,17,9.009,0
L1MAXMIN|BR|GAUSSIAN,prep-left-turn,W_N,>EQ  10-Y/R,LOW  SPEED,NO  PEDESTRIAN,  RL  <EQ  2,acts-2,N,782,181,221.7215,0.38999799999999996
L1MAXMIN|BR|GAUSSIAN,prep-left-turn,W_N,>EQ  10-Y/R,LOW  SPEED,NO  PEDESTRIAN,  RL  <EQ  2,acts-2,Y,782,181,222.7225,0.28336300000000003
L1MAXMIN|BR|GAUSSIAN,prep-left-turn,W_N,>EQ  10-Y/R,LOW  SPEED,NO  PEDESTRIAN,  RL  <EQ  2,acts-2,N,782,181,223.7235,0.31245500000000004
L1MAXMIN|BR|GAUSSIAN,prep-left-turn,W_N,>EQ  10-Y/R,LOW  SPEED,NO  PEDESTRIAN,  RL  >  2,acts-2,N,782,138,113.113,0.02989199999999992
L1MAXMIN|BR|GAUSSIAN,prep-left-turn,W_N,>EQ  10-Y/R,LOW  SPEED,NO  PEDESTRIAN,  RL  >  2,acts-2,N,782,138,114.114,0.029969000000000023
L1MAXMIN|BR|GAUSSIAN,prep-left-turn,W_N,>EQ  10-Y/R,LOW  SPEED,NO  PEDESTRIAN,  RL  >  2,acts-2,N,782,138,115.115,0.02913499999999991
L1MAXMIN|BR|GAUSSIAN,prep-left-turn,W_N,>EQ  10-Y/R,LOW  SPEED,NO  PEDESTRIAN,  RL  >  2,acts-2,N,782,138,116.116,0.047124000000000055
L1MAXMIN|BR|GAUSSIAN,prep-left-turn,W_N,>EQ  10-Y/R,LOW  SPEED,NO  PEDESTRIAN,  RL  >  2,acts-2,N,782,138,117.117,0
L1MAXMIN|BR|GAUSSIAN,prep-left-turn,W_N,>EQ  10-Y/R,LOW  SPEED,NO  PEDESTRIAN,  RL  >  2,acts-2,N,782,138,118.118,0.029631000000000074
L1MAXMIN|BR|GAUSSIAN,prep-left-turn,W_N,>EQ  10-Y/R,LOW  SPEED,NO  PEDESTRIAN,  RL  >  2,acts-2,N,782,138,119.119,0.05541600000000002
L1MAXMIN|BR|GAUSSIAN,prep-left-turn,W_N,>EQ  10-Y/R,LOW  SPEED,NO  PEDESTRIAN,  RL  >  2,acts-2,N,782,138,120.12,0
L1MAXMIN|BR|GAUSSIAN,prep-left-turn,W_N,>EQ  10-G,LOW  SPEED,NO  PEDESTRIAN,RL  0,acts-2,Y,782,17,8.008,0
L1MAXMIN|BR|GAUSSIAN,prep-left-turn,W_N,>EQ  10-G,LOW  SPEED,NO  PEDESTRIAN,RL  0,acts-2,Y,782,17,9.009,0
L1MAXMIN|BR|GAUSSIAN,prep-left-turn,W_N,>EQ  10-G,LOW  SPEED,NO  PEDESTRIAN,  RL  <EQ  2,acts-2,N,782,181,221.7215,0.38999799999999996
L1MAXMIN|BR|GAUSSIAN,prep-left-turn,W_N,>EQ  10-G,LOW  SPEED,NO  PEDESTRIAN,  RL  <EQ  2,acts-2,Y,782,181,222.7225,0.28336300000000003
L1MAXMIN|BR|GAUSSIAN,prep-left-turn,W_N,>EQ  10-G,LOW  SPEED,NO  PEDESTRIAN,  RL  <EQ  2,acts-2,N,782,181,223.7235,0.31245500000000004
L1MAXMIN|BR|GAUSSIAN,prep-left-turn,W_N,>EQ  10-G,LOW  SPEED,NO  PEDESTRIAN,  RL  >  2,acts-2,N,782,138,113.113,0.02989199999999992
L1MAXMIN|BR|GAUSSIAN,prep-left-turn,W_N,>EQ  10-G,LOW  SPEED,NO  PEDESTRIAN,  RL  >  2,acts-2,N,782,138,114.114,0.029969000000000023
L1MAXMIN|BR|GAUSSIAN,prep-left-turn,W_N,>EQ  10-G,LOW  SPEED,NO  PEDESTRIAN,  RL  >  2,acts-2,N,782,138,115.115,0.02913499999999991
L1MAXMIN|BR|GAUSSIAN,prep-left-turn,W_N,>EQ  10-G,LOW  SPEED,NO  PEDESTRIAN,  RL  >  2,acts-2,N,782,138,116.116,0.047124000000000055
L1MAXMIN|BR|GAUSSIAN,prep-left-turn,W_N,>EQ  10-G,LOW  SPEED,NO  PEDESTRIAN,  RL  >  2,acts-2,N,782,138,117.117,0
L1MAXMIN|BR|GAUSSIAN,prep-left-turn,W_N,>EQ  10-G,LOW  SPEED,NO  PEDESTRIAN,  RL  >  2,acts-2,N,782,138,118.118,0.029631000000000074
L1MAXMIN|BR|GAUSSIAN,prep-left-turn,W_N,>EQ  10-G,LOW  SPEED,NO  PEDESTRIAN,  RL  >  2,acts-2,N,782,138,119.119,0.05541600000000002
L1MAXMIN|BR|GAUSSIAN,prep-left-turn,W_N,>EQ  10-G,LOW  SPEED,NO  PEDESTRIAN,  RL  >  2,acts-2,N,782,138,120.12,0
L1MAXMIN|BR|GAUSSIAN,prep-left-turn,E_S,<10-Y/R,LOW  SPEED,NO  PEDESTRIAN,RL  0,acts-2,N,782,75,131.6315,0.03154099999999993
L1MAXMIN|BR|GAUSSIAN,prep-left-turn,E_S,<10-Y/R,LOW  SPEED,NO  PEDESTRIAN,RL  0,acts-2,N,782,75,132.6325,0.02735399999999999
L1MAXMIN|BR|GAUSSIAN,prep-left-turn,E_S,<10-Y/R,LOW  SPEED,NO  PEDESTRIAN,RL  0,acts-2,Y,782,75,133.6335,0.00034400000000001096
L1MAXMIN|BR|GAUSSIAN,prep-left-turn,E_S,<10-Y/R,LOW  SPEED,NO  PEDESTRIAN,RL  0,acts-2,N,782,75,134.6345,0.0019479999999999498
L1MAXMIN|BR|GAUSSIAN,prep-left-turn,E_S,<10-Y/R,LOW  SPEED,NO  PEDESTRIAN,RL  0,acts-2,Y,782,75,135.6355,0
L1MAXMIN|BR|GAUSSIAN,prep-left-turn,E_S,<10-G,LOW  SPEED,NO  PEDESTRIAN,RL  0,acts-2,N,782,75,131.6315,0.03154099999999993
L1MAXMIN|BR|GAUSSIAN,prep-left-turn,E_S,<10-G,LOW  SPEED,NO  PEDESTRIAN,RL  0,acts-2,N,782,75,132.6325,0.02735399999999999
L1MAXMIN|BR|GAUSSIAN,prep-left-turn,E_S,<10-G,LOW  SPEED,NO  PEDESTRIAN,RL  0,acts-2,Y,782,75,133.6335,0.00034400000000001096
L1MAXMIN|BR|GAUSSIAN,prep-left-turn,E_S,<10-G,LOW  SPEED,NO  PEDESTRIAN,RL  0,acts-2,N,782,75,134.6345,0.0019479999999999498
L1MAXMIN|BR|GAUSSIAN,prep-left-turn,E_S,<10-G,LOW  SPEED,NO  PEDESTRIAN,RL  0,acts-2,Y,782,75,135.6355,0
L1MAXMIN|BR|GAUSSIAN,prep-left-turn,E_S,>EQ  10-Y/R,LOW  SPEED,PEDESTRIAN,RL  0,acts-1,Y,782,13,8.008,0
L1MAXMIN|BR|GAUSSIAN,prep-left-turn,E_S,>EQ  10-Y/R,LOW  SPEED,PEDESTRIAN,RL  0,acts-1,N,782,75,122.6225,0.036493
L1MAXMIN|BR|GAUSSIAN,prep-left-turn,E_S,>EQ  10-Y/R,LOW  SPEED,PEDESTRIAN,RL  0,acts-1,N,782,75,122.6225,0.03699599999999992
L1MAXMIN|BR|GAUSSIAN,prep-left-turn,E_S,>EQ  10-Y/R,LOW  SPEED,PEDESTRIAN,RL  0,acts-1,N,782,75,123.6235,0.040073000000000025
L1MAXMIN|BR|GAUSSIAN,prep-left-turn,E_S,>EQ  10-Y/R,LOW  SPEED,PEDESTRIAN,RL  0,acts-1,N,782,75,123.6235,0.039993999999999974
L1MAXMIN|BR|GAUSSIAN,prep-left-turn,E_S,>EQ  10-Y/R,LOW  SPEED,PEDESTRIAN,RL  0,acts-1,N,782,75,124.6245,0.04170200000000002
L1MAXMIN|BR|GAUSSIAN,prep-left-turn,E_S,>EQ  10-Y/R,LOW  SPEED,PEDESTRIAN,RL  0,acts-1,N,782,75,124.6245,0.04105000000000003
L1MAXMIN|BR|GAUSSIAN,prep-left-turn,E_S,>EQ  10-Y/R,LOW  SPEED,PEDESTRIAN,  RL  <EQ  2,acts-1,Y,782,46,33.5335,0.060269999999999935
L1MAXMIN|BR|GAUSSIAN,prep-left-turn,E_S,>EQ  10-Y/R,LOW  SPEED,PEDESTRIAN,  RL  <EQ  2,acts-1,Y,782,46,33.5335,0.05316799999999999
L1MAXMIN|BR|GAUSSIAN,prep-left-turn,E_S,>EQ  10-Y/R,LOW  SPEED,PEDESTRIAN,  RL  <EQ  2,acts-1,N,782,46,34.5345,0.013445999999999958
L1MAXMIN|BR|GAUSSIAN,prep-left-turn,E_S,>EQ  10-Y/R,LOW  SPEED,PEDESTRIAN,  RL  <EQ  2,acts-1,N,782,46,34.5345,0.007892999999999928
L1MAXMIN|BR|GAUSSIAN,prep-left-turn,E_S,>EQ  10-Y/R,LOW  SPEED,PEDESTRIAN,  RL  <EQ  2,acts-1,Y,782,75,120.6205,0
L1MAXMIN|BR|GAUSSIAN,prep-left-turn,E_S,>EQ  10-Y/R,LOW  SPEED,PEDESTRIAN,  RL  >  2,acts-1,Y,782,46,32.5325,0.03143600000000002
L1MAXMIN|BR|GAUSSIAN,prep-left-turn,E_S,>EQ  10-Y/R,LOW  SPEED,PEDESTRIAN,  RL  >  2,acts-1,Y,782,46,32.5325,0.03144100000000005
L1MAXMIN|BR|GAUSSIAN,prep-left-turn,E_S,>EQ  10-Y/R,LOW  SPEED,PEDESTRIAN,  RL  >  2,acts-1,N,782,75,109.6095,0.040286000000000044
L1MAXMIN|BR|GAUSSIAN,prep-left-turn,E_S,>EQ  10-Y/R,LOW  SPEED,PEDESTRIAN,  RL  >  2,acts-1,N,782,75,109.6095,0.04041899999999998
L1MAXMIN|BR|GAUSSIAN,prep-left-turn,E_S,>EQ  10-Y/R,LOW  SPEED,PEDESTRIAN,  RL  >  2,acts-1,N,782,75,110.6105,0.03557100000000002
L1MAXMIN|BR|GAUSSIAN,prep-left-turn,E_S,>EQ  10-Y/R,LOW  SPEED,PEDESTRIAN,  RL  >  2,acts-1,N,782,75,110.6105,0.035428000000000015
L1MAXMIN|BR|GAUSSIAN,prep-left-turn,E_S,>EQ  10-Y/R,LOW  SPEED,PEDESTRIAN,  RL  >  2,acts-1,N,782,75,111.6115,0
L1MAXMIN|BR|GAUSSIAN,prep-left-turn,E_S,>EQ  10-Y/R,LOW  SPEED,PEDESTRIAN,  RL  >  2,acts-1,Y,782,75,112.6125,0.035797999999999996
L1MAXMIN|BR|GAUSSIAN,prep-left-turn,E_S,>EQ  10-Y/R,LOW  SPEED,PEDESTRIAN,  RL  >  2,acts-1,Y,782,75,112.6125,0.03613099999999991
L1MAXMIN|BR|GAUSSIAN,prep-left-turn,E_S,>EQ  10-Y/R,LOW  SPEED,PEDESTRIAN,  RL  >  2,acts-1,N,782,75,113.6135,0.036993000000000054
L1MAXMIN|BR|GAUSSIAN,prep-left-turn,E_S,>EQ  10-Y/R,LOW  SPEED,PEDESTRIAN,  RL  >  2,acts-1,N,782,75,113.6135,0.03714700000000004
L1MAXMIN|BR|GAUSSIAN,prep-left-turn,E_S,>EQ  10-Y/R,LOW  SPEED,PEDESTRIAN,  RL  >  2,acts-1,N,782,75,114.6145,0.036627999999999994
L1MAXMIN|BR|GAUSSIAN,prep-left-turn,E_S,>EQ  10-Y/R,LOW  SPEED,PEDESTRIAN,  RL  >  2,acts-1,N,782,75,114.6145,0.036605999999999916
L1MAXMIN|BR|GAUSSIAN,prep-left-turn,E_S,>EQ  10-Y/R,LOW  SPEED,PEDESTRIAN,  RL  >  2,acts-1,N,782,75,115.6155,0.04722800000000005
L1MAXMIN|BR|GAUSSIAN,prep-left-turn,E_S,>EQ  10-Y/R,LOW  SPEED,PEDESTRIAN,  RL  >  2,acts-1,N,782,75,115.6155,0.049271000000000065
L1MAXMIN|BR|GAUSSIAN,prep-left-turn,E_S,>EQ  10-Y/R,LOW  SPEED,PEDESTRIAN,  RL  >  2,acts-1,N,782,75,116.6165,0.03711599999999993
L1MAXMIN|BR|GAUSSIAN,prep-left-turn,E_S,>EQ  10-Y/R,LOW  SPEED,PEDESTRIAN,  RL  >  2,acts-1,N,782,75,116.6165,0.03685399999999994
L1MAXMIN|BR|GAUSSIAN,prep-left-turn,E_S,>EQ  10-Y/R,LOW  SPEED,PEDESTRIAN,  RL  >  2,acts-1,N,782,75,117.6175,0.03145100000000001
L1MAXMIN|BR|GAUSSIAN,prep-left-turn,E_S,>EQ  10-Y/R,LOW  SPEED,PEDESTRIAN,  RL  >  2,acts-1,N,782,75,117.6175,0.053093999999999975
L1MAXMIN|BR|GAUSSIAN,prep-left-turn,E_S,>EQ  10-Y/R,LOW  SPEED,PEDESTRIAN,  RL  >  2,acts-1,N,782,75,118.6185,0.07256799999999997
L1MAXMIN|BR|GAUSSIAN,prep-left-turn,E_S,>EQ  10-Y/R,LOW  SPEED,PEDESTRIAN,  RL  >  2,acts-1,N,782,75,118.6185,0.07256799999999997
L1MAXMIN|BR|GAUSSIAN,prep-left-turn,E_S,>EQ  10-Y/R,LOW  SPEED,PEDESTRIAN,  RL  >  2,acts-1,N,782,75,119.6195,0.08121999999999996
L1MAXMIN|BR|GAUSSIAN,prep-left-turn,E_S,>EQ  10-Y/R,LOW  SPEED,PEDESTRIAN,  RL  >  2,acts-1,N,782,75,119.6195,0.08962599999999998
L1MAXMIN|BR|GAUSSIAN,prep-left-turn,E_S,>EQ  10-Y/R,LOW  SPEED,NO  PEDESTRIAN,RL  0,acts-2,Y,782,141,209.375833,0
L1MAXMIN|BR|GAUSSIAN,prep-left-turn,E_S,>EQ  10-Y/R,LOW  SPEED,NO  PEDESTRIAN,RL  0,acts-2,Y,782,141,210.376833,0.004942000000000002
L1MAXMIN|BR|GAUSSIAN,prep-left-turn,E_S,>EQ  10-Y/R,LOW  SPEED,NO  PEDESTRIAN,RL  0,acts-2,N,782,172,216.382833,0.04097300000000004
L1MAXMIN|BR|GAUSSIAN,prep-left-turn,E_S,>EQ  10-G,LOW  SPEED,PEDESTRIAN,RL  0,acts-1,Y,782,13,8.008,0
L1MAXMIN|BR|GAUSSIAN,prep-left-turn,E_S,>EQ  10-G,LOW  SPEED,PEDESTRIAN,RL  0,acts-1,N,782,75,122.6225,0.036493
L1MAXMIN|BR|GAUSSIAN,prep-left-turn,E_S,>EQ  10-G,LOW  SPEED,PEDESTRIAN,RL  0,acts-1,N,782,75,122.6225,0.03699599999999992
L1MAXMIN|BR|GAUSSIAN,prep-left-turn,E_S,>EQ  10-G,LOW  SPEED,PEDESTRIAN,RL  0,acts-1,N,782,75,123.6235,0.040073000000000025
L1MAXMIN|BR|GAUSSIAN,prep-left-turn,E_S,>EQ  10-G,LOW  SPEED,PEDESTRIAN,RL  0,acts-1,N,782,75,123.6235,0.039993999999999974
L1MAXMIN|BR|GAUSSIAN,prep-left-turn,E_S,>EQ  10-G,LOW  SPEED,PEDESTRIAN,RL  0,acts-1,N,782,75,124.6245,0.04170200000000002
L1MAXMIN|BR|GAUSSIAN,prep-left-turn,E_S,>EQ  10-G,LOW  SPEED,PEDESTRIAN,RL  0,acts-1,N,782,75,124.6245,0.04105000000000003
L1MAXMIN|BR|GAUSSIAN,prep-left-turn,E_S,>EQ  10-G,LOW  SPEED,PEDESTRIAN,  RL  <EQ  2,acts-1,Y,782,46,33.5335,0.060269999999999935
L1MAXMIN|BR|GAUSSIAN,prep-left-turn,E_S,>EQ  10-G,LOW  SPEED,PEDESTRIAN,  RL  <EQ  2,acts-1,Y,782,46,33.5335,0.05316799999999999
L1MAXMIN|BR|GAUSSIAN,prep-left-turn,E_S,>EQ  10-G,LOW  SPEED,PEDESTRIAN,  RL  <EQ  2,acts-1,N,782,46,34.5345,0.013445999999999958
L1MAXMIN|BR|GAUSSIAN,prep-left-turn,E_S,>EQ  10-G,LOW  SPEED,PEDESTRIAN,  RL  <EQ  2,acts-1,N,782,46,34.5345,0.007892999999999928
L1MAXMIN|BR|GAUSSIAN,prep-left-turn,E_S,>EQ  10-G,LOW  SPEED,PEDESTRIAN,  RL  <EQ  2,acts-1,Y,782,75,120.6205,0
L1MAXMIN|BR|GAUSSIAN,prep-left-turn,E_S,>EQ  10-G,LOW  SPEED,PEDESTRIAN,  RL  >  2,acts-1,Y,782,46,32.5325,0.03143600000000002
L1MAXMIN|BR|GAUSSIAN,prep-left-turn,E_S,>EQ  10-G,LOW  SPEED,PEDESTRIAN,  RL  >  2,acts-1,Y,782,46,32.5325,0.03144100000000005
L1MAXMIN|BR|GAUSSIAN,prep-left-turn,E_S,>EQ  10-G,LOW  SPEED,PEDESTRIAN,  RL  >  2,acts-1,N,782,75,109.6095,0.040286000000000044
L1MAXMIN|BR|GAUSSIAN,prep-left-turn,E_S,>EQ  10-G,LOW  SPEED,PEDESTRIAN,  RL  >  2,acts-1,N,782,75,109.6095,0.04041899999999998
L1MAXMIN|BR|GAUSSIAN,prep-left-turn,E_S,>EQ  10-G,LOW  SPEED,PEDESTRIAN,  RL  >  2,acts-1,N,782,75,110.6105,0.03557100000000002
L1MAXMIN|BR|GAUSSIAN,prep-left-turn,E_S,>EQ  10-G,LOW  SPEED,PEDESTRIAN,  RL  >  2,acts-1,N,782,75,110.6105,0.035428000000000015
L1MAXMIN|BR|GAUSSIAN,prep-left-turn,E_S,>EQ  10-G,LOW  SPEED,PEDESTRIAN,  RL  >  2,acts-1,N,782,75,111.6115,0
L1MAXMIN|BR|GAUSSIAN,prep-left-turn,E_S,>EQ  10-G,LOW  SPEED,PEDESTRIAN,  RL  >  2,acts-1,Y,782,75,112.6125,0.035797999999999996
L1MAXMIN|BR|GAUSSIAN,prep-left-turn,E_S,>EQ  10-G,LOW  SPEED,PEDESTRIAN,  RL  >  2,acts-1,Y,782,75,112.6125,0.03613099999999991
L1MAXMIN|BR|GAUSSIAN,prep-left-turn,E_S,>EQ  10-G,LOW  SPEED,PEDESTRIAN,  RL  >  2,acts-1,N,782,75,113.6135,0.036993000000000054
L1MAXMIN|BR|GAUSSIAN,prep-left-turn,E_S,>EQ  10-G,LOW  SPEED,PEDESTRIAN,  RL  >  2,acts-1,N,782,75,113.6135,0.03714700000000004
L1MAXMIN|BR|GAUSSIAN,prep-left-turn,E_S,>EQ  10-G,LOW  SPEED,PEDESTRIAN,  RL  >  2,acts-1,N,782,75,114.6145,0.036627999999999994
L1MAXMIN|BR|GAUSSIAN,prep-left-turn,E_S,>EQ  10-G,LOW  SPEED,PEDESTRIAN,  RL  >  2,acts-1,N,782,75,114.6145,0.036605999999999916
L1MAXMIN|BR|GAUSSIAN,prep-left-turn,E_S,>EQ  10-G,LOW  SPEED,PEDESTRIAN,  RL  >  2,acts-1,N,782,75,115.6155,0.04722800000000005
L1MAXMIN|BR|GAUSSIAN,prep-left-turn,E_S,>EQ  10-G,LOW  SPEED,PEDESTRIAN,  RL  >  2,acts-1,N,782,75,115.6155,0.049271000000000065
L1MAXMIN|BR|GAUSSIAN,prep-left-turn,E_S,>EQ  10-G,LOW  SPEED,PEDESTRIAN,  RL  >  2,acts-1,N,782,75,116.6165,0.03711599999999993
L1MAXMIN|BR|GAUSSIAN,prep-left-turn,E_S,>EQ  10-G,LOW  SPEED,PEDESTRIAN,  RL  >  2,acts-1,N,782,75,116.6165,0.03685399999999994
L1MAXMIN|BR|GAUSSIAN,prep-left-turn,E_S,>EQ  10-G,LOW  SPEED,PEDESTRIAN,  RL  >  2,acts-1,N,782,75,117.6175,0.03145100000000001
L1MAXMIN|BR|GAUSSIAN,prep-left-turn,E_S,>EQ  10-G,LOW  SPEED,PEDESTRIAN,  RL  >  2,acts-1,N,782,75,117.6175,0.053093999999999975
L1MAXMIN|BR|GAUSSIAN,prep-left-turn,E_S,>EQ  10-G,LOW  SPEED,PEDESTRIAN,  RL  >  2,acts-1,N,782,75,118.6185,0.07256799999999997
L1MAXMIN|BR|GAUSSIAN,prep-left-turn,E_S,>EQ  10-G,LOW  SPEED,PEDESTRIAN,  RL  >  2,acts-1,N,782,75,118.6185,0.07256799999999997
L1MAXMIN|BR|GAUSSIAN,prep-left-turn,E_S,>EQ  10-G,LOW  SPEED,PEDESTRIAN,  RL  >  2,acts-1,N,782,75,119.6195,0.08121999999999996
L1MAXMIN|BR|GAUSSIAN,prep-left-turn,E_S,>EQ  10-G,LOW  SPEED,PEDESTRIAN,  RL  >  2,acts-1,N,782,75,119.6195,0.08962599999999998
L1MAXMIN|BR|GAUSSIAN,prep-left-turn,E_S,>EQ  10-G,LOW  SPEED,NO  PEDESTRIAN,RL  0,acts-2,Y,782,141,209.375833,0
L1MAXMIN|BR|GAUSSIAN,prep-left-turn,E_S,>EQ  10-G,LOW  SPEED,NO  PEDESTRIAN,RL  0,acts-2,Y,782,141,210.376833,0.004942000000000002
L1MAXMIN|BR|GAUSSIAN,prep-left-turn,E_S,>EQ  10-G,LOW  SPEED,NO  PEDESTRIAN,RL  0,acts-2,N,782,172,216.382833,0.04097300000000004
L1MAXMIN|BR|GAUSSIAN,exec-left-turn,S_W,<10-Y/R,LOW  SPEED,PEDESTRIAN,RL  0,acts-4,Y,782,103,103.103,0.0072229999999999794
L1MAXMIN|BR|GAUSSIAN,exec-left-turn,S_W,<10-Y/R,LOW  SPEED,PEDESTRIAN,RL  0,acts-4,Y,782,103,104.104,0
L1MAXMIN|BR|GAUSSIAN,exec-left-turn,S_W,<10-Y/R,LOW  SPEED,NO  PEDESTRIAN,RL  0,acts-5,Y,782,14,1.001,0.018847999999999976
L1MAXMIN|BR|GAUSSIAN,exec-left-turn,S_W,<10-Y/R,LOW  SPEED,NO  PEDESTRIAN,RL  0,acts-5,Y,782,14,2.002,0
L1MAXMIN|BR|GAUSSIAN,exec-left-turn,S_W,<10-Y/R,LOW  SPEED,NO  PEDESTRIAN,RL  0,acts-5,Y,782,14,3.003,0
L1MAXMIN|BR|GAUSSIAN,exec-left-turn,S_W,<10-Y/R,LOW  SPEED,NO  PEDESTRIAN,RL  0,acts-5,Y,782,14,4.004,0
L1MAXMIN|BR|GAUSSIAN,exec-left-turn,S_W,<10-Y/R,LOW  SPEED,NO  PEDESTRIAN,RL  0,acts-5,Y,782,197,200.7005,0.0010890000000000066
L1MAXMIN|BR|GAUSSIAN,exec-left-turn,S_W,<10-Y/R,LOW  SPEED,NO  PEDESTRIAN,  RL  <EQ  2,acts-5,Y,782,14,0,0
L1MAXMIN|BR|GAUSSIAN,exec-left-turn,S_W,<10-Y/R,MEDIUM  SPEED,PEDESTRIAN,RL  0,acts-4,Y,782,103,105.105,0
L1MAXMIN|BR|GAUSSIAN,exec-left-turn,S_W,<10-Y/R,MEDIUM  SPEED,NO  PEDESTRIAN,RL  0,acts-5,Y,782,14,5.005,0
L1MAXMIN|BR|GAUSSIAN,exec-left-turn,S_W,<10-Y/R,MEDIUM  SPEED,NO  PEDESTRIAN,RL  0,acts-5,Y,782,197,201.7015,0
L1MAXMIN|BR|GAUSSIAN,exec-left-turn,S_W,>EQ  10-Y/R,LOW  SPEED,PEDESTRIAN,RL  0,acts-1,Y,782,38,56.723333,0
L1MAXMIN|BR|GAUSSIAN,exec-left-turn,S_W,>EQ  10-Y/R,MEDIUM  SPEED,PEDESTRIAN,RL  0,acts-1,Y,782,38,57.724333,0
L1MAXMIN|BR|GAUSSIAN,exec-left-turn,S_W,>EQ  10-G,LOW  SPEED,PEDESTRIAN,RL  0,acts-1,Y,782,38,56.723333,0
L1MAXMIN|BR|GAUSSIAN,exec-left-turn,S_W,>EQ  10-G,MEDIUM  SPEED,PEDESTRIAN,RL  0,acts-1,Y,782,38,57.724333,0
L1MAXMIN|BR|GAUSSIAN,exec-left-turn,N_E,<10-Y/R,LOW  SPEED,NO  PEDESTRIAN,RL  0,acts-5,Y,782,11,0,0
L1MAXMIN|BR|GAUSSIAN,exec-left-turn,N_E,<10-Y/R,LOW  SPEED,NO  PEDESTRIAN,RL  0,acts-5,Y,782,11,1.001,6.399999999995298e-05
L1MAXMIN|BR|GAUSSIAN,exec-left-turn,N_E,<10-Y/R,LOW  SPEED,NO  PEDESTRIAN,RL  0,acts-5,Y,782,11,2.002,0.007041999999999993
L1MAXMIN|BR|GAUSSIAN,exec-left-turn,N_E,<10-Y/R,LOW  SPEED,NO  PEDESTRIAN,RL  0,acts-5,Y,782,117,102.435667,0.0029689999999999994
L1MAXMIN|BR|GAUSSIAN,exec-left-turn,N_E,<10-Y/R,LOW  SPEED,NO  PEDESTRIAN,RL  0,acts-2,N,782,63,90.256833,0.056332999999999966
L1MAXMIN|BR|GAUSSIAN,exec-left-turn,N_E,<10-Y/R,LOW  SPEED,NO  PEDESTRIAN,RL  0,acts-2,N,782,63,91.257833,0.054203
L1MAXMIN|BR|GAUSSIAN,exec-left-turn,N_E,<10-Y/R,LOW  SPEED,NO  PEDESTRIAN,RL  0,acts-2,Y,782,63,92.258833,0
L1MAXMIN|BR|GAUSSIAN,exec-left-turn,N_E,<10-Y/R,LOW  SPEED,NO  PEDESTRIAN,RL  0,acts-2,Y,782,63,93.259833,0
L1MAXMIN|BR|GAUSSIAN,exec-left-turn,N_E,<10-Y/R,LOW  SPEED,NO  PEDESTRIAN,RL  0,acts-2,Y,782,63,94.260833,0
L1MAXMIN|BR|GAUSSIAN,exec-left-turn,N_E,<10-Y/R,LOW  SPEED,NO  PEDESTRIAN,RL  0,acts-2,Y,782,63,95.261833,0
L1MAXMIN|BR|GAUSSIAN,exec-left-turn,N_E,<10-Y/R,LOW  SPEED,NO  PEDESTRIAN,RL  0,acts-2,Y,782,63,96.262833,0
L1MAXMIN|BR|GAUSSIAN,exec-left-turn,N_E,<10-Y/R,LOW  SPEED,NO  PEDESTRIAN,RL  0,acts-2,Y,782,63,97.263833,0.0017209999999999726
L1MAXMIN|BR|GAUSSIAN,exec-left-turn,N_E,<10-Y/R,LOW  SPEED,NO  PEDESTRIAN,RL  0,acts-2,Y,782,63,98.264833,0
L1MAXMIN|BR|GAUSSIAN,exec-left-turn,N_E,<10-Y/R,LOW  SPEED,NO  PEDESTRIAN,RL  0,acts-2,Y,782,100,99.432667,0.0015570000000000306
L1MAXMIN|BR|GAUSSIAN,exec-left-turn,N_E,<10-Y/R,MEDIUM  SPEED,NO  PEDESTRIAN,RL  0,acts-5,Y,782,11,3.003,0
L1MAXMIN|BR|GAUSSIAN,exec-left-turn,N_E,<10-Y/R,MEDIUM  SPEED,NO  PEDESTRIAN,RL  0,acts-5,Y,782,100,100.433667,0.003936000000000051
L1MAXMIN|BR|GAUSSIAN,exec-left-turn,N_E,<10-Y/R,MEDIUM  SPEED,NO  PEDESTRIAN,RL  0,acts-5,Y,782,100,101.434667,0
L1MAXMIN|BR|GAUSSIAN,exec-left-turn,N_E,<10-Y/R,MEDIUM  SPEED,NO  PEDESTRIAN,RL  0,acts-5,Y,782,117,103.436667,0
L1MAXMIN|BR|GAUSSIAN,exec-left-turn,N_E,<10-Y/R,MEDIUM  SPEED,NO  PEDESTRIAN,RL  0,acts-5,Y,782,117,104.437667,0.0007979999999999654
L1MAXMIN|BR|GAUSSIAN,exec-left-turn,N_E,<10-Y/R,MEDIUM  SPEED,NO  PEDESTRIAN,RL  0,acts-5,N,782,215,199.032167,0
L1MAXMIN|BR|GAUSSIAN,exec-left-turn,N_E,<10-Y/R,MEDIUM  SPEED,NO  PEDESTRIAN,RL  0,acts-5,Y,782,215,200.033167,0.006269999999999998
L1MAXMIN|BR|GAUSSIAN,exec-left-turn,N_E,<10-Y/R,MEDIUM  SPEED,NO  PEDESTRIAN,RL  0,acts-5,Y,782,215,201.034167,0
L1MAXMIN|BR|GAUSSIAN,exec-left-turn,N_E,<10-Y/R,MEDIUM  SPEED,NO  PEDESTRIAN,RL  0,acts-2,Y,782,63,99.265833,0.0011649999999999716
L1MAXMIN|BR|GAUSSIAN,exec-left-turn,N_E,<10-G,LOW  SPEED,NO  PEDESTRIAN,RL  0,acts-2,N,782,63,90.256833,0.056332999999999966
L1MAXMIN|BR|GAUSSIAN,exec-left-turn,N_E,<10-G,LOW  SPEED,NO  PEDESTRIAN,RL  0,acts-2,N,782,63,91.257833,0.054203
L1MAXMIN|BR|GAUSSIAN,exec-left-turn,N_E,<10-G,LOW  SPEED,NO  PEDESTRIAN,RL  0,acts-2,Y,782,63,92.258833,0
L1MAXMIN|BR|GAUSSIAN,exec-left-turn,N_E,<10-G,LOW  SPEED,NO  PEDESTRIAN,RL  0,acts-2,Y,782,63,93.259833,0
L1MAXMIN|BR|GAUSSIAN,exec-left-turn,N_E,<10-G,LOW  SPEED,NO  PEDESTRIAN,RL  0,acts-2,Y,782,63,94.260833,0
L1MAXMIN|BR|GAUSSIAN,exec-left-turn,N_E,<10-G,LOW  SPEED,NO  PEDESTRIAN,RL  0,acts-2,Y,782,63,95.261833,0
L1MAXMIN|BR|GAUSSIAN,exec-left-turn,N_E,<10-G,LOW  SPEED,NO  PEDESTRIAN,RL  0,acts-2,Y,782,63,96.262833,0
L1MAXMIN|BR|GAUSSIAN,exec-left-turn,N_E,<10-G,LOW  SPEED,NO  PEDESTRIAN,RL  0,acts-2,Y,782,63,97.263833,0.0017209999999999726
L1MAXMIN|BR|GAUSSIAN,exec-left-turn,N_E,<10-G,LOW  SPEED,NO  PEDESTRIAN,RL  0,acts-2,Y,782,63,98.264833,0
L1MAXMIN|BR|GAUSSIAN,exec-left-turn,N_E,<10-G,LOW  SPEED,NO  PEDESTRIAN,RL  0,acts-2,Y,782,100,99.432667,0.0015570000000000306
L1MAXMIN|BR|GAUSSIAN,exec-left-turn,N_E,<10-G,MEDIUM  SPEED,NO  PEDESTRIAN,RL  0,acts-2,Y,782,63,99.265833,0.0011649999999999716
L1MAXMIN|BR|GAUSSIAN,exec-left-turn,N_E,>EQ  10-Y/R,LOW  SPEED,PEDESTRIAN,RL  0,acts-1,Y,782,63,74.240833,0.05937800000000004
L1MAXMIN|BR|GAUSSIAN,exec-left-turn,N_E,>EQ  10-Y/R,LOW  SPEED,PEDESTRIAN,RL  0,acts-1,Y,782,63,74.240833,0.060162999999999967
L1MAXMIN|BR|GAUSSIAN,exec-left-turn,N_E,>EQ  10-Y/R,LOW  SPEED,NO  PEDESTRIAN,RL  0,acts-2,Y,782,63,75.241833,0.045902
L1MAXMIN|BR|GAUSSIAN,exec-left-turn,N_E,>EQ  10-Y/R,LOW  SPEED,NO  PEDESTRIAN,RL  0,acts-2,N,782,63,76.242833,0.053895000000000026
L1MAXMIN|BR|GAUSSIAN,exec-left-turn,N_E,>EQ  10-Y/R,LOW  SPEED,NO  PEDESTRIAN,RL  0,acts-2,N,782,63,77.243833,0.05821699999999996
L1MAXMIN|BR|GAUSSIAN,exec-left-turn,N_E,>EQ  10-Y/R,LOW  SPEED,NO  PEDESTRIAN,RL  0,acts-2,N,782,63,78.244833,0.05700499999999997
L1MAXMIN|BR|GAUSSIAN,exec-left-turn,N_E,>EQ  10-Y/R,LOW  SPEED,NO  PEDESTRIAN,RL  0,acts-2,N,782,63,79.245833,0.05079100000000003
L1MAXMIN|BR|GAUSSIAN,exec-left-turn,N_E,>EQ  10-Y/R,LOW  SPEED,NO  PEDESTRIAN,RL  0,acts-2,N,782,63,80.246833,0.045306999999999986
L1MAXMIN|BR|GAUSSIAN,exec-left-turn,N_E,>EQ  10-Y/R,LOW  SPEED,NO  PEDESTRIAN,RL  0,acts-2,N,782,63,81.247833,0.04552199999999995
L1MAXMIN|BR|GAUSSIAN,exec-left-turn,N_E,>EQ  10-Y/R,LOW  SPEED,NO  PEDESTRIAN,RL  0,acts-2,N,782,63,82.248833,0.06006900000000004
L1MAXMIN|BR|GAUSSIAN,exec-left-turn,N_E,>EQ  10-Y/R,LOW  SPEED,NO  PEDESTRIAN,RL  0,acts-2,N,782,63,83.249833,0.05479999999999996
L1MAXMIN|BR|GAUSSIAN,exec-left-turn,N_E,>EQ  10-Y/R,LOW  SPEED,NO  PEDESTRIAN,RL  0,acts-2,N,782,63,84.250833,0.05704599999999993
L1MAXMIN|BR|GAUSSIAN,exec-left-turn,N_E,>EQ  10-Y/R,LOW  SPEED,NO  PEDESTRIAN,RL  0,acts-2,N,782,63,85.251833,0.053512000000000004
L1MAXMIN|BR|GAUSSIAN,exec-left-turn,N_E,>EQ  10-Y/R,LOW  SPEED,NO  PEDESTRIAN,RL  0,acts-2,N,782,63,86.252833,0.04259199999999996
L1MAXMIN|BR|GAUSSIAN,exec-left-turn,N_E,>EQ  10-Y/R,LOW  SPEED,NO  PEDESTRIAN,RL  0,acts-2,N,782,63,87.253833,0.05526900000000001
L1MAXMIN|BR|GAUSSIAN,exec-left-turn,N_E,>EQ  10-Y/R,LOW  SPEED,NO  PEDESTRIAN,RL  0,acts-2,N,782,63,88.254833,0.04453099999999999
L1MAXMIN|BR|GAUSSIAN,exec-left-turn,N_E,>EQ  10-Y/R,LOW  SPEED,NO  PEDESTRIAN,RL  0,acts-2,N,782,63,89.255833,0.061643
L1MAXMIN|BR|GAUSSIAN,exec-left-turn,N_E,>EQ  10-Y/R,LOW  SPEED,NO  PEDESTRIAN,RL  0,acts-2,Y,782,143,155.989167,0.005145000000000066
L1MAXMIN|BR|GAUSSIAN,exec-left-turn,N_E,>EQ  10-Y/R,LOW  SPEED,NO  PEDESTRIAN,RL  0,acts-2,Y,782,143,156.990167,0.005985999999999936
L1MAXMIN|BR|GAUSSIAN,exec-left-turn,N_E,>EQ  10-Y/R,LOW  SPEED,NO  PEDESTRIAN,RL  0,acts-2,Y,782,143,157.991167,0
L1MAXMIN|BR|GAUSSIAN,exec-left-turn,N_E,>EQ  10-Y/R,LOW  SPEED,NO  PEDESTRIAN,RL  0,acts-2,Y,782,143,158.992167,0.0024320000000001007
L1MAXMIN|BR|GAUSSIAN,exec-left-turn,N_E,>EQ  10-Y/R,LOW  SPEED,NO  PEDESTRIAN,RL  0,acts-2,Y,782,183,163.6635,0.06200399999999995
L1MAXMIN|BR|GAUSSIAN,exec-left-turn,N_E,>EQ  10-Y/R,LOW  SPEED,NO  PEDESTRIAN,RL  0,acts-2,Y,782,183,164.6645,0.06335500000000005
L1MAXMIN|BR|GAUSSIAN,exec-left-turn,N_E,>EQ  10-Y/R,LOW  SPEED,NO  PEDESTRIAN,RL  0,acts-2,N,782,183,165.6655,0.06306200000000006
L1MAXMIN|BR|GAUSSIAN,exec-left-turn,N_E,>EQ  10-Y/R,LOW  SPEED,NO  PEDESTRIAN,RL  0,acts-2,N,782,183,166.6665,0.04414499999999999
L1MAXMIN|BR|GAUSSIAN,exec-left-turn,N_E,>EQ  10-Y/R,LOW  SPEED,NO  PEDESTRIAN,RL  0,acts-2,N,782,183,167.6675,0.05894700000000008
L1MAXMIN|BR|GAUSSIAN,exec-left-turn,N_E,>EQ  10-Y/R,LOW  SPEED,NO  PEDESTRIAN,RL  0,acts-2,N,782,183,168.6685,0.058919000000000055
L1MAXMIN|BR|GAUSSIAN,exec-left-turn,N_E,>EQ  10-Y/R,LOW  SPEED,NO  PEDESTRIAN,RL  0,acts-2,N,782,183,169.6695,0.06038700000000008
L1MAXMIN|BR|GAUSSIAN,exec-left-turn,N_E,>EQ  10-Y/R,LOW  SPEED,NO  PEDESTRIAN,RL  0,acts-2,N,782,183,170.6705,0.055948
L1MAXMIN|BR|GAUSSIAN,exec-left-turn,N_E,>EQ  10-Y/R,LOW  SPEED,NO  PEDESTRIAN,RL  0,acts-2,N,782,183,173.6735,0.04999500000000001
L1MAXMIN|BR|GAUSSIAN,exec-left-turn,N_E,>EQ  10-Y/R,LOW  SPEED,NO  PEDESTRIAN,RL  0,acts-2,N,782,183,174.6745,0.04979600000000006
L1MAXMIN|BR|GAUSSIAN,exec-left-turn,N_E,>EQ  10-Y/R,LOW  SPEED,NO  PEDESTRIAN,RL  0,acts-2,N,782,183,175.6755,0.05472899999999992
L1MAXMIN|BR|GAUSSIAN,exec-left-turn,N_E,>EQ  10-Y/R,LOW  SPEED,NO  PEDESTRIAN,RL  0,acts-2,N,782,183,176.6765,0.048549000000000064
L1MAXMIN|BR|GAUSSIAN,exec-left-turn,N_E,>EQ  10-Y/R,LOW  SPEED,NO  PEDESTRIAN,RL  0,acts-2,N,782,183,177.6775,0.05271999999999999
L1MAXMIN|BR|GAUSSIAN,exec-left-turn,N_E,>EQ  10-Y/R,LOW  SPEED,NO  PEDESTRIAN,RL  0,acts-2,Y,782,183,178.6785,0
L1MAXMIN|BR|GAUSSIAN,exec-left-turn,N_E,>EQ  10-Y/R,LOW  SPEED,NO  PEDESTRIAN,RL  0,acts-2,Y,782,183,179.6795,0.00787199999999999
L1MAXMIN|BR|GAUSSIAN,exec-left-turn,N_E,>EQ  10-Y/R,LOW  SPEED,NO  PEDESTRIAN,RL  0,acts-2,Y,782,183,180.6805,0
L1MAXMIN|BR|GAUSSIAN,exec-left-turn,N_E,>EQ  10-Y/R,LOW  SPEED,NO  PEDESTRIAN,RL  0,acts-2,Y,782,183,181.6815,0.005970000000000031
L1MAXMIN|BR|GAUSSIAN,exec-left-turn,N_E,>EQ  10-Y/R,LOW  SPEED,NO  PEDESTRIAN,RL  0,acts-2,Y,782,183,182.6825,0
L1MAXMIN|BR|GAUSSIAN,exec-left-turn,N_E,>EQ  10-Y/R,LOW  SPEED,NO  PEDESTRIAN,RL  0,acts-2,Y,782,183,183.6835,0
L1MAXMIN|BR|GAUSSIAN,exec-left-turn,N_E,>EQ  10-Y/R,LOW  SPEED,NO  PEDESTRIAN,RL  0,acts-6,N,782,183,171.6715,0.041264999999999996
L1MAXMIN|BR|GAUSSIAN,exec-left-turn,N_E,>EQ  10-Y/R,LOW  SPEED,NO  PEDESTRIAN,RL  0,acts-6,N,782,183,172.6725,0.04632599999999998
L1MAXMIN|BR|GAUSSIAN,exec-left-turn,N_E,>EQ  10-Y/R,MEDIUM  SPEED,NO  PEDESTRIAN,RL  0,acts-2,Y,782,143,159.993167,0
L1MAXMIN|BR|GAUSSIAN,exec-left-turn,N_E,>EQ  10-Y/R,MEDIUM  SPEED,NO  PEDESTRIAN,RL  0,acts-2,Y,782,143,160.994167,0
L1MAXMIN|BR|GAUSSIAN,exec-left-turn,N_E,>EQ  10-Y/R,MEDIUM  SPEED,NO  PEDESTRIAN,RL  0,acts-2,Y,782,183,184.6845,0
L1MAXMIN|BR|GAUSSIAN,exec-left-turn,N_E,>EQ  10-Y/R,MEDIUM  SPEED,NO  PEDESTRIAN,RL  0,acts-2,Y,782,183,185.6855,0
L1MAXMIN|BR|GAUSSIAN,exec-left-turn,N_E,>EQ  10-G,LOW  SPEED,PEDESTRIAN,RL  0,acts-1,Y,782,63,74.240833,0.05937800000000004
L1MAXMIN|BR|GAUSSIAN,exec-left-turn,N_E,>EQ  10-G,LOW  SPEED,PEDESTRIAN,RL  0,acts-1,Y,782,63,74.240833,0.060162999999999967
L1MAXMIN|BR|GAUSSIAN,exec-left-turn,N_E,>EQ  10-G,LOW  SPEED,NO  PEDESTRIAN,RL  0,acts-2,Y,782,63,75.241833,0.045902
L1MAXMIN|BR|GAUSSIAN,exec-left-turn,N_E,>EQ  10-G,LOW  SPEED,NO  PEDESTRIAN,RL  0,acts-2,N,782,63,76.242833,0.053895000000000026
L1MAXMIN|BR|GAUSSIAN,exec-left-turn,N_E,>EQ  10-G,LOW  SPEED,NO  PEDESTRIAN,RL  0,acts-2,N,782,63,77.243833,0.05821699999999996
L1MAXMIN|BR|GAUSSIAN,exec-left-turn,N_E,>EQ  10-G,LOW  SPEED,NO  PEDESTRIAN,RL  0,acts-2,N,782,63,78.244833,0.05700499999999997
L1MAXMIN|BR|GAUSSIAN,exec-left-turn,N_E,>EQ  10-G,LOW  SPEED,NO  PEDESTRIAN,RL  0,acts-2,N,782,63,79.245833,0.05079100000000003
L1MAXMIN|BR|GAUSSIAN,exec-left-turn,N_E,>EQ  10-G,LOW  SPEED,NO  PEDESTRIAN,RL  0,acts-2,N,782,63,80.246833,0.045306999999999986
L1MAXMIN|BR|GAUSSIAN,exec-left-turn,N_E,>EQ  10-G,LOW  SPEED,NO  PEDESTRIAN,RL  0,acts-2,N,782,63,81.247833,0.04552199999999995
L1MAXMIN|BR|GAUSSIAN,exec-left-turn,N_E,>EQ  10-G,LOW  SPEED,NO  PEDESTRIAN,RL  0,acts-2,N,782,63,82.248833,0.06006900000000004
L1MAXMIN|BR|GAUSSIAN,exec-left-turn,N_E,>EQ  10-G,LOW  SPEED,NO  PEDESTRIAN,RL  0,acts-2,N,782,63,83.249833,0.05479999999999996
L1MAXMIN|BR|GAUSSIAN,exec-left-turn,N_E,>EQ  10-G,LOW  SPEED,NO  PEDESTRIAN,RL  0,acts-2,N,782,63,84.250833,0.05704599999999993
L1MAXMIN|BR|GAUSSIAN,exec-left-turn,N_E,>EQ  10-G,LOW  SPEED,NO  PEDESTRIAN,RL  0,acts-2,N,782,63,85.251833,0.053512000000000004
L1MAXMIN|BR|GAUSSIAN,exec-left-turn,N_E,>EQ  10-G,LOW  SPEED,NO  PEDESTRIAN,RL  0,acts-2,N,782,63,86.252833,0.04259199999999996
L1MAXMIN|BR|GAUSSIAN,exec-left-turn,N_E,>EQ  10-G,LOW  SPEED,NO  PEDESTRIAN,RL  0,acts-2,N,782,63,87.253833,0.05526900000000001
L1MAXMIN|BR|GAUSSIAN,exec-left-turn,N_E,>EQ  10-G,LOW  SPEED,NO  PEDESTRIAN,RL  0,acts-2,N,782,63,88.254833,0.04453099999999999
L1MAXMIN|BR|GAUSSIAN,exec-left-turn,N_E,>EQ  10-G,LOW  SPEED,NO  PEDESTRIAN,RL  0,acts-2,N,782,63,89.255833,0.061643
L1MAXMIN|BR|GAUSSIAN,exec-left-turn,N_E,>EQ  10-G,LOW  SPEED,NO  PEDESTRIAN,RL  0,acts-2,Y,782,143,155.989167,0.005145000000000066
L1MAXMIN|BR|GAUSSIAN,exec-left-turn,N_E,>EQ  10-G,LOW  SPEED,NO  PEDESTRIAN,RL  0,acts-2,Y,782,143,156.990167,0.005985999999999936
L1MAXMIN|BR|GAUSSIAN,exec-left-turn,N_E,>EQ  10-G,LOW  SPEED,NO  PEDESTRIAN,RL  0,acts-2,Y,782,143,157.991167,0
L1MAXMIN|BR|GAUSSIAN,exec-left-turn,N_E,>EQ  10-G,LOW  SPEED,NO  PEDESTRIAN,RL  0,acts-2,Y,782,143,158.992167,0.0024320000000001007
L1MAXMIN|BR|GAUSSIAN,exec-left-turn,N_E,>EQ  10-G,LOW  SPEED,NO  PEDESTRIAN,RL  0,acts-2,Y,782,183,163.6635,0.06200399999999995
L1MAXMIN|BR|GAUSSIAN,exec-left-turn,N_E,>EQ  10-G,LOW  SPEED,NO  PEDESTRIAN,RL  0,acts-2,Y,782,183,164.6645,0.06335500000000005
L1MAXMIN|BR|GAUSSIAN,exec-left-turn,N_E,>EQ  10-G,LOW  SPEED,NO  PEDESTRIAN,RL  0,acts-2,N,782,183,165.6655,0.06306200000000006
L1MAXMIN|BR|GAUSSIAN,exec-left-turn,N_E,>EQ  10-G,LOW  SPEED,NO  PEDESTRIAN,RL  0,acts-2,N,782,183,166.6665,0.04414499999999999
L1MAXMIN|BR|GAUSSIAN,exec-left-turn,N_E,>EQ  10-G,LOW  SPEED,NO  PEDESTRIAN,RL  0,acts-2,N,782,183,167.6675,0.05894700000000008
L1MAXMIN|BR|GAUSSIAN,exec-left-turn,N_E,>EQ  10-G,LOW  SPEED,NO  PEDESTRIAN,RL  0,acts-2,N,782,183,168.6685,0.058919000000000055
L1MAXMIN|BR|GAUSSIAN,exec-left-turn,N_E,>EQ  10-G,LOW  SPEED,NO  PEDESTRIAN,RL  0,acts-2,N,782,183,169.6695,0.06038700000000008
L1MAXMIN|BR|GAUSSIAN,exec-left-turn,N_E,>EQ  10-G,LOW  SPEED,NO  PEDESTRIAN,RL  0,acts-2,N,782,183,170.6705,0.055948
L1MAXMIN|BR|GAUSSIAN,exec-left-turn,N_E,>EQ  10-G,LOW  SPEED,NO  PEDESTRIAN,RL  0,acts-2,N,782,183,173.6735,0.04999500000000001
L1MAXMIN|BR|GAUSSIAN,exec-left-turn,N_E,>EQ  10-G,LOW  SPEED,NO  PEDESTRIAN,RL  0,acts-2,N,782,183,174.6745,0.04979600000000006
L1MAXMIN|BR|GAUSSIAN,exec-left-turn,N_E,>EQ  10-G,LOW  SPEED,NO  PEDESTRIAN,RL  0,acts-2,N,782,183,175.6755,0.05472899999999992
L1MAXMIN|BR|GAUSSIAN,exec-left-turn,N_E,>EQ  10-G,LOW  SPEED,NO  PEDESTRIAN,RL  0,acts-2,N,782,183,176.6765,0.048549000000000064
L1MAXMIN|BR|GAUSSIAN,exec-left-turn,N_E,>EQ  10-G,LOW  SPEED,NO  PEDESTRIAN,RL  0,acts-2,N,782,183,177.6775,0.05271999999999999
L1MAXMIN|BR|GAUSSIAN,exec-left-turn,N_E,>EQ  10-G,LOW  SPEED,NO  PEDESTRIAN,RL  0,acts-2,Y,782,183,178.6785,0
L1MAXMIN|BR|GAUSSIAN,exec-left-turn,N_E,>EQ  10-G,LOW  SPEED,NO  PEDESTRIAN,RL  0,acts-2,Y,782,183,179.6795,0.00787199999999999
L1MAXMIN|BR|GAUSSIAN,exec-left-turn,N_E,>EQ  10-G,LOW  SPEED,NO  PEDESTRIAN,RL  0,acts-2,Y,782,183,180.6805,0
L1MAXMIN|BR|GAUSSIAN,exec-left-turn,N_E,>EQ  10-G,LOW  SPEED,NO  PEDESTRIAN,RL  0,acts-2,Y,782,183,181.6815,0.005970000000000031
L1MAXMIN|BR|GAUSSIAN,exec-left-turn,N_E,>EQ  10-G,LOW  SPEED,NO  PEDESTRIAN,RL  0,acts-2,Y,782,183,182.6825,0
L1MAXMIN|BR|GAUSSIAN,exec-left-turn,N_E,>EQ  10-G,LOW  SPEED,NO  PEDESTRIAN,RL  0,acts-2,Y,782,183,183.6835,0
L1MAXMIN|BR|GAUSSIAN,exec-left-turn,N_E,>EQ  10-G,LOW  SPEED,NO  PEDESTRIAN,RL  0,acts-6,N,782,183,171.6715,0.041264999999999996
L1MAXMIN|BR|GAUSSIAN,exec-left-turn,N_E,>EQ  10-G,LOW  SPEED,NO  PEDESTRIAN,RL  0,acts-6,N,782,183,172.6725,0.04632599999999998
L1MAXMIN|BR|GAUSSIAN,exec-left-turn,N_E,>EQ  10-G,MEDIUM  SPEED,NO  PEDESTRIAN,RL  0,acts-2,Y,782,143,159.993167,0
L1MAXMIN|BR|GAUSSIAN,exec-left-turn,N_E,>EQ  10-G,MEDIUM  SPEED,NO  PEDESTRIAN,RL  0,acts-2,Y,782,143,160.994167,0
L1MAXMIN|BR|GAUSSIAN,exec-left-turn,N_E,>EQ  10-G,MEDIUM  SPEED,NO  PEDESTRIAN,RL  0,acts-2,Y,782,183,184.6845,0
L1MAXMIN|BR|GAUSSIAN,exec-left-turn,N_E,>EQ  10-G,MEDIUM  SPEED,NO  PEDESTRIAN,RL  0,acts-2,Y,782,183,185.6855,0
L1MAXMIN|BR|GAUSSIAN,exec-left-turn,W_N,<10-Y/R,LOW  SPEED,NO  PEDESTRIAN,RL  0,acts-5,Y,782,58,50.383667,0
L1MAXMIN|BR|GAUSSIAN,exec-left-turn,W_N,<10-Y/R,LOW  SPEED,NO  PEDESTRIAN,RL  0,acts-5,Y,782,58,51.384667,0
L1MAXMIN|BR|GAUSSIAN,exec-left-turn,W_N,<10-Y/R,LOW  SPEED,NO  PEDESTRIAN,RL  0,acts-5,Y,782,164,144.310833,0
L1MAXMIN|BR|GAUSSIAN,exec-left-turn,W_N,<10-Y/R,LOW  SPEED,NO  PEDESTRIAN,RL  0,acts-5,Y,782,164,145.311833,0.00039400000000000546
L1MAXMIN|BR|GAUSSIAN,exec-left-turn,W_N,<10-Y/R,LOW  SPEED,NO  PEDESTRIAN,RL  0,acts-2,Y,782,230,242.909333,0
L1MAXMIN|BR|GAUSSIAN,exec-left-turn,W_N,<10-Y/R,LOW  SPEED,NO  PEDESTRIAN,RL  0,acts-2,Y,782,230,243.910333,0.0023440000000000127
L1MAXMIN|BR|GAUSSIAN,exec-left-turn,W_N,<10-Y/R,LOW  SPEED,NO  PEDESTRIAN,RL  0,acts-2,Y,782,230,244.911333,0.001166999999999918
L1MAXMIN|BR|GAUSSIAN,exec-left-turn,W_N,<10-Y/R,LOW  SPEED,NO  PEDESTRIAN,  RL  <EQ  2,acts-2,Y,782,181,236.7365,0.007637999999999923
L1MAXMIN|BR|GAUSSIAN,exec-left-turn,W_N,<10-Y/R,LOW  SPEED,NO  PEDESTRIAN,  RL  <EQ  2,acts-2,Y,782,181,237.7375,0
L1MAXMIN|BR|GAUSSIAN,exec-left-turn,W_N,<10-Y/R,MEDIUM  SPEED,NO  PEDESTRIAN,RL  0,acts-5,Y,782,58,52.385667,0.004359000000000002
L1MAXMIN|BR|GAUSSIAN,exec-left-turn,W_N,<10-Y/R,MEDIUM  SPEED,NO  PEDESTRIAN,RL  0,acts-5,Y,782,164,146.312833,0
L1MAXMIN|BR|GAUSSIAN,exec-left-turn,W_N,<10-Y/R,MEDIUM  SPEED,NO  PEDESTRIAN,RL  0,acts-2,Y,782,181,241.7415,0.008508999999999989
L1MAXMIN|BR|GAUSSIAN,exec-left-turn,W_N,<10-Y/R,MEDIUM  SPEED,NO  PEDESTRIAN,RL  0,acts-2,N,782,230,245.912333,0
L1MAXMIN|BR|GAUSSIAN,exec-left-turn,W_N,<10-G,LOW  SPEED,NO  PEDESTRIAN,RL  0,acts-2,Y,782,230,242.909333,0
L1MAXMIN|BR|GAUSSIAN,exec-left-turn,W_N,<10-G,LOW  SPEED,NO  PEDESTRIAN,RL  0,acts-2,Y,782,230,243.910333,0.0023440000000000127
L1MAXMIN|BR|GAUSSIAN,exec-left-turn,W_N,<10-G,LOW  SPEED,NO  PEDESTRIAN,RL  0,acts-2,Y,782,230,244.911333,0.001166999999999918
L1MAXMIN|BR|GAUSSIAN,exec-left-turn,W_N,<10-G,LOW  SPEED,NO  PEDESTRIAN,  RL  <EQ  2,acts-2,Y,782,181,236.7365,0.007637999999999923
L1MAXMIN|BR|GAUSSIAN,exec-left-turn,W_N,<10-G,LOW  SPEED,NO  PEDESTRIAN,  RL  <EQ  2,acts-2,Y,782,181,237.7375,0
L1MAXMIN|BR|GAUSSIAN,exec-left-turn,W_N,<10-G,MEDIUM  SPEED,NO  PEDESTRIAN,RL  0,acts-2,Y,782,181,241.7415,0.008508999999999989
L1MAXMIN|BR|GAUSSIAN,exec-left-turn,W_N,<10-G,MEDIUM  SPEED,NO  PEDESTRIAN,RL  0,acts-2,N,782,230,245.912333,0
L1MAXMIN|BR|GAUSSIAN,exec-left-turn,W_N,>EQ  10-Y/R,LOW  SPEED,NO  PEDESTRIAN,RL  0,acts-2,Y,782,17,10.01,0
L1MAXMIN|BR|GAUSSIAN,exec-left-turn,W_N,>EQ  10-Y/R,LOW  SPEED,NO  PEDESTRIAN,RL  0,acts-2,N,782,17,11.011,0.01196699999999995
L1MAXMIN|BR|GAUSSIAN,exec-left-turn,W_N,>EQ  10-Y/R,LOW  SPEED,NO  PEDESTRIAN,RL  0,acts-2,Y,782,138,124.124,0
L1MAXMIN|BR|GAUSSIAN,exec-left-turn,W_N,>EQ  10-Y/R,LOW  SPEED,NO  PEDESTRIAN,RL  0,acts-2,Y,782,138,125.125,0.001290999999999931
L1MAXMIN|BR|GAUSSIAN,exec-left-turn,W_N,>EQ  10-Y/R,LOW  SPEED,NO  PEDESTRIAN,RL  0,acts-2,Y,782,138,126.126,0.001314999999999955
L1MAXMIN|BR|GAUSSIAN,exec-left-turn,W_N,>EQ  10-Y/R,LOW  SPEED,NO  PEDESTRIAN,  RL  <EQ  2,acts-2,N,782,181,227.7275,0.009264999999999968
L1MAXMIN|BR|GAUSSIAN,exec-left-turn,W_N,>EQ  10-Y/R,LOW  SPEED,NO  PEDESTRIAN,  RL  <EQ  2,acts-2,N,782,181,228.7285,0.004333999999999949
L1MAXMIN|BR|GAUSSIAN,exec-left-turn,W_N,>EQ  10-Y/R,LOW  SPEED,NO  PEDESTRIAN,  RL  <EQ  2,acts-2,Y,782,181,235.7355,0
L1MAXMIN|BR|GAUSSIAN,exec-left-turn,W_N,>EQ  10-Y/R,LOW  SPEED,NO  PEDESTRIAN,  RL  >  2,acts-2,N,782,181,229.7295,0.004475000000000007
L1MAXMIN|BR|GAUSSIAN,exec-left-turn,W_N,>EQ  10-Y/R,LOW  SPEED,NO  PEDESTRIAN,  RL  >  2,acts-2,N,782,181,230.7305,0.0016540000000000443
L1MAXMIN|BR|GAUSSIAN,exec-left-turn,W_N,>EQ  10-Y/R,LOW  SPEED,NO  PEDESTRIAN,  RL  >  2,acts-2,Y,782,181,231.7315,0.0006420000000000314
L1MAXMIN|BR|GAUSSIAN,exec-left-turn,W_N,>EQ  10-Y/R,LOW  SPEED,NO  PEDESTRIAN,  RL  >  2,acts-2,Y,782,181,232.7325,0.002630000000000021
L1MAXMIN|BR|GAUSSIAN,exec-left-turn,W_N,>EQ  10-Y/R,LOW  SPEED,NO  PEDESTRIAN,  RL  >  2,acts-2,N,782,181,233.7335,0.002658999999999967
L1MAXMIN|BR|GAUSSIAN,exec-left-turn,W_N,>EQ  10-Y/R,LOW  SPEED,NO  PEDESTRIAN,  RL  >  2,acts-2,N,782,181,234.7345,0.004182000000000019
L1MAXMIN|BR|GAUSSIAN,exec-left-turn,W_N,>EQ  10-Y/R,MEDIUM  SPEED,NO  PEDESTRIAN,RL  0,acts-2,N,782,31,13.013,0.0043560000000000265
L1MAXMIN|BR|GAUSSIAN,exec-left-turn,W_N,>EQ  10-Y/R,MEDIUM  SPEED,NO  PEDESTRIAN,RL  0,acts-2,Y,782,138,127.127,0.009185999999999916
L1MAXMIN|BR|GAUSSIAN,exec-left-turn,W_N,>EQ  10-Y/R,MEDIUM  SPEED,NO  PEDESTRIAN,RL  0,acts-2,N,782,144,129.129,0.012971999999999984
L1MAXMIN|BR|GAUSSIAN,exec-left-turn,W_N,>EQ  10-G,LOW  SPEED,NO  PEDESTRIAN,RL  0,acts-2,Y,782,17,10.01,0
L1MAXMIN|BR|GAUSSIAN,exec-left-turn,W_N,>EQ  10-G,LOW  SPEED,NO  PEDESTRIAN,RL  0,acts-2,N,782,17,11.011,0.01196699999999995
L1MAXMIN|BR|GAUSSIAN,exec-left-turn,W_N,>EQ  10-G,LOW  SPEED,NO  PEDESTRIAN,RL  0,acts-2,Y,782,138,124.124,0
L1MAXMIN|BR|GAUSSIAN,exec-left-turn,W_N,>EQ  10-G,LOW  SPEED,NO  PEDESTRIAN,RL  0,acts-2,Y,782,138,125.125,0.001290999999999931
L1MAXMIN|BR|GAUSSIAN,exec-left-turn,W_N,>EQ  10-G,LOW  SPEED,NO  PEDESTRIAN,RL  0,acts-2,Y,782,138,126.126,0.001314999999999955
L1MAXMIN|BR|GAUSSIAN,exec-left-turn,W_N,>EQ  10-G,LOW  SPEED,NO  PEDESTRIAN,  RL  <EQ  2,acts-2,N,782,181,227.7275,0.009264999999999968
L1MAXMIN|BR|GAUSSIAN,exec-left-turn,W_N,>EQ  10-G,LOW  SPEED,NO  PEDESTRIAN,  RL  <EQ  2,acts-2,N,782,181,228.7285,0.004333999999999949
L1MAXMIN|BR|GAUSSIAN,exec-left-turn,W_N,>EQ  10-G,LOW  SPEED,NO  PEDESTRIAN,  RL  <EQ  2,acts-2,Y,782,181,235.7355,0
L1MAXMIN|BR|GAUSSIAN,exec-left-turn,W_N,>EQ  10-G,LOW  SPEED,NO  PEDESTRIAN,  RL  >  2,acts-2,N,782,181,229.7295,0.004475000000000007
L1MAXMIN|BR|GAUSSIAN,exec-left-turn,W_N,>EQ  10-G,LOW  SPEED,NO  PEDESTRIAN,  RL  >  2,acts-2,N,782,181,230.7305,0.0016540000000000443
L1MAXMIN|BR|GAUSSIAN,exec-left-turn,W_N,>EQ  10-G,LOW  SPEED,NO  PEDESTRIAN,  RL  >  2,acts-2,Y,782,181,231.7315,0.0006420000000000314
L1MAXMIN|BR|GAUSSIAN,exec-left-turn,W_N,>EQ  10-G,LOW  SPEED,NO  PEDESTRIAN,  RL  >  2,acts-2,Y,782,181,232.7325,0.002630000000000021
L1MAXMIN|BR|GAUSSIAN,exec-left-turn,W_N,>EQ  10-G,LOW  SPEED,NO  PEDESTRIAN,  RL  >  2,acts-2,N,782,181,233.7335,0.002658999999999967
L1MAXMIN|BR|GAUSSIAN,exec-left-turn,W_N,>EQ  10-G,LOW  SPEED,NO  PEDESTRIAN,  RL  >  2,acts-2,N,782,181,234.7345,0.004182000000000019
L1MAXMIN|BR|GAUSSIAN,exec-left-turn,W_N,>EQ  10-G,MEDIUM  SPEED,NO  PEDESTRIAN,RL  0,acts-2,N,782,31,13.013,0.0043560000000000265
L1MAXMIN|BR|GAUSSIAN,exec-left-turn,W_N,>EQ  10-G,MEDIUM  SPEED,NO  PEDESTRIAN,RL  0,acts-2,Y,782,138,127.127,0.009185999999999916
L1MAXMIN|BR|GAUSSIAN,exec-left-turn,W_N,>EQ  10-G,MEDIUM  SPEED,NO  PEDESTRIAN,RL  0,acts-2,N,782,144,129.129,0.012971999999999984
L1MAXMIN|BR|GAUSSIAN,exec-left-turn,E_S,<10-Y/R,LOW  SPEED,PEDESTRIAN,RL  0,acts-1,Y,782,46,38.5385,0
L1MAXMIN|BR|GAUSSIAN,exec-left-turn,E_S,<10-Y/R,LOW  SPEED,NO  PEDESTRIAN,RL  0,acts-2,Y,782,75,136.6365,0.002959000000000045
L1MAXMIN|BR|GAUSSIAN,exec-left-turn,E_S,<10-Y/R,LOW  SPEED,NO  PEDESTRIAN,RL  0,acts-2,Y,782,75,137.6375,0.006062000000000012
L1MAXMIN|BR|GAUSSIAN,exec-left-turn,E_S,<10-Y/R,LOW  SPEED,NO  PEDESTRIAN,RL  0,acts-2,Y,782,75,138.6385,0
L1MAXMIN|BR|GAUSSIAN,exec-left-turn,E_S,<10-Y/R,LOW  SPEED,NO  PEDESTRIAN,RL  0,acts-2,Y,782,75,139.6395,0
L1MAXMIN|BR|GAUSSIAN,exec-left-turn,E_S,<10-Y/R,LOW  SPEED,NO  PEDESTRIAN,RL  0,acts-2,Y,782,75,140.6405,0.0028080000000000327
L1MAXMIN|BR|GAUSSIAN,exec-left-turn,E_S,<10-Y/R,LOW  SPEED,NO  PEDESTRIAN,RL  0,acts-5,Y,782,153,143.143,0.008037000000000072
L1MAXMIN|BR|GAUSSIAN,exec-left-turn,E_S,<10-Y/R,LOW  SPEED,NO  PEDESTRIAN,RL  0,acts-5,Y,782,153,144.144,0
L1MAXMIN|BR|GAUSSIAN,exec-left-turn,E_S,<10-Y/R,MEDIUM  SPEED,NO  PEDESTRIAN,RL  0,acts-5,N,782,75,141.6415,0
L1MAXMIN|BR|GAUSSIAN,exec-left-turn,E_S,<10-Y/R,MEDIUM  SPEED,NO  PEDESTRIAN,RL  0,acts-5,Y,782,153,145.145,0
L1MAXMIN|BR|GAUSSIAN,exec-left-turn,E_S,<10-G,LOW  SPEED,PEDESTRIAN,RL  0,acts-1,Y,782,46,38.5385,0
L1MAXMIN|BR|GAUSSIAN,exec-left-turn,E_S,<10-G,LOW  SPEED,NO  PEDESTRIAN,RL  0,acts-2,Y,782,75,136.6365,0.002959000000000045
L1MAXMIN|BR|GAUSSIAN,exec-left-turn,E_S,<10-G,LOW  SPEED,NO  PEDESTRIAN,RL  0,acts-2,Y,782,75,137.6375,0.006062000000000012
L1MAXMIN|BR|GAUSSIAN,exec-left-turn,E_S,<10-G,LOW  SPEED,NO  PEDESTRIAN,RL  0,acts-2,Y,782,75,138.6385,0
L1MAXMIN|BR|GAUSSIAN,exec-left-turn,E_S,<10-G,LOW  SPEED,NO  PEDESTRIAN,RL  0,acts-2,Y,782,75,139.6395,0
L1MAXMIN|BR|GAUSSIAN,exec-left-turn,E_S,<10-G,LOW  SPEED,NO  PEDESTRIAN,RL  0,acts-2,Y,782,75,140.6405,0.0028080000000000327
L1MAXMIN|BR|GAUSSIAN,exec-left-turn,E_S,>EQ  10-Y/R,LOW  SPEED,PEDESTRIAN,RL  0,acts-1,Y,782,13,9.009,0.0005680000000000129
L1MAXMIN|BR|GAUSSIAN,exec-left-turn,E_S,>EQ  10-Y/R,LOW  SPEED,NO  PEDESTRIAN,RL  0,acts-2,N,782,141,215.381833,0
L1MAXMIN|BR|GAUSSIAN,exec-left-turn,E_S,>EQ  10-Y/R,LOW  SPEED,NO  PEDESTRIAN,RL  0,acts-2,N,782,172,217.383833,0.01991900000000002
L1MAXMIN|BR|GAUSSIAN,exec-left-turn,E_S,>EQ  10-Y/R,LOW  SPEED,NO  PEDESTRIAN,RL  0,acts-2,N,782,172,218.384833,0.008020000000000027
L1MAXMIN|BR|GAUSSIAN,exec-left-turn,E_S,>EQ  10-Y/R,LOW  SPEED,NO  PEDESTRIAN,RL  0,acts-2,N,782,172,219.385833,0.005140000000000033
L1MAXMIN|BR|GAUSSIAN,exec-left-turn,E_S,>EQ  10-Y/R,MEDIUM  SPEED,PEDESTRIAN,RL  0,acts-1,Y,782,13,10.01,0
L1MAXMIN|BR|GAUSSIAN,exec-left-turn,E_S,>EQ  10-Y/R,MEDIUM  SPEED,PEDESTRIAN,RL  0,acts-1,N,782,13,11.011,0
L1MAXMIN|BR|GAUSSIAN,exec-left-turn,E_S,>EQ  10-G,LOW  SPEED,PEDESTRIAN,RL  0,acts-1,Y,782,13,9.009,0.0005680000000000129
L1MAXMIN|BR|GAUSSIAN,exec-left-turn,E_S,>EQ  10-G,LOW  SPEED,NO  PEDESTRIAN,RL  0,acts-2,N,782,141,215.381833,0
L1MAXMIN|BR|GAUSSIAN,exec-left-turn,E_S,>EQ  10-G,LOW  SPEED,NO  PEDESTRIAN,RL  0,acts-2,N,782,172,217.383833,0.01991900000000002
L1MAXMIN|BR|GAUSSIAN,exec-left-turn,E_S,>EQ  10-G,LOW  SPEED,NO  PEDESTRIAN,RL  0,acts-2,N,782,172,218.384833,0.008020000000000027
L1MAXMIN|BR|GAUSSIAN,exec-left-turn,E_S,>EQ  10-G,LOW  SPEED,NO  PEDESTRIAN,RL  0,acts-2,N,782,172,219.385833,0.005140000000000033
L1MAXMIN|BR|GAUSSIAN,exec-left-turn,E_S,>EQ  10-G,MEDIUM  SPEED,PEDESTRIAN,RL  0,acts-1,Y,782,13,10.01,0
L1MAXMIN|BR|GAUSSIAN,exec-left-turn,E_S,>EQ  10-G,MEDIUM  SPEED,PEDESTRIAN,RL  0,acts-1,N,782,13,11.011,0
L1MAXMIN|BR|GAUSSIAN,OTHER  LANES,W_S,<10-Y/R,LOW  SPEED,PEDESTRIAN,RL  0,acts-4,Y,782,72,47.213833,0.046374000000000026
L1MAXMIN|BR|GAUSSIAN,OTHER  LANES,W_S,<10-Y/R,LOW  SPEED,PEDESTRIAN,  RL  <EQ  2,acts-4,Y,782,156,136.302833,0.003960999999999992
L1MAXMIN|BR|GAUSSIAN,OTHER  LANES,W_S,<10-Y/R,LOW  SPEED,PEDESTRIAN,  RL  <EQ  2,acts-4,Y,782,156,137.303833,0.00017900000000004024
L1MAXMIN|BR|GAUSSIAN,OTHER  LANES,W_S,<10-Y/R,LOW  SPEED,PEDESTRIAN,  RL  <EQ  2,acts-4,N,782,162,139.139,0.04013800000000001
L1MAXMIN|BR|GAUSSIAN,OTHER  LANES,W_S,<10-Y/R,LOW  SPEED,PEDESTRIAN,  RL  <EQ  2,acts-4,Y,782,162,140.14,0.04307300000000003
L1MAXMIN|BR|GAUSSIAN,OTHER  LANES,W_S,<10-Y/R,LOW  SPEED,NO  PEDESTRIAN,RL  0,acts-7,Y,782,243,238.905333,0.042366000000000015
L1MAXMIN|BR|GAUSSIAN,OTHER  LANES,W_S,<10-Y/R,MEDIUM  SPEED,PEDESTRIAN,RL  0,acts-4,N,782,76,49.215833,0.0007400000000000739
L1MAXMIN|BR|GAUSSIAN,OTHER  LANES,W_S,<10-Y/R,MEDIUM  SPEED,PEDESTRIAN,RL  0,acts-4,Y,782,72,46.212833,0.009361000000000064
L1MAXMIN|BR|GAUSSIAN,OTHER  LANES,W_S,<10-Y/R,MEDIUM  SPEED,NO  PEDESTRIAN,RL  0,acts-7,Y,782,243,236.903333,0
L1MAXMIN|BR|GAUSSIAN,OTHER  LANES,W_S,<10-Y/R,MEDIUM  SPEED,NO  PEDESTRIAN,RL  0,acts-7,Y,782,243,237.904333,0.016564000000000023
L1MAXMIN|BR|GAUSSIAN,OTHER  LANES,W_S,<10-G,LOW  SPEED,PEDESTRIAN,  RL  <EQ  2,acts-4,Y,782,156,136.302833,0.003960999999999992
L1MAXMIN|BR|GAUSSIAN,OTHER  LANES,W_S,<10-G,LOW  SPEED,PEDESTRIAN,  RL  <EQ  2,acts-4,Y,782,156,137.303833,0.00017900000000004024
L1MAXMIN|BR|GAUSSIAN,OTHER  LANES,W_S,<10-G,LOW  SPEED,PEDESTRIAN,  RL  <EQ  2,acts-4,N,782,162,139.139,0.04013800000000001
L1MAXMIN|BR|GAUSSIAN,OTHER  LANES,W_S,<10-G,LOW  SPEED,PEDESTRIAN,  RL  <EQ  2,acts-4,Y,782,162,140.14,0.04307300000000003
L1MAXMIN|BR|GAUSSIAN,OTHER  LANES,W_S,<10-G,LOW  SPEED,NO  PEDESTRIAN,RL  0,acts-7,Y,782,243,238.905333,0.042366000000000015
L1MAXMIN|BR|GAUSSIAN,OTHER  LANES,W_S,<10-G,MEDIUM  SPEED,NO  PEDESTRIAN,RL  0,acts-7,Y,782,243,236.903333,0
L1MAXMIN|BR|GAUSSIAN,OTHER  LANES,W_S,<10-G,MEDIUM  SPEED,NO  PEDESTRIAN,RL  0,acts-7,Y,782,243,237.904333,0.016564000000000023
L1MAXMIN|BR|GAUSSIAN,OTHER  LANES,W_S,>EQ  10-Y/R,LOW  SPEED,NO  PEDESTRIAN,RL  0,acts-7,N,782,237,232.232,0.043584999999999985
L1MAXMIN|BR|GAUSSIAN,OTHER  LANES,W_S,>EQ  10-Y/R,LOW  SPEED,NO  PEDESTRIAN,RL  0,acts-7,Y,782,240,235.235,0.03937499999999994
L1MAXMIN|BR|GAUSSIAN,OTHER  LANES,W_S,>EQ  10-Y/R,MEDIUM  SPEED,NO  PEDESTRIAN,RL  0,acts-7,Y,782,240,234.234,0.03685400000000005
L1MAXMIN|BR|GAUSSIAN,OTHER  LANES,W_S,>EQ  10-Y/R,MEDIUM  SPEED,NO  PEDESTRIAN,RL  0,acts-7,N,782,237,229.229,0.02997800000000006
L1MAXMIN|BR|GAUSSIAN,OTHER  LANES,W_S,>EQ  10-Y/R,MEDIUM  SPEED,NO  PEDESTRIAN,RL  0,acts-7,Y,782,237,230.23,0
L1MAXMIN|BR|GAUSSIAN,OTHER  LANES,W_S,>EQ  10-Y/R,MEDIUM  SPEED,NO  PEDESTRIAN,RL  0,acts-7,Y,782,237,231.231,0.035717
L1MAXMIN|BR|GAUSSIAN,OTHER  LANES,W_S,>EQ  10-G,LOW  SPEED,NO  PEDESTRIAN,RL  0,acts-7,N,782,237,232.232,0.043584999999999985
L1MAXMIN|BR|GAUSSIAN,OTHER  LANES,W_S,>EQ  10-G,LOW  SPEED,NO  PEDESTRIAN,RL  0,acts-7,Y,782,240,235.235,0.03937499999999994
L1MAXMIN|BR|GAUSSIAN,OTHER  LANES,W_S,>EQ  10-G,MEDIUM  SPEED,NO  PEDESTRIAN,RL  0,acts-7,Y,782,240,234.234,0.03685400000000005
L1MAXMIN|BR|GAUSSIAN,OTHER  LANES,W_S,>EQ  10-G,MEDIUM  SPEED,NO  PEDESTRIAN,RL  0,acts-7,N,782,237,229.229,0.02997800000000006
L1MAXMIN|BR|GAUSSIAN,OTHER  LANES,W_S,>EQ  10-G,MEDIUM  SPEED,NO  PEDESTRIAN,RL  0,acts-7,Y,782,237,230.23,0
L1MAXMIN|BR|GAUSSIAN,OTHER  LANES,W_S,>EQ  10-G,MEDIUM  SPEED,NO  PEDESTRIAN,RL  0,acts-7,Y,782,237,231.231,0.035717
L1MAXMIN|BR|GAUSSIAN,OTHER  LANES,S_W,<10-Y/R,LOW  SPEED,NO  PEDESTRIAN,RL  0,acts-2,Y,782,205,198.865333,0.006569999999999965
L1MAXMIN|BR|GAUSSIAN,OTHER  LANES,S_W,<10-Y/R,LOW  SPEED,NO  PEDESTRIAN,  RL  <EQ  2,acts-8,Y,782,197,192.6925,0.24867100000000003
L1MAXMIN|BR|GAUSSIAN,OTHER  LANES,S_W,<10-Y/R,LOW  SPEED,NO  PEDESTRIAN,  RL  <EQ  2,acts-8,N,782,205,192.859333,0
L1MAXMIN|BR|GAUSSIAN,OTHER  LANES,S_W,<10-Y/R,LOW  SPEED,NO  PEDESTRIAN,  RL  <EQ  2,acts-8,Y,782,205,194.861333,0.008296999999999999
L1MAXMIN|BR|GAUSSIAN,OTHER  LANES,S_W,<10-Y/R,LOW  SPEED,NO  PEDESTRIAN,  RL  <EQ  2,acts-8,N,782,205,197.864333,0.00036999999999998145
L1MAXMIN|BR|GAUSSIAN,OTHER  LANES,S_W,<10-Y/R,LOW  SPEED,NO  PEDESTRIAN,  RL  >  2,acts-8,N,782,197,189.6895,0.0001100000000000545
L1MAXMIN|BR|GAUSSIAN,OTHER  LANES,S_W,<10-Y/R,LOW  SPEED,NO  PEDESTRIAN,  RL  >  2,acts-8,N,782,197,190.6905,0
L1MAXMIN|BR|GAUSSIAN,OTHER  LANES,S_W,<10-Y/R,LOW  SPEED,NO  PEDESTRIAN,  RL  >  2,acts-8,N,782,197,191.6915,0
L1MAXMIN|BR|GAUSSIAN,OTHER  LANES,S_W,<10-Y/R,LOW  SPEED,NO  PEDESTRIAN,  RL  >  2,acts-8,Y,782,197,193.6935,0.002422999999999953
L1MAXMIN|BR|GAUSSIAN,OTHER  LANES,S_W,<10-Y/R,LOW  SPEED,NO  PEDESTRIAN,  RL  >  2,acts-8,N,782,205,189.856333,0.0004150000000000542
L1MAXMIN|BR|GAUSSIAN,OTHER  LANES,S_W,<10-Y/R,LOW  SPEED,NO  PEDESTRIAN,  RL  >  2,acts-8,N,782,205,190.857333,0
L1MAXMIN|BR|GAUSSIAN,OTHER  LANES,S_W,<10-Y/R,LOW  SPEED,NO  PEDESTRIAN,  RL  >  2,acts-8,Y,782,205,193.860333,0.0004990000000000272
L1MAXMIN|BR|GAUSSIAN,OTHER  LANES,S_W,<10-Y/R,LOW  SPEED,NO  PEDESTRIAN,  RL  >  2,acts-8,Y,782,216,197.864333,0.004145999999999983
L1MAXMIN|BR|GAUSSIAN,OTHER  LANES,S_W,<10-G,LOW  SPEED,NO  PEDESTRIAN,RL  0,acts-2,Y,782,205,198.865333,0.006569999999999965
L1MAXMIN|BR|GAUSSIAN,OTHER  LANES,S_W,<10-G,LOW  SPEED,NO  PEDESTRIAN,  RL  <EQ  2,acts-8,Y,782,197,192.6925,0.24867100000000003
L1MAXMIN|BR|GAUSSIAN,OTHER  LANES,S_W,<10-G,LOW  SPEED,NO  PEDESTRIAN,  RL  <EQ  2,acts-8,N,782,205,192.859333,0
L1MAXMIN|BR|GAUSSIAN,OTHER  LANES,S_W,<10-G,LOW  SPEED,NO  PEDESTRIAN,  RL  <EQ  2,acts-8,Y,782,205,194.861333,0.008296999999999999
L1MAXMIN|BR|GAUSSIAN,OTHER  LANES,S_W,<10-G,LOW  SPEED,NO  PEDESTRIAN,  RL  <EQ  2,acts-8,N,782,205,197.864333,0.00036999999999998145
L1MAXMIN|BR|GAUSSIAN,OTHER  LANES,S_W,<10-G,LOW  SPEED,NO  PEDESTRIAN,  RL  >  2,acts-8,N,782,197,189.6895,0.0001100000000000545
L1MAXMIN|BR|GAUSSIAN,OTHER  LANES,S_W,<10-G,LOW  SPEED,NO  PEDESTRIAN,  RL  >  2,acts-8,N,782,197,190.6905,0
L1MAXMIN|BR|GAUSSIAN,OTHER  LANES,S_W,<10-G,LOW  SPEED,NO  PEDESTRIAN,  RL  >  2,acts-8,N,782,197,191.6915,0
L1MAXMIN|BR|GAUSSIAN,OTHER  LANES,S_W,<10-G,LOW  SPEED,NO  PEDESTRIAN,  RL  >  2,acts-8,Y,782,197,193.6935,0.002422999999999953
L1MAXMIN|BR|GAUSSIAN,OTHER  LANES,S_W,<10-G,LOW  SPEED,NO  PEDESTRIAN,  RL  >  2,acts-8,N,782,205,189.856333,0.0004150000000000542
L1MAXMIN|BR|GAUSSIAN,OTHER  LANES,S_W,<10-G,LOW  SPEED,NO  PEDESTRIAN,  RL  >  2,acts-8,N,782,205,190.857333,0
L1MAXMIN|BR|GAUSSIAN,OTHER  LANES,S_W,<10-G,LOW  SPEED,NO  PEDESTRIAN,  RL  >  2,acts-8,Y,782,205,193.860333,0.0004990000000000272
L1MAXMIN|BR|GAUSSIAN,OTHER  LANES,S_W,<10-G,LOW  SPEED,NO  PEDESTRIAN,  RL  >  2,acts-8,Y,782,216,197.864333,0.004145999999999983
L1MAXMIN|BR|GAUSSIAN,OTHER  LANES,S_W,>EQ  10-Y/R,LOW  SPEED,PEDESTRIAN,RL  0,acts-2,Y,782,38,53.720333,0
L1MAXMIN|BR|GAUSSIAN,OTHER  LANES,S_W,>EQ  10-Y/R,LOW  SPEED,PEDESTRIAN,RL  0,acts-2,Y,782,80,58.725333,0.007592000000000043
L1MAXMIN|BR|GAUSSIAN,OTHER  LANES,S_W,>EQ  10-Y/R,LOW  SPEED,PEDESTRIAN,RL  0,acts-2,N,782,169,159.492667,0.06215700000000002
L1MAXMIN|BR|GAUSSIAN,OTHER  LANES,S_W,>EQ  10-Y/R,LOW  SPEED,PEDESTRIAN,RL  0,acts-2,N,782,169,160.493667,0.06285999999999992
L1MAXMIN|BR|GAUSSIAN,OTHER  LANES,S_W,>EQ  10-Y/R,LOW  SPEED,PEDESTRIAN,RL  0,acts-2,N,782,169,161.494667,0.05975799999999998
L1MAXMIN|BR|GAUSSIAN,OTHER  LANES,S_W,>EQ  10-Y/R,LOW  SPEED,PEDESTRIAN,RL  0,acts-2,N,782,169,162.495667,0.06742599999999999
L1MAXMIN|BR|GAUSSIAN,OTHER  LANES,S_W,>EQ  10-Y/R,LOW  SPEED,PEDESTRIAN,RL  0,acts-2,N,782,169,163.496667,0.06811400000000001
L1MAXMIN|BR|GAUSSIAN,OTHER  LANES,S_W,>EQ  10-Y/R,LOW  SPEED,PEDESTRIAN,RL  0,acts-2,N,782,169,164.497667,0.05703099999999994
L1MAXMIN|BR|GAUSSIAN,OTHER  LANES,S_W,>EQ  10-Y/R,LOW  SPEED,PEDESTRIAN,RL  0,acts-2,N,782,169,165.498667,0.058441000000000076
L1MAXMIN|BR|GAUSSIAN,OTHER  LANES,S_W,>EQ  10-Y/R,LOW  SPEED,PEDESTRIAN,RL  0,acts-2,Y,782,169,172.505667,0
L1MAXMIN|BR|GAUSSIAN,OTHER  LANES,S_W,>EQ  10-Y/R,LOW  SPEED,PEDESTRIAN,RL  0,acts-2,N,782,169,174.507667,0.0013319999999999999
L1MAXMIN|BR|GAUSSIAN,OTHER  LANES,S_W,>EQ  10-Y/R,LOW  SPEED,PEDESTRIAN,RL  0,acts-2,Y,782,169,175.508667,0
L1MAXMIN|BR|GAUSSIAN,OTHER  LANES,S_W,>EQ  10-Y/R,LOW  SPEED,PEDESTRIAN,  RL  <EQ  2,acts-2,N,782,169,148.481667,0.015342999999999996
L1MAXMIN|BR|GAUSSIAN,OTHER  LANES,S_W,>EQ  10-Y/R,LOW  SPEED,PEDESTRIAN,  RL  <EQ  2,acts-2,N,782,169,150.483667,0
L1MAXMIN|BR|GAUSSIAN,OTHER  LANES,S_W,>EQ  10-Y/R,LOW  SPEED,PEDESTRIAN,  RL  <EQ  2,acts-2,Y,782,169,151.484667,0.0030759999999999676
L1MAXMIN|BR|GAUSSIAN,OTHER  LANES,S_W,>EQ  10-Y/R,LOW  SPEED,PEDESTRIAN,  RL  <EQ  2,acts-2,N,782,169,157.490667,0.011757999999999935
L1MAXMIN|BR|GAUSSIAN,OTHER  LANES,S_W,>EQ  10-Y/R,LOW  SPEED,PEDESTRIAN,  RL  <EQ  2,acts-8,N,782,197,178.6785,0.014661000000000035
L1MAXMIN|BR|GAUSSIAN,OTHER  LANES,S_W,>EQ  10-Y/R,LOW  SPEED,PEDESTRIAN,  RL  <EQ  2,acts-8,N,782,197,179.6795,0
L1MAXMIN|BR|GAUSSIAN,OTHER  LANES,S_W,>EQ  10-Y/R,LOW  SPEED,PEDESTRIAN,  RL  >  2,acts-8,N,782,197,180.6805,0.008626000000000023
L1MAXMIN|BR|GAUSSIAN,OTHER  LANES,S_W,>EQ  10-Y/R,LOW  SPEED,PEDESTRIAN,  RL  >  2,acts-8,N,782,197,183.6835,0.0004429999999999712
L1MAXMIN|BR|GAUSSIAN,OTHER  LANES,S_W,>EQ  10-Y/R,LOW  SPEED,NO  PEDESTRIAN,  RL  >  2,acts-8,N,782,197,187.6875,0.00017400000000000748
L1MAXMIN|BR|GAUSSIAN,OTHER  LANES,S_W,>EQ  10-Y/R,LOW  SPEED,NO  PEDESTRIAN,  RL  >  2,acts-8,N,782,197,188.6885,0
L1MAXMIN|BR|GAUSSIAN,OTHER  LANES,S_W,>EQ  10-Y/R,LOW  SPEED,NO  PEDESTRIAN,  RL  >  2,acts-8,N,782,205,187.854333,8.900000000000574e-05
L1MAXMIN|BR|GAUSSIAN,OTHER  LANES,S_W,>EQ  10-Y/R,LOW  SPEED,NO  PEDESTRIAN,  RL  >  2,acts-8,N,782,205,188.855333,0.0003969999999999807
L1MAXMIN|BR|GAUSSIAN,OTHER  LANES,S_W,>EQ  10-G,LOW  SPEED,PEDESTRIAN,RL  0,acts-2,Y,782,38,53.720333,0
L1MAXMIN|BR|GAUSSIAN,OTHER  LANES,S_W,>EQ  10-G,LOW  SPEED,PEDESTRIAN,RL  0,acts-2,Y,782,80,58.725333,0.007592000000000043
L1MAXMIN|BR|GAUSSIAN,OTHER  LANES,S_W,>EQ  10-G,LOW  SPEED,PEDESTRIAN,RL  0,acts-2,N,782,169,159.492667,0.06215700000000002
L1MAXMIN|BR|GAUSSIAN,OTHER  LANES,S_W,>EQ  10-G,LOW  SPEED,PEDESTRIAN,RL  0,acts-2,N,782,169,160.493667,0.06285999999999992
L1MAXMIN|BR|GAUSSIAN,OTHER  LANES,S_W,>EQ  10-G,LOW  SPEED,PEDESTRIAN,RL  0,acts-2,N,782,169,161.494667,0.05975799999999998
L1MAXMIN|BR|GAUSSIAN,OTHER  LANES,S_W,>EQ  10-G,LOW  SPEED,PEDESTRIAN,RL  0,acts-2,N,782,169,162.495667,0.06742599999999999
L1MAXMIN|BR|GAUSSIAN,OTHER  LANES,S_W,>EQ  10-G,LOW  SPEED,PEDESTRIAN,RL  0,acts-2,N,782,169,163.496667,0.06811400000000001
L1MAXMIN|BR|GAUSSIAN,OTHER  LANES,S_W,>EQ  10-G,LOW  SPEED,PEDESTRIAN,RL  0,acts-2,N,782,169,164.497667,0.05703099999999994
L1MAXMIN|BR|GAUSSIAN,OTHER  LANES,S_W,>EQ  10-G,LOW  SPEED,PEDESTRIAN,RL  0,acts-2,N,782,169,165.498667,0.058441000000000076
L1MAXMIN|BR|GAUSSIAN,OTHER  LANES,S_W,>EQ  10-G,LOW  SPEED,PEDESTRIAN,RL  0,acts-2,Y,782,169,172.505667,0
L1MAXMIN|BR|GAUSSIAN,OTHER  LANES,S_W,>EQ  10-G,LOW  SPEED,PEDESTRIAN,RL  0,acts-2,N,782,169,174.507667,0.0013319999999999999
L1MAXMIN|BR|GAUSSIAN,OTHER  LANES,S_W,>EQ  10-G,LOW  SPEED,PEDESTRIAN,RL  0,acts-2,Y,782,169,175.508667,0
L1MAXMIN|BR|GAUSSIAN,OTHER  LANES,S_W,>EQ  10-G,LOW  SPEED,PEDESTRIAN,  RL  <EQ  2,acts-2,N,782,169,148.481667,0.015342999999999996
L1MAXMIN|BR|GAUSSIAN,OTHER  LANES,S_W,>EQ  10-G,LOW  SPEED,PEDESTRIAN,  RL  <EQ  2,acts-2,N,782,169,150.483667,0
L1MAXMIN|BR|GAUSSIAN,OTHER  LANES,S_W,>EQ  10-G,LOW  SPEED,PEDESTRIAN,  RL  <EQ  2,acts-2,Y,782,169,151.484667,0.0030759999999999676
L1MAXMIN|BR|GAUSSIAN,OTHER  LANES,S_W,>EQ  10-G,LOW  SPEED,PEDESTRIAN,  RL  <EQ  2,acts-2,N,782,169,157.490667,0.011757999999999935
L1MAXMIN|BR|GAUSSIAN,OTHER  LANES,S_W,>EQ  10-G,LOW  SPEED,PEDESTRIAN,  RL  <EQ  2,acts-8,N,782,197,178.6785,0.014661000000000035
L1MAXMIN|BR|GAUSSIAN,OTHER  LANES,S_W,>EQ  10-G,LOW  SPEED,PEDESTRIAN,  RL  <EQ  2,acts-8,N,782,197,179.6795,0
L1MAXMIN|BR|GAUSSIAN,OTHER  LANES,S_W,>EQ  10-G,LOW  SPEED,PEDESTRIAN,  RL  >  2,acts-8,N,782,197,180.6805,0.008626000000000023
L1MAXMIN|BR|GAUSSIAN,OTHER  LANES,S_W,>EQ  10-G,LOW  SPEED,PEDESTRIAN,  RL  >  2,acts-8,N,782,197,183.6835,0.0004429999999999712
L1MAXMIN|BR|GAUSSIAN,OTHER  LANES,S_W,>EQ  10-G,LOW  SPEED,NO  PEDESTRIAN,  RL  >  2,acts-8,N,782,197,187.6875,0.00017400000000000748
L1MAXMIN|BR|GAUSSIAN,OTHER  LANES,S_W,>EQ  10-G,LOW  SPEED,NO  PEDESTRIAN,  RL  >  2,acts-8,N,782,197,188.6885,0
L1MAXMIN|BR|GAUSSIAN,OTHER  LANES,S_W,>EQ  10-G,LOW  SPEED,NO  PEDESTRIAN,  RL  >  2,acts-8,N,782,205,187.854333,8.900000000000574e-05
L1MAXMIN|BR|GAUSSIAN,OTHER  LANES,S_W,>EQ  10-G,LOW  SPEED,NO  PEDESTRIAN,  RL  >  2,acts-8,N,782,205,188.855333,0.0003969999999999807
L1MAXMIN|BR|GAUSSIAN,OTHER  LANES,N_E,<10-Y/R,LOW  SPEED,NO  PEDESTRIAN,RL  0,acts-2,Y,782,117,96.429667,0
L1MAXMIN|BR|GAUSSIAN,OTHER  LANES,N_E,<10-Y/R,MEDIUM  SPEED,NO  PEDESTRIAN,RL  0,acts-2,N,782,215,197.030167,0.0024879999999999347
L1MAXMIN|BR|GAUSSIAN,OTHER  LANES,N_E,<10-G,LOW  SPEED,NO  PEDESTRIAN,RL  0,acts-2,Y,782,117,96.429667,0
L1MAXMIN|BR|GAUSSIAN,OTHER  LANES,N_E,<10-G,MEDIUM  SPEED,NO  PEDESTRIAN,RL  0,acts-2,N,782,215,197.030167,0.0024879999999999347
L1MAXMIN|BR|GAUSSIAN,OTHER  LANES,N_E,>EQ  10-Y/R,LOW  SPEED,PEDESTRIAN,RL  0,acts-2,Y,782,63,70.236833,0.005461999999999967
L1MAXMIN|BR|GAUSSIAN,OTHER  LANES,N_E,>EQ  10-Y/R,LOW  SPEED,PEDESTRIAN,RL  0,acts-2,Y,782,63,71.237833,0
L1MAXMIN|BR|GAUSSIAN,OTHER  LANES,N_E,>EQ  10-Y/R,LOW  SPEED,NO  PEDESTRIAN,RL  0,acts-2,N,782,143,148.982167,0
L1MAXMIN|BR|GAUSSIAN,OTHER  LANES,N_E,>EQ  10-Y/R,LOW  SPEED,NO  PEDESTRIAN,RL  0,acts-2,Y,782,143,149.983167,0
L1MAXMIN|BR|GAUSSIAN,OTHER  LANES,N_E,>EQ  10-Y/R,LOW  SPEED,NO  PEDESTRIAN,RL  0,acts-2,N,782,143,150.984167,0
L1MAXMIN|BR|GAUSSIAN,OTHER  LANES,N_E,>EQ  10-Y/R,LOW  SPEED,NO  PEDESTRIAN,RL  0,acts-2,N,782,198,178.6785,0
L1MAXMIN|BR|GAUSSIAN,OTHER  LANES,N_E,>EQ  10-G,LOW  SPEED,PEDESTRIAN,RL  0,acts-2,Y,782,63,70.236833,0.005461999999999967
L1MAXMIN|BR|GAUSSIAN,OTHER  LANES,N_E,>EQ  10-G,LOW  SPEED,PEDESTRIAN,RL  0,acts-2,Y,782,63,71.237833,0
L1MAXMIN|BR|GAUSSIAN,OTHER  LANES,N_E,>EQ  10-G,LOW  SPEED,NO  PEDESTRIAN,RL  0,acts-2,N,782,143,148.982167,0
L1MAXMIN|BR|GAUSSIAN,OTHER  LANES,N_E,>EQ  10-G,LOW  SPEED,NO  PEDESTRIAN,RL  0,acts-2,Y,782,143,149.983167,0
L1MAXMIN|BR|GAUSSIAN,OTHER  LANES,N_E,>EQ  10-G,LOW  SPEED,NO  PEDESTRIAN,RL  0,acts-2,N,782,143,150.984167,0
L1MAXMIN|BR|GAUSSIAN,OTHER  LANES,N_E,>EQ  10-G,LOW  SPEED,NO  PEDESTRIAN,RL  0,acts-2,N,782,198,178.6785,0
L1MAXMIN|BR|GAUSSIAN,OTHER  LANES,W_N,<10-Y/R,LOW  SPEED,NO  PEDESTRIAN,RL  0,acts-2,Y,782,165,140.306833,0.0038930000000000353
L1MAXMIN|BR|GAUSSIAN,OTHER  LANES,W_N,<10-Y/R,LOW  SPEED,NO  PEDESTRIAN,  RL  <EQ  2,acts-2,Y,782,230,236.903333,0.0020890000000000075
L1MAXMIN|BR|GAUSSIAN,OTHER  LANES,W_N,<10-G,LOW  SPEED,NO  PEDESTRIAN,RL  0,acts-2,Y,782,165,140.306833,0.0038930000000000353
L1MAXMIN|BR|GAUSSIAN,OTHER  LANES,W_N,<10-G,LOW  SPEED,NO  PEDESTRIAN,  RL  <EQ  2,acts-2,Y,782,230,236.903333,0.0020890000000000075
L1MAXMIN|BR|GAUSSIAN,OTHER  LANES,W_N,>EQ  10-Y/R,LOW  SPEED,NO  PEDESTRIAN,RL  0,acts-2,Y,782,17,6.006,0
L1MAXMIN|BR|GAUSSIAN,OTHER  LANES,W_N,>EQ  10-Y/R,LOW  SPEED,NO  PEDESTRIAN,RL  0,acts-2,Y,782,17,7.007,0
L1MAXMIN|BR|GAUSSIAN,OTHER  LANES,W_N,>EQ  10-Y/R,LOW  SPEED,NO  PEDESTRIAN,RL  0,acts-2,Y,782,144,124.124,0
L1MAXMIN|BR|GAUSSIAN,OTHER  LANES,W_N,>EQ  10-Y/R,LOW  SPEED,NO  PEDESTRIAN,  RL  <EQ  2,acts-2,N,782,138,107.107,0.005558000000000063
L1MAXMIN|BR|GAUSSIAN,OTHER  LANES,W_N,>EQ  10-Y/R,LOW  SPEED,NO  PEDESTRIAN,  RL  <EQ  2,acts-2,Y,782,138,108.108,0.005872999999999906
L1MAXMIN|BR|GAUSSIAN,OTHER  LANES,W_N,>EQ  10-Y/R,LOW  SPEED,NO  PEDESTRIAN,  RL  <EQ  2,acts-8,N,782,144,121.121,0.39166
L1MAXMIN|BR|GAUSSIAN,OTHER  LANES,W_N,>EQ  10-Y/R,LOW  SPEED,NO  PEDESTRIAN,  RL  <EQ  2,acts-8,Y,782,144,122.122,0
L1MAXMIN|BR|GAUSSIAN,OTHER  LANES,W_N,>EQ  10-Y/R,LOW  SPEED,NO  PEDESTRIAN,  RL  <EQ  2,acts-8,Y,782,144,123.123,0.007842000000000016
L1MAXMIN|BR|GAUSSIAN,OTHER  LANES,W_N,>EQ  10-Y/R,LOW  SPEED,NO  PEDESTRIAN,  RL  >  2,acts-2,N,782,138,109.109,0
L1MAXMIN|BR|GAUSSIAN,OTHER  LANES,W_N,>EQ  10-Y/R,LOW  SPEED,NO  PEDESTRIAN,  RL  >  2,acts-2,N,782,138,111.111,0.00041999999999997595
L1MAXMIN|BR|GAUSSIAN,OTHER  LANES,W_N,>EQ  10-Y/R,LOW  SPEED,NO  PEDESTRIAN,  RL  >  2,acts-2,N,782,181,217.7175,0
L1MAXMIN|BR|GAUSSIAN,OTHER  LANES,W_N,>EQ  10-Y/R,LOW  SPEED,NO  PEDESTRIAN,  RL  >  2,acts-2,Y,782,181,218.7185,0
L1MAXMIN|BR|GAUSSIAN,OTHER  LANES,W_N,>EQ  10-Y/R,LOW  SPEED,NO  PEDESTRIAN,  RL  >  2,acts-2,Y,782,181,219.7195,0.012212
L1MAXMIN|BR|GAUSSIAN,OTHER  LANES,W_N,>EQ  10-Y/R,LOW  SPEED,NO  PEDESTRIAN,  RL  >  2,acts-2,N,782,181,220.7205,0.026648000000000005
L1MAXMIN|BR|GAUSSIAN,OTHER  LANES,W_N,>EQ  10-Y/R,LOW  SPEED,NO  PEDESTRIAN,  RL  >  2,acts-2,N,782,230,234.901333,0.12185799999999991
L1MAXMIN|BR|GAUSSIAN,OTHER  LANES,W_N,>EQ  10-Y/R,LOW  SPEED,NO  PEDESTRIAN,  RL  >  2,acts-8,Y,782,144,109.109,0.0005499999999999394
L1MAXMIN|BR|GAUSSIAN,OTHER  LANES,W_N,>EQ  10-Y/R,LOW  SPEED,NO  PEDESTRIAN,  RL  >  2,acts-8,N,782,144,111.111,0
L1MAXMIN|BR|GAUSSIAN,OTHER  LANES,W_N,>EQ  10-Y/R,LOW  SPEED,NO  PEDESTRIAN,  RL  >  2,acts-8,N,782,144,119.119,0.334671
L1MAXMIN|BR|GAUSSIAN,OTHER  LANES,W_N,>EQ  10-Y/R,LOW  SPEED,NO  PEDESTRIAN,  RL  >  2,acts-8,N,782,144,120.12,0.3463689999999999
L1MAXMIN|BR|GAUSSIAN,OTHER  LANES,W_N,>EQ  10-G,LOW  SPEED,NO  PEDESTRIAN,RL  0,acts-2,Y,782,17,6.006,0
L1MAXMIN|BR|GAUSSIAN,OTHER  LANES,W_N,>EQ  10-G,LOW  SPEED,NO  PEDESTRIAN,RL  0,acts-2,Y,782,17,7.007,0
L1MAXMIN|BR|GAUSSIAN,OTHER  LANES,W_N,>EQ  10-G,LOW  SPEED,NO  PEDESTRIAN,RL  0,acts-2,Y,782,144,124.124,0
L1MAXMIN|BR|GAUSSIAN,OTHER  LANES,W_N,>EQ  10-G,LOW  SPEED,NO  PEDESTRIAN,  RL  <EQ  2,acts-2,N,782,138,107.107,0.005558000000000063
L1MAXMIN|BR|GAUSSIAN,OTHER  LANES,W_N,>EQ  10-G,LOW  SPEED,NO  PEDESTRIAN,  RL  <EQ  2,acts-2,Y,782,138,108.108,0.005872999999999906
L1MAXMIN|BR|GAUSSIAN,OTHER  LANES,W_N,>EQ  10-G,LOW  SPEED,NO  PEDESTRIAN,  RL  <EQ  2,acts-8,N,782,144,121.121,0.39166
L1MAXMIN|BR|GAUSSIAN,OTHER  LANES,W_N,>EQ  10-G,LOW  SPEED,NO  PEDESTRIAN,  RL  <EQ  2,acts-8,Y,782,144,122.122,0
L1MAXMIN|BR|GAUSSIAN,OTHER  LANES,W_N,>EQ  10-G,LOW  SPEED,NO  PEDESTRIAN,  RL  <EQ  2,acts-8,Y,782,144,123.123,0.007842000000000016
L1MAXMIN|BR|GAUSSIAN,OTHER  LANES,W_N,>EQ  10-G,LOW  SPEED,NO  PEDESTRIAN,  RL  >  2,acts-2,N,782,138,109.109,0
L1MAXMIN|BR|GAUSSIAN,OTHER  LANES,W_N,>EQ  10-G,LOW  SPEED,NO  PEDESTRIAN,  RL  >  2,acts-2,N,782,138,111.111,0.00041999999999997595
L1MAXMIN|BR|GAUSSIAN,OTHER  LANES,W_N,>EQ  10-G,LOW  SPEED,NO  PEDESTRIAN,  RL  >  2,acts-2,N,782,181,217.7175,0
L1MAXMIN|BR|GAUSSIAN,OTHER  LANES,W_N,>EQ  10-G,LOW  SPEED,NO  PEDESTRIAN,  RL  >  2,acts-2,Y,782,181,218.7185,0
L1MAXMIN|BR|GAUSSIAN,OTHER  LANES,W_N,>EQ  10-G,LOW  SPEED,NO  PEDESTRIAN,  RL  >  2,acts-2,Y,782,181,219.7195,0.012212
L1MAXMIN|BR|GAUSSIAN,OTHER  LANES,W_N,>EQ  10-G,LOW  SPEED,NO  PEDESTRIAN,  RL  >  2,acts-2,N,782,181,220.7205,0.026648000000000005
L1MAXMIN|BR|GAUSSIAN,OTHER  LANES,W_N,>EQ  10-G,LOW  SPEED,NO  PEDESTRIAN,  RL  >  2,acts-2,N,782,230,234.901333,0.12185799999999991
L1MAXMIN|BR|GAUSSIAN,OTHER  LANES,W_N,>EQ  10-G,LOW  SPEED,NO  PEDESTRIAN,  RL  >  2,acts-8,Y,782,144,109.109,0.0005499999999999394
L1MAXMIN|BR|GAUSSIAN,OTHER  LANES,W_N,>EQ  10-G,LOW  SPEED,NO  PEDESTRIAN,  RL  >  2,acts-8,N,782,144,111.111,0
L1MAXMIN|BR|GAUSSIAN,OTHER  LANES,W_N,>EQ  10-G,LOW  SPEED,NO  PEDESTRIAN,  RL  >  2,acts-8,N,782,144,119.119,0.334671
L1MAXMIN|BR|GAUSSIAN,OTHER  LANES,W_N,>EQ  10-G,LOW  SPEED,NO  PEDESTRIAN,  RL  >  2,acts-8,N,782,144,120.12,0.3463689999999999
L1MAXMIN|BR|GAUSSIAN,OTHER  LANES,E_S,>EQ  10-Y/R,LOW  SPEED,PEDESTRIAN,RL  0,acts-2,Y,782,13,6.006,0.0003670000000000062
L1MAXMIN|BR|GAUSSIAN,OTHER  LANES,E_S,>EQ  10-Y/R,LOW  SPEED,PEDESTRIAN,RL  0,acts-2,Y,782,13,7.007,0
L1MAXMIN|BR|GAUSSIAN,OTHER  LANES,E_S,>EQ  10-Y/R,LOW  SPEED,PEDESTRIAN,  RL  <EQ  2,acts-8,N,782,141,121.287833,9.999999999998899e-05
L1MAXMIN|BR|GAUSSIAN,OTHER  LANES,E_S,>EQ  10-Y/R,LOW  SPEED,PEDESTRIAN,  RL  <EQ  2,acts-8,Y,782,141,127.293833,0.006688999999999945
L1MAXMIN|BR|GAUSSIAN,OTHER  LANES,E_S,>EQ  10-Y/R,LOW  SPEED,PEDESTRIAN,  RL  <EQ  2,acts-8,Y,782,141,128.294833,0.00916399999999995
L1MAXMIN|BR|GAUSSIAN,OTHER  LANES,E_S,>EQ  10-Y/R,LOW  SPEED,PEDESTRIAN,  RL  <EQ  2,acts-8,N,782,153,126.126,0.0006579999999999364
L1MAXMIN|BR|GAUSSIAN,OTHER  LANES,E_S,>EQ  10-Y/R,LOW  SPEED,PEDESTRIAN,  RL  <EQ  2,acts-8,N,782,153,127.127,0.26742400000000005
L1MAXMIN|BR|GAUSSIAN,OTHER  LANES,E_S,>EQ  10-Y/R,LOW  SPEED,PEDESTRIAN,  RL  <EQ  2,acts-8,N,782,153,128.128,0.317286
L1MAXMIN|BR|GAUSSIAN,OTHER  LANES,E_S,>EQ  10-Y/R,LOW  SPEED,PEDESTRIAN,  RL  >  2,acts-2,Y,782,46,22.5225,0.0011539999999999884
L1MAXMIN|BR|GAUSSIAN,OTHER  LANES,E_S,>EQ  10-Y/R,LOW  SPEED,PEDESTRIAN,  RL  >  2,acts-2,Y,782,46,23.5235,0.01732100000000003
L1MAXMIN|BR|GAUSSIAN,OTHER  LANES,E_S,>EQ  10-Y/R,LOW  SPEED,PEDESTRIAN,  RL  >  2,acts-2,Y,782,46,26.5265,0.0020100000000000673
L1MAXMIN|BR|GAUSSIAN,OTHER  LANES,E_S,>EQ  10-Y/R,LOW  SPEED,PEDESTRIAN,  RL  >  2,acts-2,Y,782,46,27.5275,0
L1MAXMIN|BR|GAUSSIAN,OTHER  LANES,E_S,>EQ  10-Y/R,LOW  SPEED,PEDESTRIAN,  RL  >  2,acts-2,Y,782,46,28.5285,0
L1MAXMIN|BR|GAUSSIAN,OTHER  LANES,E_S,>EQ  10-Y/R,LOW  SPEED,PEDESTRIAN,  RL  >  2,acts-8,N,782,141,107.273833,0.008651000000000075
L1MAXMIN|BR|GAUSSIAN,OTHER  LANES,E_S,>EQ  10-Y/R,LOW  SPEED,PEDESTRIAN,  RL  >  2,acts-8,N,782,141,108.274833,0.009253999999999984
L1MAXMIN|BR|GAUSSIAN,OTHER  LANES,E_S,>EQ  10-Y/R,LOW  SPEED,PEDESTRIAN,  RL  >  2,acts-8,N,782,141,113.279833,0.08844299999999994
L1MAXMIN|BR|GAUSSIAN,OTHER  LANES,E_S,>EQ  10-Y/R,LOW  SPEED,PEDESTRIAN,  RL  >  2,acts-8,N,782,141,114.280833,0.09005399999999997
L1MAXMIN|BR|GAUSSIAN,OTHER  LANES,E_S,>EQ  10-Y/R,LOW  SPEED,PEDESTRIAN,  RL  >  2,acts-8,N,782,141,115.281833,0.08800000000000008
L1MAXMIN|BR|GAUSSIAN,OTHER  LANES,E_S,>EQ  10-Y/R,LOW  SPEED,PEDESTRIAN,  RL  >  2,acts-8,N,782,141,116.282833,7.2000000000072e-05
L1MAXMIN|BR|GAUSSIAN,OTHER  LANES,E_S,>EQ  10-Y/R,LOW  SPEED,PEDESTRIAN,  RL  >  2,acts-8,N,782,141,117.283833,9.599999999998499e-05
L1MAXMIN|BR|GAUSSIAN,OTHER  LANES,E_S,>EQ  10-Y/R,LOW  SPEED,PEDESTRIAN,  RL  >  2,acts-8,N,782,141,118.284833,3.300000000006076e-05
L1MAXMIN|BR|GAUSSIAN,OTHER  LANES,E_S,>EQ  10-Y/R,LOW  SPEED,PEDESTRIAN,  RL  >  2,acts-8,N,782,141,119.285833,8.000000000008e-06
L1MAXMIN|BR|GAUSSIAN,OTHER  LANES,E_S,>EQ  10-Y/R,LOW  SPEED,PEDESTRIAN,  RL  >  2,acts-8,N,782,141,120.286833,0.0009190000000000031
L1MAXMIN|BR|GAUSSIAN,OTHER  LANES,E_S,>EQ  10-Y/R,LOW  SPEED,PEDESTRIAN,  RL  >  2,acts-8,Y,782,153,116.116,0.003079000000000054
L1MAXMIN|BR|GAUSSIAN,OTHER  LANES,E_S,>EQ  10-Y/R,LOW  SPEED,NO  PEDESTRIAN,RL  0,acts-2,Y,782,141,207.373833,0.003473999999999977
L1MAXMIN|BR|GAUSSIAN,OTHER  LANES,E_S,>EQ  10-Y/R,LOW  SPEED,NO  PEDESTRIAN,RL  0,acts-2,Y,782,141,208.374833,0
L1MAXMIN|BR|GAUSSIAN,OTHER  LANES,E_S,>EQ  10-Y/R,LOW  SPEED,NO  PEDESTRIAN,RL  0,acts-2,N,782,172,211.377833,0.0015209999999999946
L1MAXMIN|BR|GAUSSIAN,OTHER  LANES,E_S,>EQ  10-Y/R,LOW  SPEED,NO  PEDESTRIAN,RL  0,acts-2,Y,782,172,212.378833,0
L1MAXMIN|BR|GAUSSIAN,OTHER  LANES,E_S,>EQ  10-Y/R,LOW  SPEED,NO  PEDESTRIAN,RL  0,acts-2,Y,782,172,213.379833,0
L1MAXMIN|BR|GAUSSIAN,OTHER  LANES,E_S,>EQ  10-Y/R,LOW  SPEED,NO  PEDESTRIAN,RL  0,acts-2,Y,782,172,214.380833,0
L1MAXMIN|BR|GAUSSIAN,OTHER  LANES,E_S,>EQ  10-Y/R,LOW  SPEED,NO  PEDESTRIAN,  RL  <EQ  2,acts-8,Y,782,141,129.295833,0.009608000000000061
L1MAXMIN|BR|GAUSSIAN,OTHER  LANES,E_S,>EQ  10-Y/R,LOW  SPEED,NO  PEDESTRIAN,  RL  <EQ  2,acts-8,Y,782,141,130.296833,0.010139999999999927
L1MAXMIN|BR|GAUSSIAN,OTHER  LANES,E_S,>EQ  10-Y/R,LOW  SPEED,NO  PEDESTRIAN,  RL  <EQ  2,acts-8,N,782,153,129.129,0.34633900000000006
L1MAXMIN|BR|GAUSSIAN,OTHER  LANES,E_S,>EQ  10-G,LOW  SPEED,PEDESTRIAN,RL  0,acts-2,Y,782,13,6.006,0.0003670000000000062
L1MAXMIN|BR|GAUSSIAN,OTHER  LANES,E_S,>EQ  10-G,LOW  SPEED,PEDESTRIAN,RL  0,acts-2,Y,782,13,7.007,0
L1MAXMIN|BR|GAUSSIAN,OTHER  LANES,E_S,>EQ  10-G,LOW  SPEED,PEDESTRIAN,  RL  <EQ  2,acts-8,N,782,141,121.287833,9.999999999998899e-05
L1MAXMIN|BR|GAUSSIAN,OTHER  LANES,E_S,>EQ  10-G,LOW  SPEED,PEDESTRIAN,  RL  <EQ  2,acts-8,Y,782,141,127.293833,0.006688999999999945
L1MAXMIN|BR|GAUSSIAN,OTHER  LANES,E_S,>EQ  10-G,LOW  SPEED,PEDESTRIAN,  RL  <EQ  2,acts-8,Y,782,141,128.294833,0.00916399999999995
L1MAXMIN|BR|GAUSSIAN,OTHER  LANES,E_S,>EQ  10-G,LOW  SPEED,PEDESTRIAN,  RL  <EQ  2,acts-8,N,782,153,126.126,0.0006579999999999364
L1MAXMIN|BR|GAUSSIAN,OTHER  LANES,E_S,>EQ  10-G,LOW  SPEED,PEDESTRIAN,  RL  <EQ  2,acts-8,N,782,153,127.127,0.26742400000000005
L1MAXMIN|BR|GAUSSIAN,OTHER  LANES,E_S,>EQ  10-G,LOW  SPEED,PEDESTRIAN,  RL  <EQ  2,acts-8,N,782,153,128.128,0.317286
L1MAXMIN|BR|GAUSSIAN,OTHER  LANES,E_S,>EQ  10-G,LOW  SPEED,PEDESTRIAN,  RL  >  2,acts-2,Y,782,46,22.5225,0.0011539999999999884
L1MAXMIN|BR|GAUSSIAN,OTHER  LANES,E_S,>EQ  10-G,LOW  SPEED,PEDESTRIAN,  RL  >  2,acts-2,Y,782,46,23.5235,0.01732100000000003
L1MAXMIN|BR|GAUSSIAN,OTHER  LANES,E_S,>EQ  10-G,LOW  SPEED,PEDESTRIAN,  RL  >  2,acts-2,Y,782,46,26.5265,0.0020100000000000673
L1MAXMIN|BR|GAUSSIAN,OTHER  LANES,E_S,>EQ  10-G,LOW  SPEED,PEDESTRIAN,  RL  >  2,acts-2,Y,782,46,27.5275,0
L1MAXMIN|BR|GAUSSIAN,OTHER  LANES,E_S,>EQ  10-G,LOW  SPEED,PEDESTRIAN,  RL  >  2,acts-2,Y,782,46,28.5285,0
L1MAXMIN|BR|GAUSSIAN,OTHER  LANES,E_S,>EQ  10-G,LOW  SPEED,PEDESTRIAN,  RL  >  2,acts-8,N,782,141,107.273833,0.008651000000000075
L1MAXMIN|BR|GAUSSIAN,OTHER  LANES,E_S,>EQ  10-G,LOW  SPEED,PEDESTRIAN,  RL  >  2,acts-8,N,782,141,108.274833,0.009253999999999984
L1MAXMIN|BR|GAUSSIAN,OTHER  LANES,E_S,>EQ  10-G,LOW  SPEED,PEDESTRIAN,  RL  >  2,acts-8,N,782,141,113.279833,0.08844299999999994
L1MAXMIN|BR|GAUSSIAN,OTHER  LANES,E_S,>EQ  10-G,LOW  SPEED,PEDESTRIAN,  RL  >  2,acts-8,N,782,141,114.280833,0.09005399999999997
L1MAXMIN|BR|GAUSSIAN,OTHER  LANES,E_S,>EQ  10-G,LOW  SPEED,PEDESTRIAN,  RL  >  2,acts-8,N,782,141,115.281833,0.08800000000000008
L1MAXMIN|BR|GAUSSIAN,OTHER  LANES,E_S,>EQ  10-G,LOW  SPEED,PEDESTRIAN,  RL  >  2,acts-8,N,782,141,116.282833,7.2000000000072e-05
L1MAXMIN|BR|GAUSSIAN,OTHER  LANES,E_S,>EQ  10-G,LOW  SPEED,PEDESTRIAN,  RL  >  2,acts-8,N,782,141,117.283833,9.599999999998499e-05
L1MAXMIN|BR|GAUSSIAN,OTHER  LANES,E_S,>EQ  10-G,LOW  SPEED,PEDESTRIAN,  RL  >  2,acts-8,N,782,141,118.284833,3.300000000006076e-05
L1MAXMIN|BR|GAUSSIAN,OTHER  LANES,E_S,>EQ  10-G,LOW  SPEED,PEDESTRIAN,  RL  >  2,acts-8,N,782,141,119.285833,8.000000000008e-06
L1MAXMIN|BR|GAUSSIAN,OTHER  LANES,E_S,>EQ  10-G,LOW  SPEED,PEDESTRIAN,  RL  >  2,acts-8,N,782,141,120.286833,0.0009190000000000031
L1MAXMIN|BR|GAUSSIAN,OTHER  LANES,E_S,>EQ  10-G,LOW  SPEED,PEDESTRIAN,  RL  >  2,acts-8,Y,782,153,116.116,0.003079000000000054
L1MAXMIN|BR|GAUSSIAN,OTHER  LANES,E_S,>EQ  10-G,LOW  SPEED,NO  PEDESTRIAN,RL  0,acts-2,Y,782,141,207.373833,0.003473999999999977
L1MAXMIN|BR|GAUSSIAN,OTHER  LANES,E_S,>EQ  10-G,LOW  SPEED,NO  PEDESTRIAN,RL  0,acts-2,Y,782,141,208.374833,0
L1MAXMIN|BR|GAUSSIAN,OTHER  LANES,E_S,>EQ  10-G,LOW  SPEED,NO  PEDESTRIAN,RL  0,acts-2,N,782,172,211.377833,0.0015209999999999946
L1MAXMIN|BR|GAUSSIAN,OTHER  LANES,E_S,>EQ  10-G,LOW  SPEED,NO  PEDESTRIAN,RL  0,acts-2,Y,782,172,212.378833,0
L1MAXMIN|BR|GAUSSIAN,OTHER  LANES,E_S,>EQ  10-G,LOW  SPEED,NO  PEDESTRIAN,RL  0,acts-2,Y,782,172,213.379833,0
L1MAXMIN|BR|GAUSSIAN,OTHER  LANES,E_S,>EQ  10-G,LOW  SPEED,NO  PEDESTRIAN,RL  0,acts-2,Y,782,172,214.380833,0
L1MAXMIN|BR|GAUSSIAN,OTHER  LANES,E_S,>EQ  10-G,LOW  SPEED,NO  PEDESTRIAN,  RL  <EQ  2,acts-8,Y,782,141,129.295833,0.009608000000000061
L1MAXMIN|BR|GAUSSIAN,OTHER  LANES,E_S,>EQ  10-G,LOW  SPEED,NO  PEDESTRIAN,  RL  <EQ  2,acts-8,Y,782,141,130.296833,0.010139999999999927
L1MAXMIN|BR|GAUSSIAN,OTHER  LANES,E_S,>EQ  10-G,LOW  SPEED,NO  PEDESTRIAN,  RL  <EQ  2,acts-8,N,782,153,129.129,0.34633900000000006
L1MAXMIN|BR|GAUSSIAN,prep-right-turn,W_S,<10-Y/R,LOW  SPEED,PEDESTRIAN,RL  0,acts-4,N,782,72,48.214833,0.030510000000000037
L1MAXMIN|BR|GAUSSIAN,prep-right-turn,W_S,<10-Y/R,LOW  SPEED,PEDESTRIAN,  RL  <EQ  2,acts-4,Y,782,155,135.468667,0
L1MAXMIN|BR|GAUSSIAN,prep-right-turn,W_S,<10-Y/R,LOW  SPEED,PEDESTRIAN,  RL  <EQ  2,acts-4,Y,782,156,138.304833,0.004353000000000051
L1MAXMIN|BR|GAUSSIAN,prep-right-turn,W_S,<10-Y/R,LOW  SPEED,PEDESTRIAN,  RL  <EQ  2,acts-4,Y,782,162,142.142,0
L1MAXMIN|BR|GAUSSIAN,prep-right-turn,W_S,<10-Y/R,LOW  SPEED,NO  PEDESTRIAN,RL  0,acts-2,N,782,240,236.236,0.025654999999999983
L1MAXMIN|BR|GAUSSIAN,prep-right-turn,W_S,<10-Y/R,LOW  SPEED,NO  PEDESTRIAN,RL  0,acts-2,N,782,243,239.906333,0.030074999999999963
L1MAXMIN|BR|GAUSSIAN,prep-right-turn,W_S,<10-G,LOW  SPEED,PEDESTRIAN,  RL  <EQ  2,acts-4,Y,782,155,135.468667,0
L1MAXMIN|BR|GAUSSIAN,prep-right-turn,W_S,<10-G,LOW  SPEED,PEDESTRIAN,  RL  <EQ  2,acts-4,Y,782,156,138.304833,0.004353000000000051
L1MAXMIN|BR|GAUSSIAN,prep-right-turn,W_S,<10-G,LOW  SPEED,NO  PEDESTRIAN,RL  0,acts-2,N,782,240,236.236,0.025654999999999983
L1MAXMIN|BR|GAUSSIAN,prep-right-turn,W_S,<10-G,LOW  SPEED,NO  PEDESTRIAN,RL  0,acts-2,N,782,243,239.906333,0.030074999999999963
L1MAXMIN|BR|GAUSSIAN,prep-right-turn,W_S,>EQ  10-Y/R,LOW  SPEED,PEDESTRIAN,  RL  <EQ  2,acts-4,N,782,147,113.446667,0.02693600000000007
L1MAXMIN|BR|GAUSSIAN,prep-right-turn,W_S,>EQ  10-Y/R,LOW  SPEED,NO  PEDESTRIAN,RL  0,acts-2,N,782,237,233.233,0.0003069999999999462
L1MAXMIN|BR|GAUSSIAN,prep-right-turn,W_S,>EQ  10-G,LOW  SPEED,PEDESTRIAN,  RL  <EQ  2,acts-4,N,782,147,113.446667,0.02693600000000007
L1MAXMIN|BR|GAUSSIAN,prep-right-turn,W_S,>EQ  10-G,LOW  SPEED,NO  PEDESTRIAN,RL  0,acts-2,N,782,237,233.233,0.0003069999999999462
L1MAXMIN|BR|GAUSSIAN,exec-right-turn,W_S,<10-Y/R,LOW  SPEED,PEDESTRIAN,RL  0,acts-2,Y,782,56,46.5465,0.0027490000000000014
L1MAXMIN|BR|GAUSSIAN,exec-right-turn,W_S,<10-Y/R,LOW  SPEED,PEDESTRIAN,RL  0,acts-2,Y,782,72,49.215833,0
L1MAXMIN|BR|GAUSSIAN,exec-right-turn,W_S,<10-Y/R,LOW  SPEED,PEDESTRIAN,RL  0,acts-2,Y,782,243,240.907333,0
L1MAXMIN|BR|GAUSSIAN,exec-right-turn,W_S,<10-Y/R,LOW  SPEED,PEDESTRIAN,RL  0,acts-2,N,782,243,241.908333,0.0022119999999999918
L1MAXMIN|BR|GAUSSIAN,exec-right-turn,W_S,<10-Y/R,LOW  SPEED,PEDESTRIAN,  RL  <EQ  2,acts-2,Y,782,155,136.469667,0.0015410000000000146
L1MAXMIN|BR|GAUSSIAN,exec-right-turn,W_S,<10-Y/R,LOW  SPEED,PEDESTRIAN,  RL  <EQ  2,acts-2,Y,782,156,139.305833,0
L1MAXMIN|BR|GAUSSIAN,exec-right-turn,W_S,<10-Y/R,LOW  SPEED,NO  PEDESTRIAN,RL  0,acts-2,Y,782,240,237.237,0.0015739999999999643
L1MAXMIN|BR|GAUSSIAN,exec-right-turn,W_S,<10-Y/R,LOW  SPEED,NO  PEDESTRIAN,RL  0,acts-2,N,782,240,238.238,0
L1MAXMIN|BR|GAUSSIAN,exec-right-turn,W_S,<10-G,LOW  SPEED,PEDESTRIAN,RL  0,acts-2,Y,782,243,240.907333,0
L1MAXMIN|BR|GAUSSIAN,exec-right-turn,W_S,<10-G,LOW  SPEED,PEDESTRIAN,RL  0,acts-2,N,782,243,241.908333,0.0022119999999999918
L1MAXMIN|BR|GAUSSIAN,exec-right-turn,W_S,<10-G,LOW  SPEED,PEDESTRIAN,  RL  <EQ  2,acts-2,Y,782,155,136.469667,0.0015410000000000146
L1MAXMIN|BR|GAUSSIAN,exec-right-turn,W_S,<10-G,LOW  SPEED,PEDESTRIAN,  RL  <EQ  2,acts-2,Y,782,156,139.305833,0
L1MAXMIN|BR|GAUSSIAN,exec-right-turn,W_S,<10-G,LOW  SPEED,NO  PEDESTRIAN,RL  0,acts-2,Y,782,240,237.237,0.0015739999999999643
L1MAXMIN|BR|GAUSSIAN,exec-right-turn,W_S,<10-G,LOW  SPEED,NO  PEDESTRIAN,RL  0,acts-2,N,782,240,238.238,0
L1MAXMIN|BR|GAUSSIAN,exec-right-turn,W_S,>EQ  10-Y/R,LOW  SPEED,PEDESTRIAN,RL  0,acts-2,Y,782,10,28.028,0.002821999999999991
L1MAXMIN|BR|GAUSSIAN,exec-right-turn,W_S,>EQ  10-Y/R,LOW  SPEED,PEDESTRIAN,RL  0,acts-2,Y,782,154,129.796333,0.005209000000000019
L1MAXMIN|BR|GAUSSIAN,exec-right-turn,W_S,>EQ  10-Y/R,LOW  SPEED,NO  PEDESTRIAN,RL  0,acts-2,Y,782,237,234.234,0
L1MAXMIN|BR|GAUSSIAN,exec-right-turn,W_S,>EQ  10-G,LOW  SPEED,PEDESTRIAN,RL  0,acts-2,Y,782,10,28.028,0.002821999999999991
L1MAXMIN|BR|GAUSSIAN,exec-right-turn,W_S,>EQ  10-G,LOW  SPEED,PEDESTRIAN,RL  0,acts-2,Y,782,154,129.796333,0.005209000000000019
L1MAXMIN|BR|GAUSSIAN,exec-right-turn,W_S,>EQ  10-G,LOW  SPEED,NO  PEDESTRIAN,RL  0,acts-2,Y,782,237,234.234,0
L1MAXMIN|BR|GAUSSIAN,exec-right-turn,S_E,>EQ  10-Y/R,LOW  SPEED,NO  PEDESTRIAN,RL  0,acts-2,Y,782,186,170.336833,0.0012499999999999734
L1MAXMIN|BR|GAUSSIAN,exec-right-turn,S_E,>EQ  10-G,LOW  SPEED,NO  PEDESTRIAN,RL  0,acts-2,Y,782,186,170.336833,0.0012499999999999734
